solid OpenSCAD_Model
  facet normal -0.0429895 -0.999076 0
    outer loop
      vertex 14.6514 110.015 3
      vertex 15 110 9
      vertex 14.6514 110.015 9
    endloop
  endfacet
  facet normal -0.0429895 -0.999076 -0
    outer loop
      vertex 15 110 9
      vertex 14.6514 110.015 3
      vertex 15 110 3
    endloop
  endfacet
  facet normal 0.5363 -0.844027 0
    outer loop
      vertex 17 110.536 3
      vertex 17.2943 110.723 9
      vertex 17 110.536 9
    endloop
  endfacet
  facet normal 0.5363 -0.844027 0
    outer loop
      vertex 17.2943 110.723 9
      vertex 17 110.536 3
      vertex 17.2943 110.723 3
    endloop
  endfacet
  facet normal 0.991427 0.130662 0
    outer loop
      vertex 18.9848 114.349 9
      vertex 18.9392 114.695 3
      vertex 18.9392 114.695 9
    endloop
  endfacet
  facet normal 0.991427 0.130662 0
    outer loop
      vertex 18.9392 114.695 3
      vertex 18.9848 114.349 9
      vertex 18.9848 114.349 3
    endloop
  endfacet
  facet normal 0.999053 0.0435118 0
    outer loop
      vertex 19 114 9
      vertex 18.9848 114.349 3
      vertex 18.9848 114.349 9
    endloop
  endfacet
  facet normal 0.999053 0.0435118 0
    outer loop
      vertex 18.9848 114.349 3
      vertex 19 114 9
      vertex 19 114 3
    endloop
  endfacet
  facet normal 0.976221 0.216778 0
    outer loop
      vertex 18.9392 114.695 9
      vertex 18.8637 115.035 3
      vertex 18.8637 115.035 9
    endloop
  endfacet
  facet normal 0.976221 0.216778 0
    outer loop
      vertex 18.8637 115.035 3
      vertex 18.9392 114.695 9
      vertex 18.9392 114.695 3
    endloop
  endfacet
  facet normal 0 0 1
    outer loop
      vertex 16.6 114 9
      vertex 19 114 9
      vertex 18.9848 114.349 9
    endloop
  endfacet
  facet normal 0 0 1
    outer loop
      vertex 16.5939 114.139 9
      vertex 18.9848 114.349 9
      vertex 18.9392 114.695 9
    endloop
  endfacet
  facet normal 0 0 1
    outer loop
      vertex 19 114 9
      vertex 16.6 114 9
      vertex 18.9848 113.651 9
    endloop
  endfacet
  facet normal 0 0 1
    outer loop
      vertex 16.5757 114.278 9
      vertex 18.9392 114.695 9
      vertex 18.8637 115.035 9
    endloop
  endfacet
  facet normal -0 0 1
    outer loop
      vertex 16.5939 113.861 9
      vertex 18.9848 113.651 9
      vertex 16.6 114 9
    endloop
  endfacet
  facet normal 0 0 1
    outer loop
      vertex 16.5455 114.414 9
      vertex 18.8637 115.035 9
      vertex 18.7588 115.368 9
    endloop
  endfacet
  facet normal 0 0 1
    outer loop
      vertex 18.9848 113.651 9
      vertex 16.5939 113.861 9
      vertex 18.9392 113.305 9
    endloop
  endfacet
  facet normal 0 0 1
    outer loop
      vertex 16.5035 114.547 9
      vertex 18.7588 115.368 9
      vertex 18.6252 115.69 9
    endloop
  endfacet
  facet normal -0 0 1
    outer loop
      vertex 16.5757 113.722 9
      vertex 18.9392 113.305 9
      vertex 16.5939 113.861 9
    endloop
  endfacet
  facet normal 0 0 1
    outer loop
      vertex 16.4501 114.676 9
      vertex 18.6252 115.69 9
      vertex 18.4641 116 9
    endloop
  endfacet
  facet normal 0 0 1
    outer loop
      vertex 18.9392 113.305 9
      vertex 16.5757 113.722 9
      vertex 18.8637 112.965 9
    endloop
  endfacet
  facet normal 0 0 1
    outer loop
      vertex 16.3856 114.8 9
      vertex 18.4641 116 9
      vertex 18.2766 116.294 9
    endloop
  endfacet
  facet normal -0 0 1
    outer loop
      vertex 16.5455 113.586 9
      vertex 18.8637 112.965 9
      vertex 16.5757 113.722 9
    endloop
  endfacet
  facet normal 0 0 1
    outer loop
      vertex 16.3106 114.918 9
      vertex 18.2766 116.294 9
      vertex 18.0642 116.571 9
    endloop
  endfacet
  facet normal 0 0 1
    outer loop
      vertex 18.8637 112.965 9
      vertex 16.5455 113.586 9
      vertex 18.7588 112.632 9
    endloop
  endfacet
  facet normal 0 0 1
    outer loop
      vertex 16.2257 115.028 9
      vertex 18.0642 116.571 9
      vertex 17.8284 116.828 9
    endloop
  endfacet
  facet normal -0 0 1
    outer loop
      vertex 16.5035 113.453 9
      vertex 18.7588 112.632 9
      vertex 16.5455 113.586 9
    endloop
  endfacet
  facet normal 0 0 1
    outer loop
      vertex 16.1314 115.131 9
      vertex 17.8284 116.828 9
      vertex 17.5711 117.064 9
    endloop
  endfacet
  facet normal 0 0 1
    outer loop
      vertex 18.7588 112.632 9
      vertex 16.5035 113.453 9
      vertex 18.6252 112.31 9
    endloop
  endfacet
  facet normal 0 0 1
    outer loop
      vertex 16.0285 115.226 9
      vertex 17.5711 117.064 9
      vertex 17.2943 117.277 9
    endloop
  endfacet
  facet normal -0 0 1
    outer loop
      vertex 16.4501 113.324 9
      vertex 18.6252 112.31 9
      vertex 16.5035 113.453 9
    endloop
  endfacet
  facet normal 0 0 1
    outer loop
      vertex 15.9177 115.311 9
      vertex 17.2943 117.277 9
      vertex 17 117.464 9
    endloop
  endfacet
  facet normal 0 0 1
    outer loop
      vertex 18.6252 112.31 9
      vertex 16.4501 113.324 9
      vertex 18.4641 112 9
    endloop
  endfacet
  facet normal 0 0 1
    outer loop
      vertex 15.8 115.386 9
      vertex 17 117.464 9
      vertex 16.6905 117.625 9
    endloop
  endfacet
  facet normal -0 0 1
    outer loop
      vertex 16.3856 113.2 9
      vertex 18.4641 112 9
      vertex 16.4501 113.324 9
    endloop
  endfacet
  facet normal 0 0 1
    outer loop
      vertex 18.4641 112 9
      vertex 16.3856 113.2 9
      vertex 18.2766 111.706 9
    endloop
  endfacet
  facet normal 0 0 1
    outer loop
      vertex 18.9848 114.349 9
      vertex 16.5939 114.139 9
      vertex 16.6 114 9
    endloop
  endfacet
  facet normal 0 0 1
    outer loop
      vertex 18.9392 114.695 9
      vertex 16.5757 114.278 9
      vertex 16.5939 114.139 9
    endloop
  endfacet
  facet normal 0 0 1
    outer loop
      vertex 18.8637 115.035 9
      vertex 16.5455 114.414 9
      vertex 16.5757 114.278 9
    endloop
  endfacet
  facet normal 0 0 1
    outer loop
      vertex 18.7588 115.368 9
      vertex 16.5035 114.547 9
      vertex 16.5455 114.414 9
    endloop
  endfacet
  facet normal 0 0 1
    outer loop
      vertex 18.6252 115.69 9
      vertex 16.4501 114.676 9
      vertex 16.5035 114.547 9
    endloop
  endfacet
  facet normal 0 0 1
    outer loop
      vertex 18.4641 116 9
      vertex 16.3856 114.8 9
      vertex 16.4501 114.676 9
    endloop
  endfacet
  facet normal 0 0 1
    outer loop
      vertex 15.6762 115.45 9
      vertex 16.6905 117.625 9
      vertex 16.3681 117.759 9
    endloop
  endfacet
  facet normal 0 0 1
    outer loop
      vertex 18.2766 116.294 9
      vertex 16.3106 114.918 9
      vertex 16.3856 114.8 9
    endloop
  endfacet
  facet normal 0 0 1
    outer loop
      vertex 18.0642 116.571 9
      vertex 16.2257 115.028 9
      vertex 16.3106 114.918 9
    endloop
  endfacet
  facet normal 0 0 1
    outer loop
      vertex 17.8284 116.828 9
      vertex 16.1314 115.131 9
      vertex 16.2257 115.028 9
    endloop
  endfacet
  facet normal 0 0 1
    outer loop
      vertex 15.5472 115.504 9
      vertex 16.3681 117.759 9
      vertex 16.0353 117.864 9
    endloop
  endfacet
  facet normal 0 0 1
    outer loop
      vertex 17.5711 117.064 9
      vertex 16.0285 115.226 9
      vertex 16.1314 115.131 9
    endloop
  endfacet
  facet normal 0 0 1
    outer loop
      vertex 17.2943 117.277 9
      vertex 15.9177 115.311 9
      vertex 16.0285 115.226 9
    endloop
  endfacet
  facet normal 0 0 1
    outer loop
      vertex 17 117.464 9
      vertex 15.8 115.386 9
      vertex 15.9177 115.311 9
    endloop
  endfacet
  facet normal 0 0 1
    outer loop
      vertex 15.4141 115.545 9
      vertex 16.0353 117.864 9
      vertex 15.6946 117.939 9
    endloop
  endfacet
  facet normal 0 0 1
    outer loop
      vertex 16.6905 117.625 9
      vertex 15.6762 115.45 9
      vertex 15.8 115.386 9
    endloop
  endfacet
  facet normal 0 0 1
    outer loop
      vertex 16.3681 117.759 9
      vertex 15.5472 115.504 9
      vertex 15.6762 115.45 9
    endloop
  endfacet
  facet normal 0 0 1
    outer loop
      vertex 16.0353 117.864 9
      vertex 15.4141 115.545 9
      vertex 15.5472 115.504 9
    endloop
  endfacet
  facet normal 0 0 1
    outer loop
      vertex 15.2778 115.576 9
      vertex 15.6946 117.939 9
      vertex 15.3486 117.985 9
    endloop
  endfacet
  facet normal 0 0 1
    outer loop
      vertex 15.6946 117.939 9
      vertex 15.2778 115.576 9
      vertex 15.4141 115.545 9
    endloop
  endfacet
  facet normal 0 0 1
    outer loop
      vertex 15.3486 117.985 9
      vertex 15.1394 115.594 9
      vertex 15.2778 115.576 9
    endloop
  endfacet
  facet normal 0 0 1
    outer loop
      vertex 15 118 9
      vertex 15.1394 115.594 9
      vertex 15.3486 117.985 9
    endloop
  endfacet
  facet normal 0 0 1
    outer loop
      vertex 15 118 9
      vertex 15 115.6 9
      vertex 15.1394 115.594 9
    endloop
  endfacet
  facet normal 0 0 1
    outer loop
      vertex 15 118 9
      vertex 14.8605 115.594 9
      vertex 15 115.6 9
    endloop
  endfacet
  facet normal -0 0 1
    outer loop
      vertex 14.6514 117.985 9
      vertex 14.8605 115.594 9
      vertex 15 118 9
    endloop
  endfacet
  facet normal 0 0 1
    outer loop
      vertex 14.8605 115.594 9
      vertex 14.6514 117.985 9
      vertex 14.7222 115.576 9
    endloop
  endfacet
  facet normal -0 0 1
    outer loop
      vertex 14.3054 117.939 9
      vertex 14.7222 115.576 9
      vertex 14.6514 117.985 9
    endloop
  endfacet
  facet normal 0 0 1
    outer loop
      vertex 14.7222 115.576 9
      vertex 14.3054 117.939 9
      vertex 14.5859 115.545 9
    endloop
  endfacet
  facet normal -0 0 1
    outer loop
      vertex 13.9647 117.864 9
      vertex 14.5859 115.545 9
      vertex 14.3054 117.939 9
    endloop
  endfacet
  facet normal 0 0 1
    outer loop
      vertex 14.5859 115.545 9
      vertex 13.9647 117.864 9
      vertex 14.4528 115.504 9
    endloop
  endfacet
  facet normal -0 0 1
    outer loop
      vertex 13.6319 117.759 9
      vertex 14.4528 115.504 9
      vertex 13.9647 117.864 9
    endloop
  endfacet
  facet normal 0 0 1
    outer loop
      vertex 14.4528 115.504 9
      vertex 13.6319 117.759 9
      vertex 14.3238 115.45 9
    endloop
  endfacet
  facet normal -0 0 1
    outer loop
      vertex 13.3095 117.625 9
      vertex 14.3238 115.45 9
      vertex 13.6319 117.759 9
    endloop
  endfacet
  facet normal 0 0 1
    outer loop
      vertex 14.3238 115.45 9
      vertex 13.3095 117.625 9
      vertex 14.2 115.386 9
    endloop
  endfacet
  facet normal -0 0 1
    outer loop
      vertex 13 117.464 9
      vertex 14.2 115.386 9
      vertex 13.3095 117.625 9
    endloop
  endfacet
  facet normal 0 0 1
    outer loop
      vertex 14.2 115.386 9
      vertex 13 117.464 9
      vertex 14.0823 115.311 9
    endloop
  endfacet
  facet normal -0 0 1
    outer loop
      vertex 12.7057 117.277 9
      vertex 14.0823 115.311 9
      vertex 13 117.464 9
    endloop
  endfacet
  facet normal 0 0 1
    outer loop
      vertex 14.0823 115.311 9
      vertex 12.7057 117.277 9
      vertex 13.9715 115.226 9
    endloop
  endfacet
  facet normal -0 0 1
    outer loop
      vertex 12.4288 117.064 9
      vertex 13.9715 115.226 9
      vertex 12.7057 117.277 9
    endloop
  endfacet
  facet normal 0 0 1
    outer loop
      vertex 13.9715 115.226 9
      vertex 12.4288 117.064 9
      vertex 13.8686 115.131 9
    endloop
  endfacet
  facet normal -0 0 1
    outer loop
      vertex 12.1716 116.828 9
      vertex 13.8686 115.131 9
      vertex 12.4288 117.064 9
    endloop
  endfacet
  facet normal 0 0 1
    outer loop
      vertex 13.8686 115.131 9
      vertex 12.1716 116.828 9
      vertex 13.7743 115.028 9
    endloop
  endfacet
  facet normal -0 0 1
    outer loop
      vertex 11.9358 116.571 9
      vertex 13.7743 115.028 9
      vertex 12.1716 116.828 9
    endloop
  endfacet
  facet normal 0 0 1
    outer loop
      vertex 13.7743 115.028 9
      vertex 11.9358 116.571 9
      vertex 13.6894 114.918 9
    endloop
  endfacet
  facet normal 0 0 1
    outer loop
      vertex 13.6894 114.918 9
      vertex 11.7234 116.294 9
      vertex 13.6144 114.8 9
    endloop
  endfacet
  facet normal -0 0 1
    outer loop
      vertex 11.7234 116.294 9
      vertex 13.6894 114.918 9
      vertex 11.9358 116.571 9
    endloop
  endfacet
  facet normal -0 0 1
    outer loop
      vertex 16.3106 113.082 9
      vertex 18.2766 111.706 9
      vertex 16.3856 113.2 9
    endloop
  endfacet
  facet normal 0 0 1
    outer loop
      vertex 18.2766 111.706 9
      vertex 16.3106 113.082 9
      vertex 18.0642 111.429 9
    endloop
  endfacet
  facet normal -0 0 1
    outer loop
      vertex 16.2257 112.972 9
      vertex 18.0642 111.429 9
      vertex 16.3106 113.082 9
    endloop
  endfacet
  facet normal 0 0 1
    outer loop
      vertex 18.0642 111.429 9
      vertex 16.2257 112.972 9
      vertex 17.8284 111.172 9
    endloop
  endfacet
  facet normal -0 0 1
    outer loop
      vertex 16.1314 112.869 9
      vertex 17.8284 111.172 9
      vertex 16.2257 112.972 9
    endloop
  endfacet
  facet normal 0 0 1
    outer loop
      vertex 17.8284 111.172 9
      vertex 16.1314 112.869 9
      vertex 17.5711 110.936 9
    endloop
  endfacet
  facet normal -0 0 1
    outer loop
      vertex 16.0285 112.774 9
      vertex 17.5711 110.936 9
      vertex 16.1314 112.869 9
    endloop
  endfacet
  facet normal 0 0 1
    outer loop
      vertex 17.5711 110.936 9
      vertex 16.0285 112.774 9
      vertex 17.2943 110.723 9
    endloop
  endfacet
  facet normal -0 0 1
    outer loop
      vertex 15.9177 112.689 9
      vertex 17.2943 110.723 9
      vertex 16.0285 112.774 9
    endloop
  endfacet
  facet normal 0 0 1
    outer loop
      vertex 17.2943 110.723 9
      vertex 15.9177 112.689 9
      vertex 17 110.536 9
    endloop
  endfacet
  facet normal -0 0 1
    outer loop
      vertex 15.8 112.614 9
      vertex 17 110.536 9
      vertex 15.9177 112.689 9
    endloop
  endfacet
  facet normal 0 0 1
    outer loop
      vertex 17 110.536 9
      vertex 15.8 112.614 9
      vertex 16.6905 110.375 9
    endloop
  endfacet
  facet normal -0 0 1
    outer loop
      vertex 15.6762 112.55 9
      vertex 16.6905 110.375 9
      vertex 15.8 112.614 9
    endloop
  endfacet
  facet normal 0 0 1
    outer loop
      vertex 16.6905 110.375 9
      vertex 15.6762 112.55 9
      vertex 16.3681 110.241 9
    endloop
  endfacet
  facet normal -0 0 1
    outer loop
      vertex 15.5472 112.496 9
      vertex 16.3681 110.241 9
      vertex 15.6762 112.55 9
    endloop
  endfacet
  facet normal 0 0 1
    outer loop
      vertex 16.3681 110.241 9
      vertex 15.5472 112.496 9
      vertex 16.0353 110.136 9
    endloop
  endfacet
  facet normal -0 0 1
    outer loop
      vertex 15.4141 112.455 9
      vertex 16.0353 110.136 9
      vertex 15.5472 112.496 9
    endloop
  endfacet
  facet normal 0 0 1
    outer loop
      vertex 16.0353 110.136 9
      vertex 15.4141 112.455 9
      vertex 15.6946 110.061 9
    endloop
  endfacet
  facet normal -0 0 1
    outer loop
      vertex 15.2778 112.424 9
      vertex 15.6946 110.061 9
      vertex 15.4141 112.455 9
    endloop
  endfacet
  facet normal 0 0 1
    outer loop
      vertex 15.6946 110.061 9
      vertex 15.2778 112.424 9
      vertex 15.3486 110.015 9
    endloop
  endfacet
  facet normal -0 0 1
    outer loop
      vertex 15.1394 112.406 9
      vertex 15.3486 110.015 9
      vertex 15.2778 112.424 9
    endloop
  endfacet
  facet normal -0 0 1
    outer loop
      vertex 15 112.4 9
      vertex 15.3486 110.015 9
      vertex 15.1394 112.406 9
    endloop
  endfacet
  facet normal 0 0 1
    outer loop
      vertex 15 112.4 9
      vertex 15 110 9
      vertex 15.3486 110.015 9
    endloop
  endfacet
  facet normal 0 0 1
    outer loop
      vertex 14.8605 112.406 9
      vertex 15 110 9
      vertex 15 112.4 9
    endloop
  endfacet
  facet normal 0 0 1
    outer loop
      vertex 14.6514 110.015 9
      vertex 14.8605 112.406 9
      vertex 14.7222 112.424 9
    endloop
  endfacet
  facet normal 0 0 1
    outer loop
      vertex 14.8605 112.406 9
      vertex 14.6514 110.015 9
      vertex 15 110 9
    endloop
  endfacet
  facet normal 0 0 1
    outer loop
      vertex 14.3054 110.061 9
      vertex 14.7222 112.424 9
      vertex 14.5859 112.455 9
    endloop
  endfacet
  facet normal 0 0 1
    outer loop
      vertex 13.9647 110.136 9
      vertex 14.5859 112.455 9
      vertex 14.4528 112.496 9
    endloop
  endfacet
  facet normal 0 0 1
    outer loop
      vertex 13.6319 110.241 9
      vertex 14.4528 112.496 9
      vertex 14.3238 112.55 9
    endloop
  endfacet
  facet normal 0 0 1
    outer loop
      vertex 14.7222 112.424 9
      vertex 14.3054 110.061 9
      vertex 14.6514 110.015 9
    endloop
  endfacet
  facet normal 0 0 1
    outer loop
      vertex 13.3095 110.375 9
      vertex 14.3238 112.55 9
      vertex 14.2 112.614 9
    endloop
  endfacet
  facet normal 0 0 1
    outer loop
      vertex 13 110.536 9
      vertex 14.2 112.614 9
      vertex 14.0823 112.689 9
    endloop
  endfacet
  facet normal 0 0 1
    outer loop
      vertex 12.7057 110.723 9
      vertex 14.0823 112.689 9
      vertex 13.9715 112.774 9
    endloop
  endfacet
  facet normal 0 0 1
    outer loop
      vertex 14.5859 112.455 9
      vertex 13.9647 110.136 9
      vertex 14.3054 110.061 9
    endloop
  endfacet
  facet normal 0 0 1
    outer loop
      vertex 12.4288 110.936 9
      vertex 13.9715 112.774 9
      vertex 13.8686 112.869 9
    endloop
  endfacet
  facet normal 0 0 1
    outer loop
      vertex 12.1716 111.172 9
      vertex 13.8686 112.869 9
      vertex 13.7743 112.972 9
    endloop
  endfacet
  facet normal 0 0 1
    outer loop
      vertex 11.9358 111.429 9
      vertex 13.7743 112.972 9
      vertex 13.6894 113.082 9
    endloop
  endfacet
  facet normal 0 0 1
    outer loop
      vertex 14.4528 112.496 9
      vertex 13.6319 110.241 9
      vertex 13.9647 110.136 9
    endloop
  endfacet
  facet normal 0 0 1
    outer loop
      vertex 11.7234 111.706 9
      vertex 13.6894 113.082 9
      vertex 13.6144 113.2 9
    endloop
  endfacet
  facet normal 0 0 1
    outer loop
      vertex 11.5359 112 9
      vertex 13.6144 113.2 9
      vertex 13.5499 113.324 9
    endloop
  endfacet
  facet normal 0 0 1
    outer loop
      vertex 11.3748 112.31 9
      vertex 13.5499 113.324 9
      vertex 13.4965 113.453 9
    endloop
  endfacet
  facet normal 0 0 1
    outer loop
      vertex 11.2412 112.632 9
      vertex 13.4965 113.453 9
      vertex 13.4545 113.586 9
    endloop
  endfacet
  facet normal 0 0 1
    outer loop
      vertex 11.1363 112.965 9
      vertex 13.4545 113.586 9
      vertex 13.4243 113.722 9
    endloop
  endfacet
  facet normal 0 0 1
    outer loop
      vertex 11.0608 113.305 9
      vertex 13.4243 113.722 9
      vertex 13.4061 113.861 9
    endloop
  endfacet
  facet normal 0 0 1
    outer loop
      vertex 14.3238 112.55 9
      vertex 13.3095 110.375 9
      vertex 13.6319 110.241 9
    endloop
  endfacet
  facet normal 0 0 1
    outer loop
      vertex 11.0152 113.651 9
      vertex 13.4061 113.861 9
      vertex 13.4 114 9
    endloop
  endfacet
  facet normal -0 0 1
    outer loop
      vertex 11.5359 116 9
      vertex 13.6144 114.8 9
      vertex 11.7234 116.294 9
    endloop
  endfacet
  facet normal 0 0 1
    outer loop
      vertex 13.6144 114.8 9
      vertex 11.5359 116 9
      vertex 13.5499 114.676 9
    endloop
  endfacet
  facet normal 0 0 1
    outer loop
      vertex 14.2 112.614 9
      vertex 13 110.536 9
      vertex 13.3095 110.375 9
    endloop
  endfacet
  facet normal -0 0 1
    outer loop
      vertex 11.3748 115.69 9
      vertex 13.5499 114.676 9
      vertex 11.5359 116 9
    endloop
  endfacet
  facet normal 0 0 1
    outer loop
      vertex 14.0823 112.689 9
      vertex 12.7057 110.723 9
      vertex 13 110.536 9
    endloop
  endfacet
  facet normal 0 0 1
    outer loop
      vertex 13.5499 114.676 9
      vertex 11.3748 115.69 9
      vertex 13.4965 114.547 9
    endloop
  endfacet
  facet normal 0 0 1
    outer loop
      vertex 13.9715 112.774 9
      vertex 12.4288 110.936 9
      vertex 12.7057 110.723 9
    endloop
  endfacet
  facet normal -0 0 1
    outer loop
      vertex 11.2412 115.368 9
      vertex 13.4965 114.547 9
      vertex 11.3748 115.69 9
    endloop
  endfacet
  facet normal 0 0 1
    outer loop
      vertex 13.8686 112.869 9
      vertex 12.1716 111.172 9
      vertex 12.4288 110.936 9
    endloop
  endfacet
  facet normal 0 0 1
    outer loop
      vertex 13.4965 114.547 9
      vertex 11.2412 115.368 9
      vertex 13.4545 114.414 9
    endloop
  endfacet
  facet normal 0 0 1
    outer loop
      vertex 13.7743 112.972 9
      vertex 11.9358 111.429 9
      vertex 12.1716 111.172 9
    endloop
  endfacet
  facet normal -0 0 1
    outer loop
      vertex 11.1363 115.035 9
      vertex 13.4545 114.414 9
      vertex 11.2412 115.368 9
    endloop
  endfacet
  facet normal 0 0 1
    outer loop
      vertex 13.6894 113.082 9
      vertex 11.7234 111.706 9
      vertex 11.9358 111.429 9
    endloop
  endfacet
  facet normal 0 0 1
    outer loop
      vertex 13.4545 114.414 9
      vertex 11.1363 115.035 9
      vertex 13.4243 114.278 9
    endloop
  endfacet
  facet normal 0 0 1
    outer loop
      vertex 13.6144 113.2 9
      vertex 11.5359 112 9
      vertex 11.7234 111.706 9
    endloop
  endfacet
  facet normal -0 0 1
    outer loop
      vertex 11.0608 114.695 9
      vertex 13.4243 114.278 9
      vertex 11.1363 115.035 9
    endloop
  endfacet
  facet normal 0 0 1
    outer loop
      vertex 13.5499 113.324 9
      vertex 11.3748 112.31 9
      vertex 11.5359 112 9
    endloop
  endfacet
  facet normal 0 0 1
    outer loop
      vertex 13.4243 114.278 9
      vertex 11.0608 114.695 9
      vertex 13.4061 114.139 9
    endloop
  endfacet
  facet normal 0 0 1
    outer loop
      vertex 13.4965 113.453 9
      vertex 11.2412 112.632 9
      vertex 11.3748 112.31 9
    endloop
  endfacet
  facet normal -0 0 1
    outer loop
      vertex 11.0152 114.349 9
      vertex 13.4061 114.139 9
      vertex 11.0608 114.695 9
    endloop
  endfacet
  facet normal 0 0 1
    outer loop
      vertex 13.4545 113.586 9
      vertex 11.1363 112.965 9
      vertex 11.2412 112.632 9
    endloop
  endfacet
  facet normal 0 0 1
    outer loop
      vertex 13.4061 114.139 9
      vertex 11.0152 114.349 9
      vertex 13.4 114 9
    endloop
  endfacet
  facet normal 0 0 1
    outer loop
      vertex 13.4243 113.722 9
      vertex 11.0608 113.305 9
      vertex 11.1363 112.965 9
    endloop
  endfacet
  facet normal 0 0 1
    outer loop
      vertex 11 114 9
      vertex 13.4 114 9
      vertex 11.0152 114.349 9
    endloop
  endfacet
  facet normal 0 0 1
    outer loop
      vertex 13.4061 113.861 9
      vertex 11.0152 113.651 9
      vertex 11.0608 113.305 9
    endloop
  endfacet
  facet normal 0 0 1
    outer loop
      vertex 13.4 114 9
      vertex 11 114 9
      vertex 11.0152 113.651 9
    endloop
  endfacet
  facet normal 0.131788 0.991278 -0
    outer loop
      vertex 15.6946 117.939 3
      vertex 15.3486 117.985 9
      vertex 15.6946 117.939 9
    endloop
  endfacet
  facet normal 0.131788 0.991278 0
    outer loop
      vertex 15.3486 117.985 9
      vertex 15.6946 117.939 3
      vertex 15.3486 117.985 3
    endloop
  endfacet
  facet normal 0.999053 -0.0435118 0
    outer loop
      vertex 18.9848 113.651 9
      vertex 19 114 3
      vertex 19 114 9
    endloop
  endfacet
  facet normal 0.999053 -0.0435118 0
    outer loop
      vertex 19 114 3
      vertex 18.9848 113.651 9
      vertex 18.9848 113.651 3
    endloop
  endfacet
  facet normal -0.5363 0.844027 0
    outer loop
      vertex 13 117.464 3
      vertex 12.7057 117.277 9
      vertex 13 117.464 9
    endloop
  endfacet
  facet normal -0.5363 0.844027 0
    outer loop
      vertex 12.7057 117.277 9
      vertex 13 117.464 3
      vertex 12.7057 117.277 3
    endloop
  endfacet
  facet normal 0.0429895 -0.999076 0
    outer loop
      vertex 15 110 3
      vertex 15.3486 110.015 9
      vertex 15 110 9
    endloop
  endfacet
  facet normal 0.0429895 -0.999076 0
    outer loop
      vertex 15.3486 110.015 9
      vertex 15 110 3
      vertex 15.3486 110.015 3
    endloop
  endfacet
  facet normal -0.976221 0.216778 0
    outer loop
      vertex 11.0608 114.695 3
      vertex 11.1363 115.035 9
      vertex 11.1363 115.035 3
    endloop
  endfacet
  facet normal -0.976221 0.216778 0
    outer loop
      vertex 11.1363 115.035 9
      vertex 11.0608 114.695 3
      vertex 11.0608 114.695 9
    endloop
  endfacet
  facet normal -0.953795 0.30046 0
    outer loop
      vertex 11.1363 115.035 3
      vertex 11.2412 115.368 9
      vertex 11.2412 115.368 3
    endloop
  endfacet
  facet normal -0.953795 0.30046 0
    outer loop
      vertex 11.2412 115.368 9
      vertex 11.1363 115.035 3
      vertex 11.1363 115.035 9
    endloop
  endfacet
  facet normal -0.461488 0.887146 0
    outer loop
      vertex 13.3095 117.625 3
      vertex 13 117.464 9
      vertex 13.3095 117.625 9
    endloop
  endfacet
  facet normal -0.461488 0.887146 0
    outer loop
      vertex 13 117.464 9
      vertex 13.3095 117.625 3
      vertex 13 117.464 3
    endloop
  endfacet
  facet normal -0.300885 0.953661 0
    outer loop
      vertex 13.9647 117.864 3
      vertex 13.6319 117.759 9
      vertex 13.9647 117.864 9
    endloop
  endfacet
  facet normal -0.300885 0.953661 0
    outer loop
      vertex 13.6319 117.759 9
      vertex 13.9647 117.864 3
      vertex 13.6319 117.759 3
    endloop
  endfacet
  facet normal 0.214988 -0.976617 0
    outer loop
      vertex 15.6946 110.061 3
      vertex 16.0353 110.136 9
      vertex 15.6946 110.061 9
    endloop
  endfacet
  facet normal 0.214988 -0.976617 0
    outer loop
      vertex 16.0353 110.136 9
      vertex 15.6946 110.061 3
      vertex 16.0353 110.136 3
    endloop
  endfacet
  facet normal 0.675945 0.736952 -0
    outer loop
      vertex 17.8284 116.828 3
      vertex 17.5711 117.064 9
      vertex 17.8284 116.828 9
    endloop
  endfacet
  facet normal 0.675945 0.736952 0
    outer loop
      vertex 17.5711 117.064 9
      vertex 17.8284 116.828 3
      vertex 17.5711 117.064 3
    endloop
  endfacet
  facet normal 0.609849 0.792518 -0
    outer loop
      vertex 17.5711 117.064 3
      vertex 17.2943 117.277 9
      vertex 17.5711 117.064 9
    endloop
  endfacet
  facet normal 0.609849 0.792518 0
    outer loop
      vertex 17.2943 117.277 9
      vertex 17.5711 117.064 3
      vertex 17.2943 117.277 3
    endloop
  endfacet
  facet normal -0.923653 -0.38323 0
    outer loop
      vertex 11.3748 112.31 3
      vertex 11.2412 112.632 9
      vertex 11.2412 112.632 3
    endloop
  endfacet
  facet normal -0.923653 -0.38323 0
    outer loop
      vertex 11.2412 112.632 9
      vertex 11.3748 112.31 3
      vertex 11.3748 112.31 9
    endloop
  endfacet
  facet normal 0.79356 -0.608492 0
    outer loop
      vertex 18.0642 111.429 9
      vertex 18.2766 111.706 3
      vertex 18.2766 111.706 9
    endloop
  endfacet
  facet normal 0.79356 -0.608492 0
    outer loop
      vertex 18.2766 111.706 3
      vertex 18.0642 111.429 9
      vertex 18.0642 111.429 3
    endloop
  endfacet
  facet normal -0.79356 -0.608492 0
    outer loop
      vertex 11.9358 111.429 3
      vertex 11.7234 111.706 9
      vertex 11.7234 111.706 3
    endloop
  endfacet
  facet normal -0.79356 -0.608492 0
    outer loop
      vertex 11.7234 111.706 9
      vertex 11.9358 111.429 3
      vertex 11.9358 111.429 9
    endloop
  endfacet
  facet normal 0.976221 -0.216778 0
    outer loop
      vertex 18.8637 112.965 9
      vertex 18.9392 113.305 3
      vertex 18.9392 113.305 9
    endloop
  endfacet
  facet normal 0.976221 -0.216778 0
    outer loop
      vertex 18.9392 113.305 3
      vertex 18.8637 112.965 9
      vertex 18.8637 112.965 3
    endloop
  endfacet
  facet normal 0.609849 -0.792518 0
    outer loop
      vertex 17.2943 110.723 3
      vertex 17.5711 110.936 9
      vertex 17.2943 110.723 9
    endloop
  endfacet
  facet normal 0.609849 -0.792518 0
    outer loop
      vertex 17.5711 110.936 9
      vertex 17.2943 110.723 3
      vertex 17.5711 110.936 3
    endloop
  endfacet
  facet normal -0.736845 -0.676062 0
    outer loop
      vertex 12.1716 111.172 3
      vertex 11.9358 111.429 9
      vertex 11.9358 111.429 3
    endloop
  endfacet
  facet normal -0.736845 -0.676062 0
    outer loop
      vertex 11.9358 111.429 9
      vertex 12.1716 111.172 3
      vertex 12.1716 111.172 9
    endloop
  endfacet
  facet normal 0.461488 0.887146 -0
    outer loop
      vertex 17 117.464 3
      vertex 16.6905 117.625 9
      vertex 17 117.464 9
    endloop
  endfacet
  facet normal 0.461488 0.887146 0
    outer loop
      vertex 16.6905 117.625 9
      vertex 17 117.464 3
      vertex 16.6905 117.625 3
    endloop
  endfacet
  facet normal 0.5363 0.844027 -0
    outer loop
      vertex 17.2943 117.277 3
      vertex 17 117.464 9
      vertex 17.2943 117.277 9
    endloop
  endfacet
  facet normal 0.5363 0.844027 0
    outer loop
      vertex 17 117.464 9
      vertex 17.2943 117.277 3
      vertex 17 117.464 3
    endloop
  endfacet
  facet normal -0.676088 0.736821 0
    outer loop
      vertex 12.4288 117.064 3
      vertex 12.1716 116.828 9
      vertex 12.4288 117.064 9
    endloop
  endfacet
  facet normal -0.676088 0.736821 0
    outer loop
      vertex 12.1716 116.828 9
      vertex 12.4288 117.064 3
      vertex 12.1716 116.828 3
    endloop
  endfacet
  facet normal 0.953795 0.30046 0
    outer loop
      vertex 18.8637 115.035 9
      vertex 18.7588 115.368 3
      vertex 18.7588 115.368 9
    endloop
  endfacet
  facet normal 0.953795 0.30046 0
    outer loop
      vertex 18.7588 115.368 3
      vertex 18.8637 115.035 9
      vertex 18.8637 115.035 3
    endloop
  endfacet
  facet normal 0.923653 -0.38323 0
    outer loop
      vertex 18.6252 112.31 9
      vertex 18.7588 112.632 3
      vertex 18.7588 112.632 9
    endloop
  endfacet
  facet normal 0.923653 -0.38323 0
    outer loop
      vertex 18.7588 112.632 3
      vertex 18.6252 112.31 9
      vertex 18.6252 112.31 3
    endloop
  endfacet
  facet normal 0.214988 0.976617 -0
    outer loop
      vertex 16.0353 117.864 3
      vertex 15.6946 117.939 9
      vertex 16.0353 117.864 9
    endloop
  endfacet
  facet normal 0.214988 0.976617 0
    outer loop
      vertex 15.6946 117.939 9
      vertex 16.0353 117.864 3
      vertex 15.6946 117.939 3
    endloop
  endfacet
  facet normal 0.383802 0.923416 -0
    outer loop
      vertex 16.6905 117.625 3
      vertex 16.3681 117.759 9
      vertex 16.6905 117.625 9
    endloop
  endfacet
  facet normal 0.383802 0.923416 0
    outer loop
      vertex 16.3681 117.759 9
      vertex 16.6905 117.625 3
      vertex 16.3681 117.759 3
    endloop
  endfacet
  facet normal -0.887334 0.461127 0
    outer loop
      vertex 11.3748 115.69 3
      vertex 11.5359 116 9
      vertex 11.5359 116 3
    endloop
  endfacet
  facet normal -0.887334 0.461127 0
    outer loop
      vertex 11.5359 116 9
      vertex 11.3748 115.69 3
      vertex 11.3748 115.69 9
    endloop
  endfacet
  facet normal -0.999053 -0.0435118 0
    outer loop
      vertex 11.0152 113.651 3
      vertex 11 114 9
      vertex 11 114 3
    endloop
  endfacet
  facet normal -0.999053 -0.0435118 0
    outer loop
      vertex 11 114 9
      vertex 11.0152 113.651 3
      vertex 11.0152 113.651 9
    endloop
  endfacet
  facet normal 0.675945 -0.736952 0
    outer loop
      vertex 17.5711 110.936 3
      vertex 17.8284 111.172 9
      vertex 17.5711 110.936 9
    endloop
  endfacet
  facet normal 0.675945 -0.736952 0
    outer loop
      vertex 17.8284 111.172 9
      vertex 17.5711 110.936 3
      vertex 17.8284 111.172 3
    endloop
  endfacet
  facet normal 0.84313 0.53771 0
    outer loop
      vertex 18.4641 116 9
      vertex 18.2766 116.294 3
      vertex 18.2766 116.294 9
    endloop
  endfacet
  facet normal 0.84313 0.53771 0
    outer loop
      vertex 18.2766 116.294 3
      vertex 18.4641 116 9
      vertex 18.4641 116 3
    endloop
  endfacet
  facet normal 0.461488 -0.887146 0
    outer loop
      vertex 16.6905 110.375 3
      vertex 17 110.536 9
      vertex 16.6905 110.375 9
    endloop
  endfacet
  facet normal 0.461488 -0.887146 0
    outer loop
      vertex 17 110.536 9
      vertex 16.6905 110.375 3
      vertex 17 110.536 3
    endloop
  endfacet
  facet normal 0.79356 0.608492 0
    outer loop
      vertex 18.2766 116.294 9
      vertex 18.0642 116.571 3
      vertex 18.0642 116.571 9
    endloop
  endfacet
  facet normal 0.79356 0.608492 0
    outer loop
      vertex 18.0642 116.571 3
      vertex 18.2766 116.294 9
      vertex 18.2766 116.294 3
    endloop
  endfacet
  facet normal 0.131788 -0.991278 0
    outer loop
      vertex 15.3486 110.015 3
      vertex 15.6946 110.061 9
      vertex 15.3486 110.015 9
    endloop
  endfacet
  facet normal 0.131788 -0.991278 0
    outer loop
      vertex 15.6946 110.061 9
      vertex 15.3486 110.015 3
      vertex 15.6946 110.061 3
    endloop
  endfacet
  facet normal 0.953795 -0.30046 0
    outer loop
      vertex 18.7588 112.632 9
      vertex 18.8637 112.965 3
      vertex 18.8637 112.965 9
    endloop
  endfacet
  facet normal 0.953795 -0.30046 0
    outer loop
      vertex 18.8637 112.965 3
      vertex 18.7588 112.632 9
      vertex 18.7588 112.632 3
    endloop
  endfacet
  facet normal 0.84313 -0.53771 0
    outer loop
      vertex 18.2766 111.706 9
      vertex 18.4641 112 3
      vertex 18.4641 112 9
    endloop
  endfacet
  facet normal 0.84313 -0.53771 0
    outer loop
      vertex 18.4641 112 3
      vertex 18.2766 111.706 9
      vertex 18.2766 111.706 3
    endloop
  endfacet
  facet normal -0.5363 -0.844027 0
    outer loop
      vertex 12.7057 110.723 3
      vertex 13 110.536 9
      vertex 12.7057 110.723 9
    endloop
  endfacet
  facet normal -0.5363 -0.844027 -0
    outer loop
      vertex 13 110.536 9
      vertex 12.7057 110.723 3
      vertex 13 110.536 3
    endloop
  endfacet
  facet normal -0.84313 0.53771 0
    outer loop
      vertex 11.5359 116 3
      vertex 11.7234 116.294 9
      vertex 11.7234 116.294 3
    endloop
  endfacet
  facet normal -0.84313 0.53771 0
    outer loop
      vertex 11.7234 116.294 9
      vertex 11.5359 116 3
      vertex 11.5359 116 9
    endloop
  endfacet
  facet normal -0.214988 0.976617 0
    outer loop
      vertex 14.3054 117.939 3
      vertex 13.9647 117.864 9
      vertex 14.3054 117.939 9
    endloop
  endfacet
  facet normal -0.214988 0.976617 0
    outer loop
      vertex 13.9647 117.864 9
      vertex 14.3054 117.939 3
      vertex 13.9647 117.864 3
    endloop
  endfacet
  facet normal 0.991427 -0.130662 0
    outer loop
      vertex 18.9392 113.305 9
      vertex 18.9848 113.651 3
      vertex 18.9848 113.651 9
    endloop
  endfacet
  facet normal 0.991427 -0.130662 0
    outer loop
      vertex 18.9848 113.651 3
      vertex 18.9392 113.305 9
      vertex 18.9392 113.305 3
    endloop
  endfacet
  facet normal -0.953795 -0.30046 0
    outer loop
      vertex 11.2412 112.632 3
      vertex 11.1363 112.965 9
      vertex 11.1363 112.965 3
    endloop
  endfacet
  facet normal -0.953795 -0.30046 0
    outer loop
      vertex 11.1363 112.965 9
      vertex 11.2412 112.632 3
      vertex 11.2412 112.632 9
    endloop
  endfacet
  facet normal 0.923653 0.38323 0
    outer loop
      vertex 18.7588 115.368 9
      vertex 18.6252 115.69 3
      vertex 18.6252 115.69 9
    endloop
  endfacet
  facet normal 0.923653 0.38323 0
    outer loop
      vertex 18.6252 115.69 3
      vertex 18.7588 115.368 9
      vertex 18.7588 115.368 3
    endloop
  endfacet
  facet normal -0.79356 0.608492 0
    outer loop
      vertex 11.7234 116.294 3
      vertex 11.9358 116.571 9
      vertex 11.9358 116.571 3
    endloop
  endfacet
  facet normal -0.79356 0.608492 0
    outer loop
      vertex 11.9358 116.571 9
      vertex 11.7234 116.294 3
      vertex 11.7234 116.294 9
    endloop
  endfacet
  facet normal 0.887334 0.461127 0
    outer loop
      vertex 18.6252 115.69 9
      vertex 18.4641 116 3
      vertex 18.4641 116 9
    endloop
  endfacet
  facet normal 0.887334 0.461127 0
    outer loop
      vertex 18.4641 116 3
      vertex 18.6252 115.69 9
      vertex 18.6252 115.69 3
    endloop
  endfacet
  facet normal -0.461488 -0.887146 0
    outer loop
      vertex 13 110.536 3
      vertex 13.3095 110.375 9
      vertex 13 110.536 9
    endloop
  endfacet
  facet normal -0.461488 -0.887146 -0
    outer loop
      vertex 13.3095 110.375 9
      vertex 13 110.536 3
      vertex 13.3095 110.375 3
    endloop
  endfacet
  facet normal -0.736845 0.676062 0
    outer loop
      vertex 11.9358 116.571 3
      vertex 12.1716 116.828 9
      vertex 12.1716 116.828 3
    endloop
  endfacet
  facet normal -0.736845 0.676062 0
    outer loop
      vertex 12.1716 116.828 9
      vertex 11.9358 116.571 3
      vertex 11.9358 116.571 9
    endloop
  endfacet
  facet normal -0.131788 -0.991278 0
    outer loop
      vertex 14.3054 110.061 3
      vertex 14.6514 110.015 9
      vertex 14.3054 110.061 9
    endloop
  endfacet
  facet normal -0.131788 -0.991278 -0
    outer loop
      vertex 14.6514 110.015 9
      vertex 14.3054 110.061 3
      vertex 14.6514 110.015 3
    endloop
  endfacet
  facet normal -0.0429895 0.999076 0
    outer loop
      vertex 15 118 3
      vertex 14.6514 117.985 9
      vertex 15 118 9
    endloop
  endfacet
  facet normal -0.0429895 0.999076 0
    outer loop
      vertex 14.6514 117.985 9
      vertex 15 118 3
      vertex 14.6514 117.985 3
    endloop
  endfacet
  facet normal -0.383802 0.923416 0
    outer loop
      vertex 13.6319 117.759 3
      vertex 13.3095 117.625 9
      vertex 13.6319 117.759 9
    endloop
  endfacet
  facet normal -0.383802 0.923416 0
    outer loop
      vertex 13.3095 117.625 9
      vertex 13.6319 117.759 3
      vertex 13.3095 117.625 3
    endloop
  endfacet
  facet normal -0.991427 -0.130662 0
    outer loop
      vertex 11.0608 113.305 3
      vertex 11.0152 113.651 9
      vertex 11.0152 113.651 3
    endloop
  endfacet
  facet normal -0.991427 -0.130662 0
    outer loop
      vertex 11.0152 113.651 9
      vertex 11.0608 113.305 3
      vertex 11.0608 113.305 9
    endloop
  endfacet
  facet normal -0.214988 -0.976617 0
    outer loop
      vertex 13.9647 110.136 3
      vertex 14.3054 110.061 9
      vertex 13.9647 110.136 9
    endloop
  endfacet
  facet normal -0.214988 -0.976617 -0
    outer loop
      vertex 14.3054 110.061 9
      vertex 13.9647 110.136 3
      vertex 14.3054 110.061 3
    endloop
  endfacet
  facet normal -0.131788 0.991278 0
    outer loop
      vertex 14.6514 117.985 3
      vertex 14.3054 117.939 9
      vertex 14.6514 117.985 9
    endloop
  endfacet
  facet normal -0.131788 0.991278 0
    outer loop
      vertex 14.3054 117.939 9
      vertex 14.6514 117.985 3
      vertex 14.3054 117.939 3
    endloop
  endfacet
  facet normal 0.736845 0.676062 0
    outer loop
      vertex 18.0642 116.571 9
      vertex 17.8284 116.828 3
      vertex 17.8284 116.828 9
    endloop
  endfacet
  facet normal 0.736845 0.676062 0
    outer loop
      vertex 17.8284 116.828 3
      vertex 18.0642 116.571 9
      vertex 18.0642 116.571 3
    endloop
  endfacet
  facet normal 0.383802 -0.923416 0
    outer loop
      vertex 16.3681 110.241 3
      vertex 16.6905 110.375 9
      vertex 16.3681 110.241 9
    endloop
  endfacet
  facet normal 0.383802 -0.923416 0
    outer loop
      vertex 16.6905 110.375 9
      vertex 16.3681 110.241 3
      vertex 16.6905 110.375 3
    endloop
  endfacet
  facet normal 0.300885 -0.953661 0
    outer loop
      vertex 16.0353 110.136 3
      vertex 16.3681 110.241 9
      vertex 16.0353 110.136 9
    endloop
  endfacet
  facet normal 0.300885 -0.953661 0
    outer loop
      vertex 16.3681 110.241 9
      vertex 16.0353 110.136 3
      vertex 16.3681 110.241 3
    endloop
  endfacet
  facet normal -0.676088 -0.736821 0
    outer loop
      vertex 12.1716 111.172 3
      vertex 12.4288 110.936 9
      vertex 12.1716 111.172 9
    endloop
  endfacet
  facet normal -0.676088 -0.736821 -0
    outer loop
      vertex 12.4288 110.936 9
      vertex 12.1716 111.172 3
      vertex 12.4288 110.936 3
    endloop
  endfacet
  facet normal -0.609711 0.792624 0
    outer loop
      vertex 12.7057 117.277 3
      vertex 12.4288 117.064 9
      vertex 12.7057 117.277 9
    endloop
  endfacet
  facet normal -0.609711 0.792624 0
    outer loop
      vertex 12.4288 117.064 9
      vertex 12.7057 117.277 3
      vertex 12.4288 117.064 3
    endloop
  endfacet
  facet normal -0.976221 -0.216778 0
    outer loop
      vertex 11.1363 112.965 3
      vertex 11.0608 113.305 9
      vertex 11.0608 113.305 3
    endloop
  endfacet
  facet normal -0.976221 -0.216778 0
    outer loop
      vertex 11.0608 113.305 9
      vertex 11.1363 112.965 3
      vertex 11.1363 112.965 9
    endloop
  endfacet
  facet normal -0.999053 0.0435118 0
    outer loop
      vertex 11 114 3
      vertex 11.0152 114.349 9
      vertex 11.0152 114.349 3
    endloop
  endfacet
  facet normal -0.999053 0.0435118 0
    outer loop
      vertex 11.0152 114.349 9
      vertex 11 114 3
      vertex 11 114 9
    endloop
  endfacet
  facet normal -0.923653 0.38323 0
    outer loop
      vertex 11.2412 115.368 3
      vertex 11.3748 115.69 9
      vertex 11.3748 115.69 3
    endloop
  endfacet
  facet normal -0.923653 0.38323 0
    outer loop
      vertex 11.3748 115.69 9
      vertex 11.2412 115.368 3
      vertex 11.2412 115.368 9
    endloop
  endfacet
  facet normal 0.887334 -0.461127 0
    outer loop
      vertex 18.4641 112 9
      vertex 18.6252 112.31 3
      vertex 18.6252 112.31 9
    endloop
  endfacet
  facet normal 0.887334 -0.461127 0
    outer loop
      vertex 18.6252 112.31 3
      vertex 18.4641 112 9
      vertex 18.4641 112 3
    endloop
  endfacet
  facet normal -0.887334 -0.461127 0
    outer loop
      vertex 11.5359 112 3
      vertex 11.3748 112.31 9
      vertex 11.3748 112.31 3
    endloop
  endfacet
  facet normal -0.887334 -0.461127 0
    outer loop
      vertex 11.3748 112.31 9
      vertex 11.5359 112 3
      vertex 11.5359 112 9
    endloop
  endfacet
  facet normal -0.609711 -0.792624 0
    outer loop
      vertex 12.4288 110.936 3
      vertex 12.7057 110.723 9
      vertex 12.4288 110.936 9
    endloop
  endfacet
  facet normal -0.609711 -0.792624 -0
    outer loop
      vertex 12.7057 110.723 9
      vertex 12.4288 110.936 3
      vertex 12.7057 110.723 3
    endloop
  endfacet
  facet normal 0.0429895 0.999076 -0
    outer loop
      vertex 15.3486 117.985 3
      vertex 15 118 9
      vertex 15.3486 117.985 9
    endloop
  endfacet
  facet normal 0.0429895 0.999076 0
    outer loop
      vertex 15 118 9
      vertex 15.3486 117.985 3
      vertex 15 118 3
    endloop
  endfacet
  facet normal -0.991427 0.130662 0
    outer loop
      vertex 11.0152 114.349 3
      vertex 11.0608 114.695 9
      vertex 11.0608 114.695 3
    endloop
  endfacet
  facet normal -0.991427 0.130662 0
    outer loop
      vertex 11.0608 114.695 9
      vertex 11.0152 114.349 3
      vertex 11.0152 114.349 9
    endloop
  endfacet
  facet normal -0.300885 -0.953661 0
    outer loop
      vertex 13.6319 110.241 3
      vertex 13.9647 110.136 9
      vertex 13.6319 110.241 9
    endloop
  endfacet
  facet normal -0.300885 -0.953661 -0
    outer loop
      vertex 13.9647 110.136 9
      vertex 13.6319 110.241 3
      vertex 13.9647 110.136 3
    endloop
  endfacet
  facet normal 0.300885 0.953661 -0
    outer loop
      vertex 16.3681 117.759 3
      vertex 16.0353 117.864 9
      vertex 16.3681 117.759 9
    endloop
  endfacet
  facet normal 0.300885 0.953661 0
    outer loop
      vertex 16.0353 117.864 9
      vertex 16.3681 117.759 3
      vertex 16.0353 117.864 3
    endloop
  endfacet
  facet normal -0.84313 -0.53771 0
    outer loop
      vertex 11.7234 111.706 3
      vertex 11.5359 112 9
      vertex 11.5359 112 3
    endloop
  endfacet
  facet normal -0.84313 -0.53771 0
    outer loop
      vertex 11.5359 112 9
      vertex 11.7234 111.706 3
      vertex 11.7234 111.706 9
    endloop
  endfacet
  facet normal 0.736845 -0.676062 0
    outer loop
      vertex 17.8284 111.172 9
      vertex 18.0642 111.429 3
      vertex 18.0642 111.429 9
    endloop
  endfacet
  facet normal 0.736845 -0.676062 0
    outer loop
      vertex 18.0642 111.429 3
      vertex 17.8284 111.172 9
      vertex 17.8284 111.172 3
    endloop
  endfacet
  facet normal -0.383802 -0.923416 0
    outer loop
      vertex 13.3095 110.375 3
      vertex 13.6319 110.241 9
      vertex 13.3095 110.375 9
    endloop
  endfacet
  facet normal -0.383802 -0.923416 -0
    outer loop
      vertex 13.6319 110.241 9
      vertex 13.3095 110.375 3
      vertex 13.6319 110.241 3
    endloop
  endfacet
  facet normal 0 0 1
    outer loop
      vertex 198.25 3 3
      vertex 194.235 28.5986 3
      vertex 194.25 28.25 3
    endloop
  endfacet
  facet normal 0 0 1
    outer loop
      vertex 193.875 29.9405 3
      vertex 194.375 111.06 3
      vertex 194.214 110.75 3
    endloop
  endfacet
  facet normal 0 0 1
    outer loop
      vertex 194.509 111.382 3
      vertex 194.189 28.9446 3
      vertex 194.235 28.5986 3
    endloop
  endfacet
  facet normal 0 0 1
    outer loop
      vertex 194.509 111.382 3
      vertex 194.114 29.2853 3
      vertex 194.189 28.9446 3
    endloop
  endfacet
  facet normal 0 0 1
    outer loop
      vertex 193.714 30.25 3
      vertex 194.214 110.75 3
      vertex 194.027 110.456 3
    endloop
  endfacet
  facet normal 0 0 1
    outer loop
      vertex 194.509 111.382 3
      vertex 194.009 29.6181 3
      vertex 194.114 29.2853 3
    endloop
  endfacet
  facet normal 0 0 1
    outer loop
      vertex 194.375 111.06 3
      vertex 193.875 29.9405 3
      vertex 194.009 29.6181 3
    endloop
  endfacet
  facet normal 0 0 1
    outer loop
      vertex 193.527 30.5443 3
      vertex 194.027 110.456 3
      vertex 193.814 110.179 3
    endloop
  endfacet
  facet normal 0 0 1
    outer loop
      vertex 194.214 110.75 3
      vertex 193.714 30.25 3
      vertex 193.875 29.9405 3
    endloop
  endfacet
  facet normal 0 0 1
    outer loop
      vertex 193.314 30.8211 3
      vertex 193.814 110.179 3
      vertex 193.578 109.922 3
    endloop
  endfacet
  facet normal 0 0 1
    outer loop
      vertex 194.027 110.456 3
      vertex 193.527 30.5443 3
      vertex 193.714 30.25 3
    endloop
  endfacet
  facet normal 0 0 1
    outer loop
      vertex 193.078 31.0784 3
      vertex 193.578 109.922 3
      vertex 193.321 109.686 3
    endloop
  endfacet
  facet normal 0 0 1
    outer loop
      vertex 193.814 110.179 3
      vertex 193.314 30.8211 3
      vertex 193.527 30.5443 3
    endloop
  endfacet
  facet normal 0 0 1
    outer loop
      vertex 193.578 109.922 3
      vertex 193.078 31.0784 3
      vertex 193.314 30.8211 3
    endloop
  endfacet
  facet normal 0 0 1
    outer loop
      vertex 192.821 31.3142 3
      vertex 193.321 109.686 3
      vertex 193.044 109.473 3
    endloop
  endfacet
  facet normal 0 0 1
    outer loop
      vertex 193.321 109.686 3
      vertex 192.821 31.3142 3
      vertex 193.078 31.0784 3
    endloop
  endfacet
  facet normal 0 0 1
    outer loop
      vertex 192.544 31.5266 3
      vertex 193.044 109.473 3
      vertex 192.75 109.286 3
    endloop
  endfacet
  facet normal 0 0 1
    outer loop
      vertex 193.044 109.473 3
      vertex 192.544 31.5266 3
      vertex 192.821 31.3142 3
    endloop
  endfacet
  facet normal 0 0 1
    outer loop
      vertex 192.25 31.7141 3
      vertex 192.75 109.286 3
      vertex 192.44 109.125 3
    endloop
  endfacet
  facet normal 0 0 1
    outer loop
      vertex 192.75 109.286 3
      vertex 192.25 31.7141 3
      vertex 192.544 31.5266 3
    endloop
  endfacet
  facet normal 0 0 1
    outer loop
      vertex 191.94 31.8752 3
      vertex 192.44 109.125 3
      vertex 192.118 108.991 3
    endloop
  endfacet
  facet normal 0 0 1
    outer loop
      vertex 192.44 109.125 3
      vertex 191.94 31.8752 3
      vertex 192.25 31.7141 3
    endloop
  endfacet
  facet normal 0 0 1
    outer loop
      vertex 191.618 32.0088 3
      vertex 192.118 108.991 3
      vertex 191.785 108.886 3
    endloop
  endfacet
  facet normal 0 0 1
    outer loop
      vertex 192.118 108.991 3
      vertex 191.618 32.0088 3
      vertex 191.94 31.8752 3
    endloop
  endfacet
  facet normal 0 0 1
    outer loop
      vertex 191.285 32.1137 3
      vertex 191.785 108.886 3
      vertex 191.445 108.811 3
    endloop
  endfacet
  facet normal 0 0 1
    outer loop
      vertex 191.785 108.886 3
      vertex 191.285 32.1137 3
      vertex 191.618 32.0088 3
    endloop
  endfacet
  facet normal 0 0 1
    outer loop
      vertex 190.945 32.1892 3
      vertex 191.445 108.811 3
      vertex 191.099 108.765 3
    endloop
  endfacet
  facet normal 0 0 1
    outer loop
      vertex 191.445 108.811 3
      vertex 190.945 32.1892 3
      vertex 191.285 32.1137 3
    endloop
  endfacet
  facet normal 0 0 1
    outer loop
      vertex 190.599 32.2348 3
      vertex 191.099 108.765 3
      vertex 190.75 108.75 3
    endloop
  endfacet
  facet normal 0 0 1
    outer loop
      vertex 191.099 108.765 3
      vertex 190.599 32.2348 3
      vertex 190.945 32.1892 3
    endloop
  endfacet
  facet normal 0 0 1
    outer loop
      vertex 190.25 32.25 3
      vertex 190.75 108.75 3
      vertex 190.401 108.765 3
    endloop
  endfacet
  facet normal 0 0 1
    outer loop
      vertex 190.75 108.75 3
      vertex 190.25 32.25 3
      vertex 190.599 32.2348 3
    endloop
  endfacet
  facet normal 0 0 1
    outer loop
      vertex 189.901 32.2348 3
      vertex 190.401 108.765 3
      vertex 190.055 108.811 3
    endloop
  endfacet
  facet normal 0 0 1
    outer loop
      vertex 190.401 108.765 3
      vertex 189.901 32.2348 3
      vertex 190.25 32.25 3
    endloop
  endfacet
  facet normal 0 0 1
    outer loop
      vertex 189.555 32.1892 3
      vertex 190.055 108.811 3
      vertex 189.715 108.886 3
    endloop
  endfacet
  facet normal 0 0 1
    outer loop
      vertex 190.055 108.811 3
      vertex 189.555 32.1892 3
      vertex 189.901 32.2348 3
    endloop
  endfacet
  facet normal 0 0 1
    outer loop
      vertex 189.215 32.1137 3
      vertex 189.715 108.886 3
      vertex 189.382 108.991 3
    endloop
  endfacet
  facet normal 0 0 1
    outer loop
      vertex 189.715 108.886 3
      vertex 189.215 32.1137 3
      vertex 189.555 32.1892 3
    endloop
  endfacet
  facet normal 0 0 1
    outer loop
      vertex 188.882 32.0088 3
      vertex 189.382 108.991 3
      vertex 189.06 109.125 3
    endloop
  endfacet
  facet normal 0 0 1
    outer loop
      vertex 189.382 108.991 3
      vertex 188.882 32.0088 3
      vertex 189.215 32.1137 3
    endloop
  endfacet
  facet normal 0 0 1
    outer loop
      vertex 188.56 31.8752 3
      vertex 189.06 109.125 3
      vertex 188.75 109.286 3
    endloop
  endfacet
  facet normal 0 0 1
    outer loop
      vertex 189.06 109.125 3
      vertex 188.56 31.8752 3
      vertex 188.882 32.0088 3
    endloop
  endfacet
  facet normal 0 0 1
    outer loop
      vertex 188.25 31.7141 3
      vertex 188.75 109.286 3
      vertex 188.456 109.473 3
    endloop
  endfacet
  facet normal 0 0 1
    outer loop
      vertex 188.75 109.286 3
      vertex 188.25 31.7141 3
      vertex 188.56 31.8752 3
    endloop
  endfacet
  facet normal 0 0 1
    outer loop
      vertex 187.956 31.5266 3
      vertex 188.456 109.473 3
      vertex 188.179 109.686 3
    endloop
  endfacet
  facet normal 0 0 1
    outer loop
      vertex 188.456 109.473 3
      vertex 187.956 31.5266 3
      vertex 188.25 31.7141 3
    endloop
  endfacet
  facet normal 0 0 1
    outer loop
      vertex 187.679 31.3142 3
      vertex 188.179 109.686 3
      vertex 187.922 109.922 3
    endloop
  endfacet
  facet normal 0 0 1
    outer loop
      vertex 187.422 31.0784 3
      vertex 187.922 109.922 3
      vertex 187.686 110.179 3
    endloop
  endfacet
  facet normal 0 0 1
    outer loop
      vertex 188.179 109.686 3
      vertex 187.679 31.3142 3
      vertex 187.956 31.5266 3
    endloop
  endfacet
  facet normal 0 0 1
    outer loop
      vertex 187.186 30.8211 3
      vertex 187.686 110.179 3
      vertex 187.473 110.456 3
    endloop
  endfacet
  facet normal 0 0 1
    outer loop
      vertex 187.922 109.922 3
      vertex 187.422 31.0784 3
      vertex 187.679 31.3142 3
    endloop
  endfacet
  facet normal 0 0 1
    outer loop
      vertex 186.973 30.5443 3
      vertex 187.473 110.456 3
      vertex 187.286 110.75 3
    endloop
  endfacet
  facet normal 0 0 1
    outer loop
      vertex 187.686 110.179 3
      vertex 187.186 30.8211 3
      vertex 187.422 31.0784 3
    endloop
  endfacet
  facet normal 0 0 1
    outer loop
      vertex 186.786 30.25 3
      vertex 187.286 110.75 3
      vertex 187.125 111.06 3
    endloop
  endfacet
  facet normal 0 0 1
    outer loop
      vertex 18.6252 112.31 3
      vertex 187.125 111.06 3
      vertex 186.991 111.382 3
    endloop
  endfacet
  facet normal 0 0 1
    outer loop
      vertex 187.473 110.456 3
      vertex 186.973 30.5443 3
      vertex 187.186 30.8211 3
    endloop
  endfacet
  facet normal 0 0 1
    outer loop
      vertex 18.7588 112.632 3
      vertex 186.991 111.382 3
      vertex 186.886 111.715 3
    endloop
  endfacet
  facet normal 0 0 1
    outer loop
      vertex 18.8637 112.965 3
      vertex 186.886 111.715 3
      vertex 186.811 112.055 3
    endloop
  endfacet
  facet normal 0 0 1
    outer loop
      vertex 187.286 110.75 3
      vertex 186.786 30.25 3
      vertex 186.973 30.5443 3
    endloop
  endfacet
  facet normal 0 0 1
    outer loop
      vertex 18.9392 113.305 3
      vertex 186.811 112.055 3
      vertex 186.765 112.401 3
    endloop
  endfacet
  facet normal 0 0 1
    outer loop
      vertex 18.9848 113.651 3
      vertex 186.765 112.401 3
      vertex 186.75 112.75 3
    endloop
  endfacet
  facet normal 0 0 1
    outer loop
      vertex 187.125 111.06 3
      vertex 186.625 29.9405 3
      vertex 186.786 30.25 3
    endloop
  endfacet
  facet normal 0 0 1
    outer loop
      vertex 194.735 112.401 3
      vertex 198.25 123.5 3
      vertex 194.75 112.75 3
    endloop
  endfacet
  facet normal 0 0 1
    outer loop
      vertex 198.25 123.5 3
      vertex 194.735 113.099 3
      vertex 194.75 112.75 3
    endloop
  endfacet
  facet normal 0 0 1
    outer loop
      vertex 198.25 123.5 3
      vertex 194.689 113.445 3
      vertex 194.735 113.099 3
    endloop
  endfacet
  facet normal 0 0 1
    outer loop
      vertex 198.25 123.5 3
      vertex 194.614 113.785 3
      vertex 194.689 113.445 3
    endloop
  endfacet
  facet normal 0 0 1
    outer loop
      vertex 198.25 123.5 3
      vertex 194.509 114.118 3
      vertex 194.614 113.785 3
    endloop
  endfacet
  facet normal 0 0 1
    outer loop
      vertex 198.25 123.5 3
      vertex 194.375 114.44 3
      vertex 194.509 114.118 3
    endloop
  endfacet
  facet normal 0 0 1
    outer loop
      vertex 198.25 123.5 3
      vertex 194.214 114.75 3
      vertex 194.375 114.44 3
    endloop
  endfacet
  facet normal 0 0 1
    outer loop
      vertex 198.25 123.5 3
      vertex 194.027 115.044 3
      vertex 194.214 114.75 3
    endloop
  endfacet
  facet normal 0 0 1
    outer loop
      vertex 198.25 123.5 3
      vertex 193.814 115.321 3
      vertex 194.027 115.044 3
    endloop
  endfacet
  facet normal 0 0 1
    outer loop
      vertex 198.25 123.5 3
      vertex 193.578 115.578 3
      vertex 193.814 115.321 3
    endloop
  endfacet
  facet normal 0 0 1
    outer loop
      vertex 198.25 123.5 3
      vertex 193.321 115.814 3
      vertex 193.578 115.578 3
    endloop
  endfacet
  facet normal 0 0 1
    outer loop
      vertex 198.25 123.5 3
      vertex 193.044 116.027 3
      vertex 193.321 115.814 3
    endloop
  endfacet
  facet normal 0 0 1
    outer loop
      vertex 198.25 123.5 3
      vertex 192.75 116.214 3
      vertex 193.044 116.027 3
    endloop
  endfacet
  facet normal 0 0 1
    outer loop
      vertex 198.25 123.5 3
      vertex 192.44 116.375 3
      vertex 192.75 116.214 3
    endloop
  endfacet
  facet normal 0 0 1
    outer loop
      vertex 198.25 123.5 3
      vertex 192.118 116.509 3
      vertex 192.44 116.375 3
    endloop
  endfacet
  facet normal 0 0 1
    outer loop
      vertex 198.25 123.5 3
      vertex 191.785 116.614 3
      vertex 192.118 116.509 3
    endloop
  endfacet
  facet normal 0 0 1
    outer loop
      vertex 198.25 123.5 3
      vertex 191.445 116.689 3
      vertex 191.785 116.614 3
    endloop
  endfacet
  facet normal 0 0 1
    outer loop
      vertex 198.25 123.5 3
      vertex 191.099 116.735 3
      vertex 191.445 116.689 3
    endloop
  endfacet
  facet normal 0 0 1
    outer loop
      vertex 198.25 123.5 3
      vertex 190.75 116.75 3
      vertex 191.099 116.735 3
    endloop
  endfacet
  facet normal 0 0 1
    outer loop
      vertex 198.25 123.5 3
      vertex 190.401 116.735 3
      vertex 190.75 116.75 3
    endloop
  endfacet
  facet normal 0 0 1
    outer loop
      vertex 198.25 123.5 3
      vertex 190.055 116.689 3
      vertex 190.401 116.735 3
    endloop
  endfacet
  facet normal 0 0 1
    outer loop
      vertex 198.25 123.5 3
      vertex 189.715 116.614 3
      vertex 190.055 116.689 3
    endloop
  endfacet
  facet normal 0 0 1
    outer loop
      vertex 198.25 123.5 3
      vertex 189.382 116.509 3
      vertex 189.715 116.614 3
    endloop
  endfacet
  facet normal 0 0 1
    outer loop
      vertex 198.25 123.5 3
      vertex 189.06 116.375 3
      vertex 189.382 116.509 3
    endloop
  endfacet
  facet normal 0 0 1
    outer loop
      vertex 198.25 123.5 3
      vertex 188.75 116.214 3
      vertex 189.06 116.375 3
    endloop
  endfacet
  facet normal 0 0 1
    outer loop
      vertex 198.25 123.5 3
      vertex 188.456 116.027 3
      vertex 188.75 116.214 3
    endloop
  endfacet
  facet normal 0 0 1
    outer loop
      vertex 187.125 111.06 3
      vertex 21.3752 29.9405 3
      vertex 186.625 29.9405 3
    endloop
  endfacet
  facet normal 0 0 1
    outer loop
      vertex 186.625 29.9405 3
      vertex 21.3752 29.9405 3
      vertex 186.491 29.6181 3
    endloop
  endfacet
  facet normal 0 -0 1
    outer loop
      vertex 21.5088 29.6181 3
      vertex 186.491 29.6181 3
      vertex 21.3752 29.9405 3
    endloop
  endfacet
  facet normal 0 0 1
    outer loop
      vertex 186.491 29.6181 3
      vertex 21.5088 29.6181 3
      vertex 186.386 29.2853 3
    endloop
  endfacet
  facet normal 0 -0 1
    outer loop
      vertex 21.6137 29.2853 3
      vertex 186.386 29.2853 3
      vertex 21.5088 29.6181 3
    endloop
  endfacet
  facet normal 0 0 1
    outer loop
      vertex 186.386 29.2853 3
      vertex 21.6137 29.2853 3
      vertex 186.311 28.9446 3
    endloop
  endfacet
  facet normal 0 0 1
    outer loop
      vertex 19 114 3
      vertex 186.75 112.75 3
      vertex 186.765 113.099 3
    endloop
  endfacet
  facet normal 0 0 1
    outer loop
      vertex 18.9848 114.349 3
      vertex 186.765 113.099 3
      vertex 186.811 113.445 3
    endloop
  endfacet
  facet normal 0 0 1
    outer loop
      vertex 18.9392 114.695 3
      vertex 186.811 113.445 3
      vertex 186.886 113.785 3
    endloop
  endfacet
  facet normal 0 0 1
    outer loop
      vertex 18.8637 115.035 3
      vertex 186.886 113.785 3
      vertex 186.991 114.118 3
    endloop
  endfacet
  facet normal 0 0 1
    outer loop
      vertex 18.7588 115.368 3
      vertex 186.991 114.118 3
      vertex 187.125 114.44 3
    endloop
  endfacet
  facet normal 0 0 1
    outer loop
      vertex 18.6252 115.69 3
      vertex 187.125 114.44 3
      vertex 187.286 114.75 3
    endloop
  endfacet
  facet normal 0 0 1
    outer loop
      vertex 18.4641 116 3
      vertex 187.286 114.75 3
      vertex 187.473 115.044 3
    endloop
  endfacet
  facet normal 0 0 1
    outer loop
      vertex 18.2766 116.294 3
      vertex 187.473 115.044 3
      vertex 187.686 115.321 3
    endloop
  endfacet
  facet normal 0 0 1
    outer loop
      vertex 18.0642 116.571 3
      vertex 187.686 115.321 3
      vertex 187.922 115.578 3
    endloop
  endfacet
  facet normal 0 0 1
    outer loop
      vertex 17.8284 116.828 3
      vertex 187.922 115.578 3
      vertex 188.179 115.814 3
    endloop
  endfacet
  facet normal 0 0 1
    outer loop
      vertex 17.5711 117.064 3
      vertex 188.179 115.814 3
      vertex 188.456 116.027 3
    endloop
  endfacet
  facet normal -0 0 1
    outer loop
      vertex 17.2943 117.277 3
      vertex 188.456 116.027 3
      vertex 198.25 123.5 3
    endloop
  endfacet
  facet normal 0 0 1
    outer loop
      vertex 186.25 28.25 3
      vertex 21.7348 28.5986 3
      vertex 21.75 28.25 3
    endloop
  endfacet
  facet normal 0 0 1
    outer loop
      vertex 186.265 28.5986 3
      vertex 21.7348 28.5986 3
      vertex 186.25 28.25 3
    endloop
  endfacet
  facet normal 0 -0 1
    outer loop
      vertex 21.7348 28.5986 3
      vertex 186.265 28.5986 3
      vertex 21.6892 28.9446 3
    endloop
  endfacet
  facet normal 0 0 1
    outer loop
      vertex 186.311 28.9446 3
      vertex 21.6892 28.9446 3
      vertex 186.265 28.5986 3
    endloop
  endfacet
  facet normal 0 -0 1
    outer loop
      vertex 21.6892 28.9446 3
      vertex 186.311 28.9446 3
      vertex 21.6137 29.2853 3
    endloop
  endfacet
  facet normal 0 0 1
    outer loop
      vertex 187.125 111.06 3
      vertex 18.6252 112.31 3
      vertex 21.2141 30.25 3
    endloop
  endfacet
  facet normal 0 0 1
    outer loop
      vertex 187.125 111.06 3
      vertex 21.2141 30.25 3
      vertex 21.3752 29.9405 3
    endloop
  endfacet
  facet normal -0 0 1
    outer loop
      vertex 18.4641 112 3
      vertex 21.2141 30.25 3
      vertex 18.6252 112.31 3
    endloop
  endfacet
  facet normal 0 0 1
    outer loop
      vertex 21.2141 30.25 3
      vertex 18.4641 112 3
      vertex 21.0266 30.5443 3
    endloop
  endfacet
  facet normal -0 0 1
    outer loop
      vertex 18.2766 111.706 3
      vertex 21.0266 30.5443 3
      vertex 18.4641 112 3
    endloop
  endfacet
  facet normal 0 0 1
    outer loop
      vertex 21.0266 30.5443 3
      vertex 18.2766 111.706 3
      vertex 20.8142 30.8211 3
    endloop
  endfacet
  facet normal -0 0 1
    outer loop
      vertex 18.0642 111.429 3
      vertex 20.8142 30.8211 3
      vertex 18.2766 111.706 3
    endloop
  endfacet
  facet normal 0 0 1
    outer loop
      vertex 20.8142 30.8211 3
      vertex 18.0642 111.429 3
      vertex 20.5784 31.0784 3
    endloop
  endfacet
  facet normal -0 0 1
    outer loop
      vertex 17.8284 111.172 3
      vertex 20.5784 31.0784 3
      vertex 18.0642 111.429 3
    endloop
  endfacet
  facet normal 0 0 1
    outer loop
      vertex 186.75 112.75 3
      vertex 19 114 3
      vertex 18.9848 113.651 3
    endloop
  endfacet
  facet normal 0 0 1
    outer loop
      vertex 186.765 113.099 3
      vertex 18.9848 114.349 3
      vertex 19 114 3
    endloop
  endfacet
  facet normal 0 0 1
    outer loop
      vertex 186.811 113.445 3
      vertex 18.9392 114.695 3
      vertex 18.9848 114.349 3
    endloop
  endfacet
  facet normal 0 0 1
    outer loop
      vertex 186.886 113.785 3
      vertex 18.8637 115.035 3
      vertex 18.9392 114.695 3
    endloop
  endfacet
  facet normal 0 0 1
    outer loop
      vertex 186.991 114.118 3
      vertex 18.7588 115.368 3
      vertex 18.8637 115.035 3
    endloop
  endfacet
  facet normal 0 0 1
    outer loop
      vertex 187.125 114.44 3
      vertex 18.6252 115.69 3
      vertex 18.7588 115.368 3
    endloop
  endfacet
  facet normal 0 0 1
    outer loop
      vertex 187.286 114.75 3
      vertex 18.4641 116 3
      vertex 18.6252 115.69 3
    endloop
  endfacet
  facet normal 0 0 1
    outer loop
      vertex 187.473 115.044 3
      vertex 18.2766 116.294 3
      vertex 18.4641 116 3
    endloop
  endfacet
  facet normal 0 0 1
    outer loop
      vertex 187.686 115.321 3
      vertex 18.0642 116.571 3
      vertex 18.2766 116.294 3
    endloop
  endfacet
  facet normal 0 0 1
    outer loop
      vertex 187.922 115.578 3
      vertex 17.8284 116.828 3
      vertex 18.0642 116.571 3
    endloop
  endfacet
  facet normal 0 0 1
    outer loop
      vertex 188.179 115.814 3
      vertex 17.5711 117.064 3
      vertex 17.8284 116.828 3
    endloop
  endfacet
  facet normal 0 0 1
    outer loop
      vertex 188.456 116.027 3
      vertex 17.2943 117.277 3
      vertex 17.5711 117.064 3
    endloop
  endfacet
  facet normal 0 0 1
    outer loop
      vertex 198.25 123.5 3
      vertex 17 117.464 3
      vertex 17.2943 117.277 3
    endloop
  endfacet
  facet normal 0 0 1
    outer loop
      vertex 198.25 123.5 3
      vertex 16.6905 117.625 3
      vertex 17 117.464 3
    endloop
  endfacet
  facet normal 0 0 1
    outer loop
      vertex 198.25 123.5 3
      vertex 16.3681 117.759 3
      vertex 16.6905 117.625 3
    endloop
  endfacet
  facet normal -0 0 1
    outer loop
      vertex 3 123.5 3
      vertex 16.3681 117.759 3
      vertex 198.25 123.5 3
    endloop
  endfacet
  facet normal 0 0 1
    outer loop
      vertex 16.3681 117.759 3
      vertex 3 123.5 3
      vertex 16.0353 117.864 3
    endloop
  endfacet
  facet normal 0 0 1
    outer loop
      vertex 16.0353 117.864 3
      vertex 3 123.5 3
      vertex 15.6946 117.939 3
    endloop
  endfacet
  facet normal 0 0 1
    outer loop
      vertex 15.6946 117.939 3
      vertex 3 123.5 3
      vertex 15.3486 117.985 3
    endloop
  endfacet
  facet normal 0 0 1
    outer loop
      vertex 11.0152 114.349 3
      vertex 3 123.5 3
      vertex 11 114 3
    endloop
  endfacet
  facet normal 0 0 1
    outer loop
      vertex 11.0608 114.695 3
      vertex 3 123.5 3
      vertex 11.0152 114.349 3
    endloop
  endfacet
  facet normal 0 0 1
    outer loop
      vertex 11.1363 115.035 3
      vertex 3 123.5 3
      vertex 11.0608 114.695 3
    endloop
  endfacet
  facet normal 0 0 1
    outer loop
      vertex 11.2412 115.368 3
      vertex 3 123.5 3
      vertex 11.1363 115.035 3
    endloop
  endfacet
  facet normal 0 0 1
    outer loop
      vertex 11.3748 115.69 3
      vertex 3 123.5 3
      vertex 11.2412 115.368 3
    endloop
  endfacet
  facet normal 0 0 1
    outer loop
      vertex 11.5359 116 3
      vertex 3 123.5 3
      vertex 11.3748 115.69 3
    endloop
  endfacet
  facet normal 0 0 1
    outer loop
      vertex 11.7234 116.294 3
      vertex 3 123.5 3
      vertex 11.5359 116 3
    endloop
  endfacet
  facet normal 0 0 1
    outer loop
      vertex 11.9358 116.571 3
      vertex 3 123.5 3
      vertex 11.7234 116.294 3
    endloop
  endfacet
  facet normal 0 0 1
    outer loop
      vertex 12.1716 116.828 3
      vertex 3 123.5 3
      vertex 11.9358 116.571 3
    endloop
  endfacet
  facet normal 0 0 1
    outer loop
      vertex 12.4288 117.064 3
      vertex 3 123.5 3
      vertex 12.1716 116.828 3
    endloop
  endfacet
  facet normal 0 0 1
    outer loop
      vertex 12.7057 117.277 3
      vertex 3 123.5 3
      vertex 12.4288 117.064 3
    endloop
  endfacet
  facet normal 0 0 1
    outer loop
      vertex 13 117.464 3
      vertex 3 123.5 3
      vertex 12.7057 117.277 3
    endloop
  endfacet
  facet normal 0 0 1
    outer loop
      vertex 13.3095 117.625 3
      vertex 3 123.5 3
      vertex 13 117.464 3
    endloop
  endfacet
  facet normal 0 0 1
    outer loop
      vertex 13.6319 117.759 3
      vertex 3 123.5 3
      vertex 13.3095 117.625 3
    endloop
  endfacet
  facet normal 0 0 1
    outer loop
      vertex 13.9647 117.864 3
      vertex 3 123.5 3
      vertex 13.6319 117.759 3
    endloop
  endfacet
  facet normal 0 0 1
    outer loop
      vertex 14.3054 117.939 3
      vertex 3 123.5 3
      vertex 13.9647 117.864 3
    endloop
  endfacet
  facet normal 0 0 1
    outer loop
      vertex 14.6514 117.985 3
      vertex 3 123.5 3
      vertex 14.3054 117.939 3
    endloop
  endfacet
  facet normal 0 0 1
    outer loop
      vertex 15 118 3
      vertex 3 123.5 3
      vertex 14.6514 117.985 3
    endloop
  endfacet
  facet normal 0 0 1
    outer loop
      vertex 15.3486 117.985 3
      vertex 3 123.5 3
      vertex 15 118 3
    endloop
  endfacet
  facet normal 0 0 1
    outer loop
      vertex 194.689 112.055 3
      vertex 198.25 123.5 3
      vertex 194.735 112.401 3
    endloop
  endfacet
  facet normal 0 0 1
    outer loop
      vertex 194.614 111.715 3
      vertex 198.25 123.5 3
      vertex 194.689 112.055 3
    endloop
  endfacet
  facet normal 0 0 1
    outer loop
      vertex 194.235 28.5986 3
      vertex 198.25 123.5 3
      vertex 194.614 111.715 3
    endloop
  endfacet
  facet normal 0 0 1
    outer loop
      vertex 194.235 28.5986 3
      vertex 194.614 111.715 3
      vertex 194.509 111.382 3
    endloop
  endfacet
  facet normal 0 0 1
    outer loop
      vertex 194.009 29.6181 3
      vertex 194.509 111.382 3
      vertex 194.375 111.06 3
    endloop
  endfacet
  facet normal -0 0 1
    outer loop
      vertex 194.235 28.5986 3
      vertex 198.25 3 3
      vertex 198.25 123.5 3
    endloop
  endfacet
  facet normal -0 0 1
    outer loop
      vertex 194.235 27.9014 3
      vertex 198.25 3 3
      vertex 194.25 28.25 3
    endloop
  endfacet
  facet normal -0 0 1
    outer loop
      vertex 194.189 27.5554 3
      vertex 198.25 3 3
      vertex 194.235 27.9014 3
    endloop
  endfacet
  facet normal -0 0 1
    outer loop
      vertex 194.114 27.2147 3
      vertex 198.25 3 3
      vertex 194.189 27.5554 3
    endloop
  endfacet
  facet normal -0 0 1
    outer loop
      vertex 194.009 26.8819 3
      vertex 198.25 3 3
      vertex 194.114 27.2147 3
    endloop
  endfacet
  facet normal -0 0 1
    outer loop
      vertex 193.875 26.5595 3
      vertex 198.25 3 3
      vertex 194.009 26.8819 3
    endloop
  endfacet
  facet normal -0 0 1
    outer loop
      vertex 193.714 26.25 3
      vertex 198.25 3 3
      vertex 193.875 26.5595 3
    endloop
  endfacet
  facet normal -0 0 1
    outer loop
      vertex 193.527 25.9557 3
      vertex 198.25 3 3
      vertex 193.714 26.25 3
    endloop
  endfacet
  facet normal -0 0 1
    outer loop
      vertex 193.314 25.6788 3
      vertex 198.25 3 3
      vertex 193.527 25.9557 3
    endloop
  endfacet
  facet normal -0 0 1
    outer loop
      vertex 193.078 25.4216 3
      vertex 198.25 3 3
      vertex 193.314 25.6788 3
    endloop
  endfacet
  facet normal -0 0 1
    outer loop
      vertex 192.821 25.1858 3
      vertex 198.25 3 3
      vertex 193.078 25.4216 3
    endloop
  endfacet
  facet normal -0 0 1
    outer loop
      vertex 192.544 24.9734 3
      vertex 198.25 3 3
      vertex 192.821 25.1858 3
    endloop
  endfacet
  facet normal -0 0 1
    outer loop
      vertex 192.25 24.7859 3
      vertex 198.25 3 3
      vertex 192.544 24.9734 3
    endloop
  endfacet
  facet normal -0 0 1
    outer loop
      vertex 191.94 24.6248 3
      vertex 198.25 3 3
      vertex 192.25 24.7859 3
    endloop
  endfacet
  facet normal -0 0 1
    outer loop
      vertex 191.618 24.4912 3
      vertex 198.25 3 3
      vertex 191.94 24.6248 3
    endloop
  endfacet
  facet normal -0 0 1
    outer loop
      vertex 191.285 24.3863 3
      vertex 198.25 3 3
      vertex 191.618 24.4912 3
    endloop
  endfacet
  facet normal -0 0 1
    outer loop
      vertex 190.945 24.3108 3
      vertex 198.25 3 3
      vertex 191.285 24.3863 3
    endloop
  endfacet
  facet normal -0 0 1
    outer loop
      vertex 190.599 24.2652 3
      vertex 198.25 3 3
      vertex 190.945 24.3108 3
    endloop
  endfacet
  facet normal -0 0 1
    outer loop
      vertex 190.25 24.25 3
      vertex 198.25 3 3
      vertex 190.599 24.2652 3
    endloop
  endfacet
  facet normal 0 0 1
    outer loop
      vertex 189.901 24.2652 3
      vertex 198.25 3 3
      vertex 190.25 24.25 3
    endloop
  endfacet
  facet normal 0 0 1
    outer loop
      vertex 189.555 24.3108 3
      vertex 198.25 3 3
      vertex 189.901 24.2652 3
    endloop
  endfacet
  facet normal 0 0 1
    outer loop
      vertex 189.215 24.3863 3
      vertex 198.25 3 3
      vertex 189.555 24.3108 3
    endloop
  endfacet
  facet normal 0 0 1
    outer loop
      vertex 188.882 24.4912 3
      vertex 198.25 3 3
      vertex 189.215 24.3863 3
    endloop
  endfacet
  facet normal 0 0 1
    outer loop
      vertex 188.56 24.6248 3
      vertex 198.25 3 3
      vertex 188.882 24.4912 3
    endloop
  endfacet
  facet normal 0 0 1
    outer loop
      vertex 188.25 24.7859 3
      vertex 198.25 3 3
      vertex 188.56 24.6248 3
    endloop
  endfacet
  facet normal 0 0 1
    outer loop
      vertex 187.956 24.9734 3
      vertex 198.25 3 3
      vertex 188.25 24.7859 3
    endloop
  endfacet
  facet normal 0 0 1
    outer loop
      vertex 187.679 25.1858 3
      vertex 198.25 3 3
      vertex 187.956 24.9734 3
    endloop
  endfacet
  facet normal 0 0 1
    outer loop
      vertex 187.422 25.4216 3
      vertex 198.25 3 3
      vertex 187.679 25.1858 3
    endloop
  endfacet
  facet normal 0 0 1
    outer loop
      vertex 187.186 25.6788 3
      vertex 198.25 3 3
      vertex 187.422 25.4216 3
    endloop
  endfacet
  facet normal 0 0 1
    outer loop
      vertex 186.973 25.9557 3
      vertex 198.25 3 3
      vertex 187.186 25.6788 3
    endloop
  endfacet
  facet normal 0 0 1
    outer loop
      vertex 21.0266 25.9557 3
      vertex 186.973 25.9557 3
      vertex 186.786 26.25 3
    endloop
  endfacet
  facet normal 0 0 1
    outer loop
      vertex 21.2141 26.25 3
      vertex 186.786 26.25 3
      vertex 186.625 26.5595 3
    endloop
  endfacet
  facet normal -0 0 1
    outer loop
      vertex 21.75 28.25 3
      vertex 186.265 27.9014 3
      vertex 186.25 28.25 3
    endloop
  endfacet
  facet normal 0 0 1
    outer loop
      vertex 21.7348 27.9014 3
      vertex 186.265 27.9014 3
      vertex 21.75 28.25 3
    endloop
  endfacet
  facet normal 0 0 1
    outer loop
      vertex 186.265 27.9014 3
      vertex 21.7348 27.9014 3
      vertex 186.311 27.5554 3
    endloop
  endfacet
  facet normal 0 0 1
    outer loop
      vertex 21.6892 27.5554 3
      vertex 186.311 27.5554 3
      vertex 21.7348 27.9014 3
    endloop
  endfacet
  facet normal 0 0 1
    outer loop
      vertex 186.311 27.5554 3
      vertex 21.6892 27.5554 3
      vertex 186.386 27.2147 3
    endloop
  endfacet
  facet normal 0 0 1
    outer loop
      vertex 21.6137 27.2147 3
      vertex 186.386 27.2147 3
      vertex 21.6892 27.5554 3
    endloop
  endfacet
  facet normal 0 0 1
    outer loop
      vertex 186.386 27.2147 3
      vertex 21.6137 27.2147 3
      vertex 186.491 26.8819 3
    endloop
  endfacet
  facet normal 0 0 1
    outer loop
      vertex 21.5088 26.8819 3
      vertex 186.491 26.8819 3
      vertex 21.6137 27.2147 3
    endloop
  endfacet
  facet normal 0 0 1
    outer loop
      vertex 186.491 26.8819 3
      vertex 21.5088 26.8819 3
      vertex 186.625 26.5595 3
    endloop
  endfacet
  facet normal 0 0 1
    outer loop
      vertex 21.3752 26.5595 3
      vertex 186.625 26.5595 3
      vertex 21.5088 26.8819 3
    endloop
  endfacet
  facet normal 0 0 1
    outer loop
      vertex 21.2141 26.25 3
      vertex 186.625 26.5595 3
      vertex 21.3752 26.5595 3
    endloop
  endfacet
  facet normal 0 0 1
    outer loop
      vertex 186.786 26.25 3
      vertex 21.2141 26.25 3
      vertex 21.0266 25.9557 3
    endloop
  endfacet
  facet normal 0 0 1
    outer loop
      vertex 186.973 25.9557 3
      vertex 21.0266 25.9557 3
      vertex 198.25 3 3
    endloop
  endfacet
  facet normal -0 0 1
    outer loop
      vertex 20.8142 25.6788 3
      vertex 198.25 3 3
      vertex 21.0266 25.9557 3
    endloop
  endfacet
  facet normal -0 0 1
    outer loop
      vertex 20.5784 25.4216 3
      vertex 198.25 3 3
      vertex 20.8142 25.6788 3
    endloop
  endfacet
  facet normal 0 0 1
    outer loop
      vertex 3 3 3
      vertex 20.5784 25.4216 3
      vertex 20.3211 25.1858 3
    endloop
  endfacet
  facet normal 0 0 1
    outer loop
      vertex 3 3 3
      vertex 20.3211 25.1858 3
      vertex 20.0443 24.9734 3
    endloop
  endfacet
  facet normal 0 0 1
    outer loop
      vertex 3 3 3
      vertex 20.0443 24.9734 3
      vertex 19.75 24.7859 3
    endloop
  endfacet
  facet normal 0 0 1
    outer loop
      vertex 3 3 3
      vertex 19.75 24.7859 3
      vertex 19.4405 24.6248 3
    endloop
  endfacet
  facet normal 0 0 1
    outer loop
      vertex 3 3 3
      vertex 19.4405 24.6248 3
      vertex 19.1181 24.4912 3
    endloop
  endfacet
  facet normal 0 0 1
    outer loop
      vertex 3 3 3
      vertex 19.1181 24.4912 3
      vertex 18.7853 24.3863 3
    endloop
  endfacet
  facet normal 0 0 1
    outer loop
      vertex 3 3 3
      vertex 18.7853 24.3863 3
      vertex 18.4446 24.3108 3
    endloop
  endfacet
  facet normal 0 0 1
    outer loop
      vertex 3 3 3
      vertex 18.4446 24.3108 3
      vertex 18.0986 24.2652 3
    endloop
  endfacet
  facet normal 0 0 1
    outer loop
      vertex 3 3 3
      vertex 18.0986 24.2652 3
      vertex 17.75 24.25 3
    endloop
  endfacet
  facet normal 0 0 1
    outer loop
      vertex 3 3 3
      vertex 17.75 24.25 3
      vertex 17.4014 24.2652 3
    endloop
  endfacet
  facet normal 0 0 1
    outer loop
      vertex 14.4734 30.5443 3
      vertex 11.7234 111.706 3
      vertex 14.2859 30.25 3
    endloop
  endfacet
  facet normal 0 0 1
    outer loop
      vertex 11.5359 112 3
      vertex 14.2859 30.25 3
      vertex 11.7234 111.706 3
    endloop
  endfacet
  facet normal 0 0 1
    outer loop
      vertex 14.2859 30.25 3
      vertex 11.5359 112 3
      vertex 14.1248 29.9405 3
    endloop
  endfacet
  facet normal 0 0 1
    outer loop
      vertex 3 123.5 3
      vertex 14.1248 29.9405 3
      vertex 11.5359 112 3
    endloop
  endfacet
  facet normal 0 0 1
    outer loop
      vertex 14.1248 29.9405 3
      vertex 3 123.5 3
      vertex 13.9912 29.6181 3
    endloop
  endfacet
  facet normal 0 0 1
    outer loop
      vertex 13.9912 29.6181 3
      vertex 3 123.5 3
      vertex 13.8863 29.2853 3
    endloop
  endfacet
  facet normal 0 0 1
    outer loop
      vertex 3 3 3
      vertex 13.8863 29.2853 3
      vertex 3 123.5 3
    endloop
  endfacet
  facet normal 0 0 1
    outer loop
      vertex 13.8863 29.2853 3
      vertex 3 3 3
      vertex 13.8108 28.9446 3
    endloop
  endfacet
  facet normal 0 0 1
    outer loop
      vertex 3 123.5 3
      vertex 11.5359 112 3
      vertex 11.3748 112.31 3
    endloop
  endfacet
  facet normal 0 0 1
    outer loop
      vertex 3 123.5 3
      vertex 11.3748 112.31 3
      vertex 11.2412 112.632 3
    endloop
  endfacet
  facet normal 0 0 1
    outer loop
      vertex 3 123.5 3
      vertex 11.2412 112.632 3
      vertex 11.1363 112.965 3
    endloop
  endfacet
  facet normal 0 0 1
    outer loop
      vertex 3 123.5 3
      vertex 11.1363 112.965 3
      vertex 11.0608 113.305 3
    endloop
  endfacet
  facet normal 0 0 1
    outer loop
      vertex 3 123.5 3
      vertex 11.0608 113.305 3
      vertex 11.0152 113.651 3
    endloop
  endfacet
  facet normal 0 0 1
    outer loop
      vertex 3 123.5 3
      vertex 11.0152 113.651 3
      vertex 11 114 3
    endloop
  endfacet
  facet normal 0 0 1
    outer loop
      vertex 13.8108 28.9446 3
      vertex 3 3 3
      vertex 13.7652 28.5986 3
    endloop
  endfacet
  facet normal 0 0 1
    outer loop
      vertex 13.7652 28.5986 3
      vertex 3 3 3
      vertex 13.75 28.25 3
    endloop
  endfacet
  facet normal 0 0 1
    outer loop
      vertex 20.5784 25.4216 3
      vertex 3 3 3
      vertex 198.25 3 3
    endloop
  endfacet
  facet normal 0 0 1
    outer loop
      vertex 17.0554 24.3108 3
      vertex 3 3 3
      vertex 17.4014 24.2652 3
    endloop
  endfacet
  facet normal 0 0 1
    outer loop
      vertex 16.7147 24.3863 3
      vertex 3 3 3
      vertex 17.0554 24.3108 3
    endloop
  endfacet
  facet normal 0 0 1
    outer loop
      vertex 16.3819 24.4912 3
      vertex 3 3 3
      vertex 16.7147 24.3863 3
    endloop
  endfacet
  facet normal 0 0 1
    outer loop
      vertex 16.0595 24.6248 3
      vertex 3 3 3
      vertex 16.3819 24.4912 3
    endloop
  endfacet
  facet normal 0 0 1
    outer loop
      vertex 15.75 24.7859 3
      vertex 3 3 3
      vertex 16.0595 24.6248 3
    endloop
  endfacet
  facet normal 0 0 1
    outer loop
      vertex 15.4557 24.9734 3
      vertex 3 3 3
      vertex 15.75 24.7859 3
    endloop
  endfacet
  facet normal 0 0 1
    outer loop
      vertex 15.1788 25.1858 3
      vertex 3 3 3
      vertex 15.4557 24.9734 3
    endloop
  endfacet
  facet normal 0 0 1
    outer loop
      vertex 14.9216 25.4216 3
      vertex 3 3 3
      vertex 15.1788 25.1858 3
    endloop
  endfacet
  facet normal 0 0 1
    outer loop
      vertex 14.6858 25.6788 3
      vertex 3 3 3
      vertex 14.9216 25.4216 3
    endloop
  endfacet
  facet normal 0 0 1
    outer loop
      vertex 14.4734 25.9557 3
      vertex 3 3 3
      vertex 14.6858 25.6788 3
    endloop
  endfacet
  facet normal 0 0 1
    outer loop
      vertex 14.2859 26.25 3
      vertex 3 3 3
      vertex 14.4734 25.9557 3
    endloop
  endfacet
  facet normal 0 0 1
    outer loop
      vertex 14.1248 26.5595 3
      vertex 3 3 3
      vertex 14.2859 26.25 3
    endloop
  endfacet
  facet normal 0 0 1
    outer loop
      vertex 13.9912 26.8819 3
      vertex 3 3 3
      vertex 14.1248 26.5595 3
    endloop
  endfacet
  facet normal 0 0 1
    outer loop
      vertex 13.8863 27.2147 3
      vertex 3 3 3
      vertex 13.9912 26.8819 3
    endloop
  endfacet
  facet normal 0 0 1
    outer loop
      vertex 13.8108 27.5554 3
      vertex 3 3 3
      vertex 13.8863 27.2147 3
    endloop
  endfacet
  facet normal 0 0 1
    outer loop
      vertex 13.7652 27.9014 3
      vertex 3 3 3
      vertex 13.8108 27.5554 3
    endloop
  endfacet
  facet normal 0 0 1
    outer loop
      vertex 13.75 28.25 3
      vertex 3 3 3
      vertex 13.7652 27.9014 3
    endloop
  endfacet
  facet normal 0 0 1
    outer loop
      vertex 186.765 112.401 3
      vertex 18.9848 113.651 3
      vertex 18.9392 113.305 3
    endloop
  endfacet
  facet normal 0 0 1
    outer loop
      vertex 186.811 112.055 3
      vertex 18.9392 113.305 3
      vertex 18.8637 112.965 3
    endloop
  endfacet
  facet normal 0 0 1
    outer loop
      vertex 186.886 111.715 3
      vertex 18.8637 112.965 3
      vertex 18.7588 112.632 3
    endloop
  endfacet
  facet normal 0 0 1
    outer loop
      vertex 186.991 111.382 3
      vertex 18.7588 112.632 3
      vertex 18.6252 112.31 3
    endloop
  endfacet
  facet normal 0 0 1
    outer loop
      vertex 20.5784 31.0784 3
      vertex 17.8284 111.172 3
      vertex 20.3211 31.3142 3
    endloop
  endfacet
  facet normal -0 0 1
    outer loop
      vertex 17.5711 110.936 3
      vertex 20.3211 31.3142 3
      vertex 17.8284 111.172 3
    endloop
  endfacet
  facet normal 0 0 1
    outer loop
      vertex 20.3211 31.3142 3
      vertex 17.5711 110.936 3
      vertex 20.0443 31.5266 3
    endloop
  endfacet
  facet normal -0 0 1
    outer loop
      vertex 17.2943 110.723 3
      vertex 20.0443 31.5266 3
      vertex 17.5711 110.936 3
    endloop
  endfacet
  facet normal 0 0 1
    outer loop
      vertex 20.0443 31.5266 3
      vertex 17.2943 110.723 3
      vertex 19.75 31.7141 3
    endloop
  endfacet
  facet normal -0 0 1
    outer loop
      vertex 17 110.536 3
      vertex 19.75 31.7141 3
      vertex 17.2943 110.723 3
    endloop
  endfacet
  facet normal 0 0 1
    outer loop
      vertex 19.75 31.7141 3
      vertex 17 110.536 3
      vertex 19.4405 31.8752 3
    endloop
  endfacet
  facet normal -0 0 1
    outer loop
      vertex 16.6905 110.375 3
      vertex 19.4405 31.8752 3
      vertex 17 110.536 3
    endloop
  endfacet
  facet normal 0 0 1
    outer loop
      vertex 19.4405 31.8752 3
      vertex 16.6905 110.375 3
      vertex 19.1181 32.0088 3
    endloop
  endfacet
  facet normal -0 0 1
    outer loop
      vertex 16.3681 110.241 3
      vertex 19.1181 32.0088 3
      vertex 16.6905 110.375 3
    endloop
  endfacet
  facet normal 0 0 1
    outer loop
      vertex 19.1181 32.0088 3
      vertex 16.3681 110.241 3
      vertex 18.7853 32.1137 3
    endloop
  endfacet
  facet normal -0 0 1
    outer loop
      vertex 16.0353 110.136 3
      vertex 18.7853 32.1137 3
      vertex 16.3681 110.241 3
    endloop
  endfacet
  facet normal 0 0 1
    outer loop
      vertex 18.7853 32.1137 3
      vertex 16.0353 110.136 3
      vertex 18.4446 32.1892 3
    endloop
  endfacet
  facet normal -0 0 1
    outer loop
      vertex 15.6946 110.061 3
      vertex 18.4446 32.1892 3
      vertex 16.0353 110.136 3
    endloop
  endfacet
  facet normal 0 0 1
    outer loop
      vertex 18.4446 32.1892 3
      vertex 15.6946 110.061 3
      vertex 18.0986 32.2348 3
    endloop
  endfacet
  facet normal -0 0 1
    outer loop
      vertex 15.3486 110.015 3
      vertex 18.0986 32.2348 3
      vertex 15.6946 110.061 3
    endloop
  endfacet
  facet normal 0 0 1
    outer loop
      vertex 18.0986 32.2348 3
      vertex 15.3486 110.015 3
      vertex 17.75 32.25 3
    endloop
  endfacet
  facet normal -0 0 1
    outer loop
      vertex 15 110 3
      vertex 17.75 32.25 3
      vertex 15.3486 110.015 3
    endloop
  endfacet
  facet normal 0 0 1
    outer loop
      vertex 17.75 32.25 3
      vertex 15 110 3
      vertex 17.4014 32.2348 3
    endloop
  endfacet
  facet normal 0 0 1
    outer loop
      vertex 14.6514 110.015 3
      vertex 17.4014 32.2348 3
      vertex 15 110 3
    endloop
  endfacet
  facet normal 0 0 1
    outer loop
      vertex 17.4014 32.2348 3
      vertex 14.6514 110.015 3
      vertex 17.0554 32.1892 3
    endloop
  endfacet
  facet normal 0 0 1
    outer loop
      vertex 14.3054 110.061 3
      vertex 17.0554 32.1892 3
      vertex 14.6514 110.015 3
    endloop
  endfacet
  facet normal 0 0 1
    outer loop
      vertex 17.0554 32.1892 3
      vertex 14.3054 110.061 3
      vertex 16.7147 32.1137 3
    endloop
  endfacet
  facet normal 0 0 1
    outer loop
      vertex 13.9647 110.136 3
      vertex 16.7147 32.1137 3
      vertex 14.3054 110.061 3
    endloop
  endfacet
  facet normal 0 0 1
    outer loop
      vertex 16.7147 32.1137 3
      vertex 13.9647 110.136 3
      vertex 16.3819 32.0088 3
    endloop
  endfacet
  facet normal 0 0 1
    outer loop
      vertex 13.6319 110.241 3
      vertex 16.3819 32.0088 3
      vertex 13.9647 110.136 3
    endloop
  endfacet
  facet normal 0 0 1
    outer loop
      vertex 16.3819 32.0088 3
      vertex 13.6319 110.241 3
      vertex 16.0595 31.8752 3
    endloop
  endfacet
  facet normal 0 0 1
    outer loop
      vertex 13.3095 110.375 3
      vertex 16.0595 31.8752 3
      vertex 13.6319 110.241 3
    endloop
  endfacet
  facet normal 0 0 1
    outer loop
      vertex 16.0595 31.8752 3
      vertex 13.3095 110.375 3
      vertex 15.75 31.7141 3
    endloop
  endfacet
  facet normal 0 0 1
    outer loop
      vertex 13 110.536 3
      vertex 15.75 31.7141 3
      vertex 13.3095 110.375 3
    endloop
  endfacet
  facet normal 0 0 1
    outer loop
      vertex 15.75 31.7141 3
      vertex 13 110.536 3
      vertex 15.4557 31.5266 3
    endloop
  endfacet
  facet normal 0 0 1
    outer loop
      vertex 12.7057 110.723 3
      vertex 15.4557 31.5266 3
      vertex 13 110.536 3
    endloop
  endfacet
  facet normal 0 0 1
    outer loop
      vertex 15.4557 31.5266 3
      vertex 12.7057 110.723 3
      vertex 15.1788 31.3142 3
    endloop
  endfacet
  facet normal 0 0 1
    outer loop
      vertex 12.4288 110.936 3
      vertex 15.1788 31.3142 3
      vertex 12.7057 110.723 3
    endloop
  endfacet
  facet normal 0 0 1
    outer loop
      vertex 15.1788 31.3142 3
      vertex 12.4288 110.936 3
      vertex 14.9216 31.0784 3
    endloop
  endfacet
  facet normal 0 0 1
    outer loop
      vertex 12.1716 111.172 3
      vertex 14.9216 31.0784 3
      vertex 12.4288 110.936 3
    endloop
  endfacet
  facet normal 0 0 1
    outer loop
      vertex 14.9216 31.0784 3
      vertex 12.1716 111.172 3
      vertex 14.6858 30.8211 3
    endloop
  endfacet
  facet normal 0 0 1
    outer loop
      vertex 11.9358 111.429 3
      vertex 14.6858 30.8211 3
      vertex 12.1716 111.172 3
    endloop
  endfacet
  facet normal 0 0 1
    outer loop
      vertex 14.6858 30.8211 3
      vertex 11.9358 111.429 3
      vertex 14.4734 30.5443 3
    endloop
  endfacet
  facet normal 0 0 1
    outer loop
      vertex 11.7234 111.706 3
      vertex 14.4734 30.5443 3
      vertex 11.9358 111.429 3
    endloop
  endfacet
  facet normal -0.0435118 -0.999053 0
    outer loop
      vertex 189.901 24.2652 3
      vertex 190.25 24.25 9
      vertex 189.901 24.2652 9
    endloop
  endfacet
  facet normal -0.0435118 -0.999053 -0
    outer loop
      vertex 190.25 24.25 9
      vertex 189.901 24.2652 3
      vertex 190.25 24.25 3
    endloop
  endfacet
  facet normal 0.53771 -0.84313 0
    outer loop
      vertex 192.25 24.7859 3
      vertex 192.544 24.9734 9
      vertex 192.25 24.7859 9
    endloop
  endfacet
  facet normal 0.53771 -0.84313 0
    outer loop
      vertex 192.544 24.9734 9
      vertex 192.25 24.7859 3
      vertex 192.544 24.9734 3
    endloop
  endfacet
  facet normal 0.991278 0.131788 0
    outer loop
      vertex 194.235 28.5986 9
      vertex 194.189 28.9446 3
      vertex 194.189 28.9446 9
    endloop
  endfacet
  facet normal 0.991278 0.131788 0
    outer loop
      vertex 194.189 28.9446 3
      vertex 194.235 28.5986 9
      vertex 194.235 28.5986 3
    endloop
  endfacet
  facet normal 0.999076 0.0429895 0
    outer loop
      vertex 194.25 28.25 9
      vertex 194.235 28.5986 3
      vertex 194.235 28.5986 9
    endloop
  endfacet
  facet normal 0.999076 0.0429895 0
    outer loop
      vertex 194.235 28.5986 3
      vertex 194.25 28.25 9
      vertex 194.25 28.25 3
    endloop
  endfacet
  facet normal 0.976617 0.214988 0
    outer loop
      vertex 194.189 28.9446 9
      vertex 194.114 29.2853 3
      vertex 194.114 29.2853 9
    endloop
  endfacet
  facet normal 0.976617 0.214988 0
    outer loop
      vertex 194.114 29.2853 3
      vertex 194.189 28.9446 9
      vertex 194.189 28.9446 3
    endloop
  endfacet
  facet normal 0 0 1
    outer loop
      vertex 191.85 28.25 9
      vertex 194.25 28.25 9
      vertex 194.235 28.5986 9
    endloop
  endfacet
  facet normal 0 0 1
    outer loop
      vertex 191.844 28.3895 9
      vertex 194.235 28.5986 9
      vertex 194.189 28.9446 9
    endloop
  endfacet
  facet normal 0 0 1
    outer loop
      vertex 194.25 28.25 9
      vertex 191.85 28.25 9
      vertex 194.235 27.9014 9
    endloop
  endfacet
  facet normal 0 0 1
    outer loop
      vertex 191.826 28.5278 9
      vertex 194.189 28.9446 9
      vertex 194.114 29.2853 9
    endloop
  endfacet
  facet normal -0 0 1
    outer loop
      vertex 191.844 28.1105 9
      vertex 194.235 27.9014 9
      vertex 191.85 28.25 9
    endloop
  endfacet
  facet normal 0 0 1
    outer loop
      vertex 191.795 28.6641 9
      vertex 194.114 29.2853 9
      vertex 194.009 29.6181 9
    endloop
  endfacet
  facet normal 0 0 1
    outer loop
      vertex 194.235 27.9014 9
      vertex 191.844 28.1105 9
      vertex 194.189 27.5554 9
    endloop
  endfacet
  facet normal 0 0 1
    outer loop
      vertex 191.754 28.7972 9
      vertex 194.009 29.6181 9
      vertex 193.875 29.9405 9
    endloop
  endfacet
  facet normal -0 0 1
    outer loop
      vertex 191.826 27.9722 9
      vertex 194.189 27.5554 9
      vertex 191.844 28.1105 9
    endloop
  endfacet
  facet normal 0 0 1
    outer loop
      vertex 191.7 28.9262 9
      vertex 193.875 29.9405 9
      vertex 193.714 30.25 9
    endloop
  endfacet
  facet normal 0 0 1
    outer loop
      vertex 194.189 27.5554 9
      vertex 191.826 27.9722 9
      vertex 194.114 27.2147 9
    endloop
  endfacet
  facet normal 0 0 1
    outer loop
      vertex 191.636 29.05 9
      vertex 193.714 30.25 9
      vertex 193.527 30.5443 9
    endloop
  endfacet
  facet normal -0 0 1
    outer loop
      vertex 191.795 27.8359 9
      vertex 194.114 27.2147 9
      vertex 191.826 27.9722 9
    endloop
  endfacet
  facet normal 0 0 1
    outer loop
      vertex 191.561 29.1677 9
      vertex 193.527 30.5443 9
      vertex 193.314 30.8211 9
    endloop
  endfacet
  facet normal 0 0 1
    outer loop
      vertex 194.114 27.2147 9
      vertex 191.795 27.8359 9
      vertex 194.009 26.8819 9
    endloop
  endfacet
  facet normal 0 0 1
    outer loop
      vertex 191.476 29.2785 9
      vertex 193.314 30.8211 9
      vertex 193.078 31.0784 9
    endloop
  endfacet
  facet normal -0 0 1
    outer loop
      vertex 191.754 27.7028 9
      vertex 194.009 26.8819 9
      vertex 191.795 27.8359 9
    endloop
  endfacet
  facet normal 0 0 1
    outer loop
      vertex 191.381 29.3814 9
      vertex 193.078 31.0784 9
      vertex 192.821 31.3142 9
    endloop
  endfacet
  facet normal 0 0 1
    outer loop
      vertex 194.009 26.8819 9
      vertex 191.754 27.7028 9
      vertex 193.875 26.5595 9
    endloop
  endfacet
  facet normal 0 0 1
    outer loop
      vertex 191.278 29.4757 9
      vertex 192.821 31.3142 9
      vertex 192.544 31.5266 9
    endloop
  endfacet
  facet normal -0 0 1
    outer loop
      vertex 191.7 27.5738 9
      vertex 193.875 26.5595 9
      vertex 191.754 27.7028 9
    endloop
  endfacet
  facet normal 0 0 1
    outer loop
      vertex 191.168 29.5606 9
      vertex 192.544 31.5266 9
      vertex 192.25 31.7141 9
    endloop
  endfacet
  facet normal 0 0 1
    outer loop
      vertex 193.875 26.5595 9
      vertex 191.7 27.5738 9
      vertex 193.714 26.25 9
    endloop
  endfacet
  facet normal 0 0 1
    outer loop
      vertex 191.05 29.6356 9
      vertex 192.25 31.7141 9
      vertex 191.94 31.8752 9
    endloop
  endfacet
  facet normal -0 0 1
    outer loop
      vertex 191.636 27.45 9
      vertex 193.714 26.25 9
      vertex 191.7 27.5738 9
    endloop
  endfacet
  facet normal 0 0 1
    outer loop
      vertex 193.714 26.25 9
      vertex 191.636 27.45 9
      vertex 193.527 25.9557 9
    endloop
  endfacet
  facet normal 0 0 1
    outer loop
      vertex 194.235 28.5986 9
      vertex 191.844 28.3895 9
      vertex 191.85 28.25 9
    endloop
  endfacet
  facet normal 0 0 1
    outer loop
      vertex 194.189 28.9446 9
      vertex 191.826 28.5278 9
      vertex 191.844 28.3895 9
    endloop
  endfacet
  facet normal 0 0 1
    outer loop
      vertex 194.114 29.2853 9
      vertex 191.795 28.6641 9
      vertex 191.826 28.5278 9
    endloop
  endfacet
  facet normal 0 0 1
    outer loop
      vertex 194.009 29.6181 9
      vertex 191.754 28.7972 9
      vertex 191.795 28.6641 9
    endloop
  endfacet
  facet normal 0 0 1
    outer loop
      vertex 193.875 29.9405 9
      vertex 191.7 28.9262 9
      vertex 191.754 28.7972 9
    endloop
  endfacet
  facet normal 0 0 1
    outer loop
      vertex 193.714 30.25 9
      vertex 191.636 29.05 9
      vertex 191.7 28.9262 9
    endloop
  endfacet
  facet normal 0 0 1
    outer loop
      vertex 190.926 29.7001 9
      vertex 191.94 31.8752 9
      vertex 191.618 32.0088 9
    endloop
  endfacet
  facet normal 0 0 1
    outer loop
      vertex 193.527 30.5443 9
      vertex 191.561 29.1677 9
      vertex 191.636 29.05 9
    endloop
  endfacet
  facet normal 0 0 1
    outer loop
      vertex 193.314 30.8211 9
      vertex 191.476 29.2785 9
      vertex 191.561 29.1677 9
    endloop
  endfacet
  facet normal 0 0 1
    outer loop
      vertex 193.078 31.0784 9
      vertex 191.381 29.3814 9
      vertex 191.476 29.2785 9
    endloop
  endfacet
  facet normal 0 0 1
    outer loop
      vertex 190.797 29.7535 9
      vertex 191.618 32.0088 9
      vertex 191.285 32.1137 9
    endloop
  endfacet
  facet normal 0 0 1
    outer loop
      vertex 192.821 31.3142 9
      vertex 191.278 29.4757 9
      vertex 191.381 29.3814 9
    endloop
  endfacet
  facet normal 0 0 1
    outer loop
      vertex 192.544 31.5266 9
      vertex 191.168 29.5606 9
      vertex 191.278 29.4757 9
    endloop
  endfacet
  facet normal 0 0 1
    outer loop
      vertex 192.25 31.7141 9
      vertex 191.05 29.6356 9
      vertex 191.168 29.5606 9
    endloop
  endfacet
  facet normal 0 0 1
    outer loop
      vertex 190.664 29.7955 9
      vertex 191.285 32.1137 9
      vertex 190.945 32.1892 9
    endloop
  endfacet
  facet normal 0 0 1
    outer loop
      vertex 191.94 31.8752 9
      vertex 190.926 29.7001 9
      vertex 191.05 29.6356 9
    endloop
  endfacet
  facet normal 0 0 1
    outer loop
      vertex 191.618 32.0088 9
      vertex 190.797 29.7535 9
      vertex 190.926 29.7001 9
    endloop
  endfacet
  facet normal 0 0 1
    outer loop
      vertex 191.285 32.1137 9
      vertex 190.664 29.7955 9
      vertex 190.797 29.7535 9
    endloop
  endfacet
  facet normal 0 0 1
    outer loop
      vertex 190.528 29.8257 9
      vertex 190.945 32.1892 9
      vertex 190.599 32.2348 9
    endloop
  endfacet
  facet normal 0 0 1
    outer loop
      vertex 190.945 32.1892 9
      vertex 190.528 29.8257 9
      vertex 190.664 29.7955 9
    endloop
  endfacet
  facet normal 0 0 1
    outer loop
      vertex 190.599 32.2348 9
      vertex 190.389 29.8439 9
      vertex 190.528 29.8257 9
    endloop
  endfacet
  facet normal 0 0 1
    outer loop
      vertex 190.25 32.25 9
      vertex 190.389 29.8439 9
      vertex 190.599 32.2348 9
    endloop
  endfacet
  facet normal 0 0 1
    outer loop
      vertex 190.25 32.25 9
      vertex 190.25 29.85 9
      vertex 190.389 29.8439 9
    endloop
  endfacet
  facet normal 0 0 1
    outer loop
      vertex 190.25 32.25 9
      vertex 190.111 29.8439 9
      vertex 190.25 29.85 9
    endloop
  endfacet
  facet normal -0 0 1
    outer loop
      vertex 189.901 32.2348 9
      vertex 190.111 29.8439 9
      vertex 190.25 32.25 9
    endloop
  endfacet
  facet normal 0 0 1
    outer loop
      vertex 190.111 29.8439 9
      vertex 189.901 32.2348 9
      vertex 189.972 29.8257 9
    endloop
  endfacet
  facet normal -0 0 1
    outer loop
      vertex 189.555 32.1892 9
      vertex 189.972 29.8257 9
      vertex 189.901 32.2348 9
    endloop
  endfacet
  facet normal 0 0 1
    outer loop
      vertex 189.972 29.8257 9
      vertex 189.555 32.1892 9
      vertex 189.836 29.7955 9
    endloop
  endfacet
  facet normal -0 0 1
    outer loop
      vertex 189.215 32.1137 9
      vertex 189.836 29.7955 9
      vertex 189.555 32.1892 9
    endloop
  endfacet
  facet normal 0 0 1
    outer loop
      vertex 189.836 29.7955 9
      vertex 189.215 32.1137 9
      vertex 189.703 29.7535 9
    endloop
  endfacet
  facet normal -0 0 1
    outer loop
      vertex 188.882 32.0088 9
      vertex 189.703 29.7535 9
      vertex 189.215 32.1137 9
    endloop
  endfacet
  facet normal 0 0 1
    outer loop
      vertex 189.703 29.7535 9
      vertex 188.882 32.0088 9
      vertex 189.574 29.7001 9
    endloop
  endfacet
  facet normal -0 0 1
    outer loop
      vertex 188.56 31.8752 9
      vertex 189.574 29.7001 9
      vertex 188.882 32.0088 9
    endloop
  endfacet
  facet normal 0 0 1
    outer loop
      vertex 189.574 29.7001 9
      vertex 188.56 31.8752 9
      vertex 189.45 29.6356 9
    endloop
  endfacet
  facet normal -0 0 1
    outer loop
      vertex 188.25 31.7141 9
      vertex 189.45 29.6356 9
      vertex 188.56 31.8752 9
    endloop
  endfacet
  facet normal 0 0 1
    outer loop
      vertex 189.45 29.6356 9
      vertex 188.25 31.7141 9
      vertex 189.332 29.5606 9
    endloop
  endfacet
  facet normal -0 0 1
    outer loop
      vertex 187.956 31.5266 9
      vertex 189.332 29.5606 9
      vertex 188.25 31.7141 9
    endloop
  endfacet
  facet normal 0 0 1
    outer loop
      vertex 189.332 29.5606 9
      vertex 187.956 31.5266 9
      vertex 189.222 29.4757 9
    endloop
  endfacet
  facet normal -0 0 1
    outer loop
      vertex 187.679 31.3142 9
      vertex 189.222 29.4757 9
      vertex 187.956 31.5266 9
    endloop
  endfacet
  facet normal 0 0 1
    outer loop
      vertex 189.222 29.4757 9
      vertex 187.679 31.3142 9
      vertex 189.119 29.3814 9
    endloop
  endfacet
  facet normal -0 0 1
    outer loop
      vertex 187.422 31.0784 9
      vertex 189.119 29.3814 9
      vertex 187.679 31.3142 9
    endloop
  endfacet
  facet normal 0 0 1
    outer loop
      vertex 189.119 29.3814 9
      vertex 187.422 31.0784 9
      vertex 189.024 29.2785 9
    endloop
  endfacet
  facet normal -0 0 1
    outer loop
      vertex 187.186 30.8211 9
      vertex 189.024 29.2785 9
      vertex 187.422 31.0784 9
    endloop
  endfacet
  facet normal 0 0 1
    outer loop
      vertex 189.024 29.2785 9
      vertex 187.186 30.8211 9
      vertex 188.939 29.1677 9
    endloop
  endfacet
  facet normal 0 0 1
    outer loop
      vertex 188.939 29.1677 9
      vertex 186.973 30.5443 9
      vertex 188.864 29.05 9
    endloop
  endfacet
  facet normal -0 0 1
    outer loop
      vertex 186.973 30.5443 9
      vertex 188.939 29.1677 9
      vertex 187.186 30.8211 9
    endloop
  endfacet
  facet normal -0 0 1
    outer loop
      vertex 191.561 27.3323 9
      vertex 193.527 25.9557 9
      vertex 191.636 27.45 9
    endloop
  endfacet
  facet normal 0 0 1
    outer loop
      vertex 193.527 25.9557 9
      vertex 191.561 27.3323 9
      vertex 193.314 25.6788 9
    endloop
  endfacet
  facet normal -0 0 1
    outer loop
      vertex 191.476 27.2215 9
      vertex 193.314 25.6788 9
      vertex 191.561 27.3323 9
    endloop
  endfacet
  facet normal 0 0 1
    outer loop
      vertex 193.314 25.6788 9
      vertex 191.476 27.2215 9
      vertex 193.078 25.4216 9
    endloop
  endfacet
  facet normal -0 0 1
    outer loop
      vertex 191.381 27.1186 9
      vertex 193.078 25.4216 9
      vertex 191.476 27.2215 9
    endloop
  endfacet
  facet normal 0 0 1
    outer loop
      vertex 193.078 25.4216 9
      vertex 191.381 27.1186 9
      vertex 192.821 25.1858 9
    endloop
  endfacet
  facet normal -0 0 1
    outer loop
      vertex 191.278 27.0243 9
      vertex 192.821 25.1858 9
      vertex 191.381 27.1186 9
    endloop
  endfacet
  facet normal 0 0 1
    outer loop
      vertex 192.821 25.1858 9
      vertex 191.278 27.0243 9
      vertex 192.544 24.9734 9
    endloop
  endfacet
  facet normal -0 0 1
    outer loop
      vertex 191.168 26.9394 9
      vertex 192.544 24.9734 9
      vertex 191.278 27.0243 9
    endloop
  endfacet
  facet normal 0 0 1
    outer loop
      vertex 192.544 24.9734 9
      vertex 191.168 26.9394 9
      vertex 192.25 24.7859 9
    endloop
  endfacet
  facet normal -0 0 1
    outer loop
      vertex 191.05 26.8644 9
      vertex 192.25 24.7859 9
      vertex 191.168 26.9394 9
    endloop
  endfacet
  facet normal 0 0 1
    outer loop
      vertex 192.25 24.7859 9
      vertex 191.05 26.8644 9
      vertex 191.94 24.6248 9
    endloop
  endfacet
  facet normal -0 0 1
    outer loop
      vertex 190.926 26.7999 9
      vertex 191.94 24.6248 9
      vertex 191.05 26.8644 9
    endloop
  endfacet
  facet normal 0 0 1
    outer loop
      vertex 191.94 24.6248 9
      vertex 190.926 26.7999 9
      vertex 191.618 24.4912 9
    endloop
  endfacet
  facet normal -0 0 1
    outer loop
      vertex 190.797 26.7465 9
      vertex 191.618 24.4912 9
      vertex 190.926 26.7999 9
    endloop
  endfacet
  facet normal 0 0 1
    outer loop
      vertex 191.618 24.4912 9
      vertex 190.797 26.7465 9
      vertex 191.285 24.3863 9
    endloop
  endfacet
  facet normal -0 0 1
    outer loop
      vertex 190.664 26.7045 9
      vertex 191.285 24.3863 9
      vertex 190.797 26.7465 9
    endloop
  endfacet
  facet normal 0 0 1
    outer loop
      vertex 191.285 24.3863 9
      vertex 190.664 26.7045 9
      vertex 190.945 24.3108 9
    endloop
  endfacet
  facet normal -0 0 1
    outer loop
      vertex 190.528 26.6743 9
      vertex 190.945 24.3108 9
      vertex 190.664 26.7045 9
    endloop
  endfacet
  facet normal 0 0 1
    outer loop
      vertex 190.945 24.3108 9
      vertex 190.528 26.6743 9
      vertex 190.599 24.2652 9
    endloop
  endfacet
  facet normal -0 0 1
    outer loop
      vertex 190.389 26.6561 9
      vertex 190.599 24.2652 9
      vertex 190.528 26.6743 9
    endloop
  endfacet
  facet normal -0 0 1
    outer loop
      vertex 190.25 26.65 9
      vertex 190.599 24.2652 9
      vertex 190.389 26.6561 9
    endloop
  endfacet
  facet normal 0 0 1
    outer loop
      vertex 190.25 26.65 9
      vertex 190.25 24.25 9
      vertex 190.599 24.2652 9
    endloop
  endfacet
  facet normal 0 0 1
    outer loop
      vertex 190.111 26.6561 9
      vertex 190.25 24.25 9
      vertex 190.25 26.65 9
    endloop
  endfacet
  facet normal 0 0 1
    outer loop
      vertex 189.901 24.2652 9
      vertex 190.111 26.6561 9
      vertex 189.972 26.6743 9
    endloop
  endfacet
  facet normal 0 0 1
    outer loop
      vertex 190.111 26.6561 9
      vertex 189.901 24.2652 9
      vertex 190.25 24.25 9
    endloop
  endfacet
  facet normal 0 0 1
    outer loop
      vertex 189.555 24.3108 9
      vertex 189.972 26.6743 9
      vertex 189.836 26.7045 9
    endloop
  endfacet
  facet normal 0 0 1
    outer loop
      vertex 189.215 24.3863 9
      vertex 189.836 26.7045 9
      vertex 189.703 26.7465 9
    endloop
  endfacet
  facet normal 0 0 1
    outer loop
      vertex 188.882 24.4912 9
      vertex 189.703 26.7465 9
      vertex 189.574 26.7999 9
    endloop
  endfacet
  facet normal 0 0 1
    outer loop
      vertex 189.972 26.6743 9
      vertex 189.555 24.3108 9
      vertex 189.901 24.2652 9
    endloop
  endfacet
  facet normal 0 0 1
    outer loop
      vertex 188.56 24.6248 9
      vertex 189.574 26.7999 9
      vertex 189.45 26.8644 9
    endloop
  endfacet
  facet normal 0 0 1
    outer loop
      vertex 188.25 24.7859 9
      vertex 189.45 26.8644 9
      vertex 189.332 26.9394 9
    endloop
  endfacet
  facet normal 0 0 1
    outer loop
      vertex 187.956 24.9734 9
      vertex 189.332 26.9394 9
      vertex 189.222 27.0243 9
    endloop
  endfacet
  facet normal 0 0 1
    outer loop
      vertex 189.836 26.7045 9
      vertex 189.215 24.3863 9
      vertex 189.555 24.3108 9
    endloop
  endfacet
  facet normal 0 0 1
    outer loop
      vertex 187.679 25.1858 9
      vertex 189.222 27.0243 9
      vertex 189.119 27.1186 9
    endloop
  endfacet
  facet normal 0 0 1
    outer loop
      vertex 187.422 25.4216 9
      vertex 189.119 27.1186 9
      vertex 189.024 27.2215 9
    endloop
  endfacet
  facet normal 0 0 1
    outer loop
      vertex 187.186 25.6788 9
      vertex 189.024 27.2215 9
      vertex 188.939 27.3323 9
    endloop
  endfacet
  facet normal 0 0 1
    outer loop
      vertex 189.703 26.7465 9
      vertex 188.882 24.4912 9
      vertex 189.215 24.3863 9
    endloop
  endfacet
  facet normal 0 0 1
    outer loop
      vertex 186.973 25.9557 9
      vertex 188.939 27.3323 9
      vertex 188.864 27.45 9
    endloop
  endfacet
  facet normal 0 0 1
    outer loop
      vertex 186.786 26.25 9
      vertex 188.864 27.45 9
      vertex 188.8 27.5738 9
    endloop
  endfacet
  facet normal 0 0 1
    outer loop
      vertex 186.625 26.5595 9
      vertex 188.8 27.5738 9
      vertex 188.746 27.7028 9
    endloop
  endfacet
  facet normal 0 0 1
    outer loop
      vertex 186.491 26.8819 9
      vertex 188.746 27.7028 9
      vertex 188.705 27.8359 9
    endloop
  endfacet
  facet normal 0 0 1
    outer loop
      vertex 186.386 27.2147 9
      vertex 188.705 27.8359 9
      vertex 188.674 27.9722 9
    endloop
  endfacet
  facet normal 0 0 1
    outer loop
      vertex 186.311 27.5554 9
      vertex 188.674 27.9722 9
      vertex 188.656 28.1105 9
    endloop
  endfacet
  facet normal 0 0 1
    outer loop
      vertex 189.574 26.7999 9
      vertex 188.56 24.6248 9
      vertex 188.882 24.4912 9
    endloop
  endfacet
  facet normal 0 0 1
    outer loop
      vertex 186.265 27.9014 9
      vertex 188.656 28.1105 9
      vertex 188.65 28.25 9
    endloop
  endfacet
  facet normal -0 0 1
    outer loop
      vertex 186.786 30.25 9
      vertex 188.864 29.05 9
      vertex 186.973 30.5443 9
    endloop
  endfacet
  facet normal 0 0 1
    outer loop
      vertex 188.864 29.05 9
      vertex 186.786 30.25 9
      vertex 188.8 28.9262 9
    endloop
  endfacet
  facet normal 0 0 1
    outer loop
      vertex 189.45 26.8644 9
      vertex 188.25 24.7859 9
      vertex 188.56 24.6248 9
    endloop
  endfacet
  facet normal -0 0 1
    outer loop
      vertex 186.625 29.9405 9
      vertex 188.8 28.9262 9
      vertex 186.786 30.25 9
    endloop
  endfacet
  facet normal 0 0 1
    outer loop
      vertex 189.332 26.9394 9
      vertex 187.956 24.9734 9
      vertex 188.25 24.7859 9
    endloop
  endfacet
  facet normal 0 0 1
    outer loop
      vertex 188.8 28.9262 9
      vertex 186.625 29.9405 9
      vertex 188.746 28.7972 9
    endloop
  endfacet
  facet normal 0 0 1
    outer loop
      vertex 189.222 27.0243 9
      vertex 187.679 25.1858 9
      vertex 187.956 24.9734 9
    endloop
  endfacet
  facet normal -0 0 1
    outer loop
      vertex 186.491 29.6181 9
      vertex 188.746 28.7972 9
      vertex 186.625 29.9405 9
    endloop
  endfacet
  facet normal 0 0 1
    outer loop
      vertex 189.119 27.1186 9
      vertex 187.422 25.4216 9
      vertex 187.679 25.1858 9
    endloop
  endfacet
  facet normal 0 0 1
    outer loop
      vertex 188.746 28.7972 9
      vertex 186.491 29.6181 9
      vertex 188.705 28.6641 9
    endloop
  endfacet
  facet normal 0 0 1
    outer loop
      vertex 189.024 27.2215 9
      vertex 187.186 25.6788 9
      vertex 187.422 25.4216 9
    endloop
  endfacet
  facet normal -0 0 1
    outer loop
      vertex 186.386 29.2853 9
      vertex 188.705 28.6641 9
      vertex 186.491 29.6181 9
    endloop
  endfacet
  facet normal 0 0 1
    outer loop
      vertex 188.939 27.3323 9
      vertex 186.973 25.9557 9
      vertex 187.186 25.6788 9
    endloop
  endfacet
  facet normal 0 0 1
    outer loop
      vertex 188.705 28.6641 9
      vertex 186.386 29.2853 9
      vertex 188.674 28.5278 9
    endloop
  endfacet
  facet normal 0 0 1
    outer loop
      vertex 188.864 27.45 9
      vertex 186.786 26.25 9
      vertex 186.973 25.9557 9
    endloop
  endfacet
  facet normal -0 0 1
    outer loop
      vertex 186.311 28.9446 9
      vertex 188.674 28.5278 9
      vertex 186.386 29.2853 9
    endloop
  endfacet
  facet normal 0 0 1
    outer loop
      vertex 188.8 27.5738 9
      vertex 186.625 26.5595 9
      vertex 186.786 26.25 9
    endloop
  endfacet
  facet normal 0 0 1
    outer loop
      vertex 188.674 28.5278 9
      vertex 186.311 28.9446 9
      vertex 188.656 28.3895 9
    endloop
  endfacet
  facet normal 0 0 1
    outer loop
      vertex 188.746 27.7028 9
      vertex 186.491 26.8819 9
      vertex 186.625 26.5595 9
    endloop
  endfacet
  facet normal -0 0 1
    outer loop
      vertex 186.265 28.5986 9
      vertex 188.656 28.3895 9
      vertex 186.311 28.9446 9
    endloop
  endfacet
  facet normal 0 0 1
    outer loop
      vertex 188.705 27.8359 9
      vertex 186.386 27.2147 9
      vertex 186.491 26.8819 9
    endloop
  endfacet
  facet normal 0 0 1
    outer loop
      vertex 188.656 28.3895 9
      vertex 186.265 28.5986 9
      vertex 188.65 28.25 9
    endloop
  endfacet
  facet normal 0 0 1
    outer loop
      vertex 188.674 27.9722 9
      vertex 186.311 27.5554 9
      vertex 186.386 27.2147 9
    endloop
  endfacet
  facet normal 0 0 1
    outer loop
      vertex 186.25 28.25 9
      vertex 188.65 28.25 9
      vertex 186.265 28.5986 9
    endloop
  endfacet
  facet normal 0 0 1
    outer loop
      vertex 188.656 28.1105 9
      vertex 186.265 27.9014 9
      vertex 186.311 27.5554 9
    endloop
  endfacet
  facet normal 0 0 1
    outer loop
      vertex 188.65 28.25 9
      vertex 186.25 28.25 9
      vertex 186.265 27.9014 9
    endloop
  endfacet
  facet normal 0.130662 0.991427 -0
    outer loop
      vertex 190.945 32.1892 3
      vertex 190.599 32.2348 9
      vertex 190.945 32.1892 9
    endloop
  endfacet
  facet normal 0.130662 0.991427 0
    outer loop
      vertex 190.599 32.2348 9
      vertex 190.945 32.1892 3
      vertex 190.599 32.2348 3
    endloop
  endfacet
  facet normal 0.999076 -0.0429895 0
    outer loop
      vertex 194.235 27.9014 9
      vertex 194.25 28.25 3
      vertex 194.25 28.25 9
    endloop
  endfacet
  facet normal 0.999076 -0.0429895 0
    outer loop
      vertex 194.25 28.25 3
      vertex 194.235 27.9014 9
      vertex 194.235 27.9014 3
    endloop
  endfacet
  facet normal -0.53771 0.84313 0
    outer loop
      vertex 188.25 31.7141 3
      vertex 187.956 31.5266 9
      vertex 188.25 31.7141 9
    endloop
  endfacet
  facet normal -0.53771 0.84313 0
    outer loop
      vertex 187.956 31.5266 9
      vertex 188.25 31.7141 3
      vertex 187.956 31.5266 3
    endloop
  endfacet
  facet normal 0.0435118 -0.999053 0
    outer loop
      vertex 190.25 24.25 3
      vertex 190.599 24.2652 9
      vertex 190.25 24.25 9
    endloop
  endfacet
  facet normal 0.0435118 -0.999053 0
    outer loop
      vertex 190.599 24.2652 9
      vertex 190.25 24.25 3
      vertex 190.599 24.2652 3
    endloop
  endfacet
  facet normal -0.953661 0.300885 0
    outer loop
      vertex 186.386 29.2853 3
      vertex 186.491 29.6181 9
      vertex 186.491 29.6181 3
    endloop
  endfacet
  facet normal -0.953661 0.300885 0
    outer loop
      vertex 186.491 29.6181 9
      vertex 186.386 29.2853 3
      vertex 186.386 29.2853 9
    endloop
  endfacet
  facet normal -0.461127 0.887334 0
    outer loop
      vertex 188.56 31.8752 3
      vertex 188.25 31.7141 9
      vertex 188.56 31.8752 9
    endloop
  endfacet
  facet normal -0.461127 0.887334 0
    outer loop
      vertex 188.25 31.7141 9
      vertex 188.56 31.8752 3
      vertex 188.25 31.7141 3
    endloop
  endfacet
  facet normal -0.30046 0.953795 0
    outer loop
      vertex 189.215 32.1137 3
      vertex 188.882 32.0088 9
      vertex 189.215 32.1137 9
    endloop
  endfacet
  facet normal -0.30046 0.953795 0
    outer loop
      vertex 188.882 32.0088 9
      vertex 189.215 32.1137 3
      vertex 188.882 32.0088 3
    endloop
  endfacet
  facet normal 0.216778 -0.976221 0
    outer loop
      vertex 190.945 24.3108 3
      vertex 191.285 24.3863 9
      vertex 190.945 24.3108 9
    endloop
  endfacet
  facet normal 0.216778 -0.976221 0
    outer loop
      vertex 191.285 24.3863 9
      vertex 190.945 24.3108 3
      vertex 191.285 24.3863 3
    endloop
  endfacet
  facet normal 0.676062 0.736845 -0
    outer loop
      vertex 193.078 31.0784 3
      vertex 192.821 31.3142 9
      vertex 193.078 31.0784 9
    endloop
  endfacet
  facet normal 0.676062 0.736845 0
    outer loop
      vertex 192.821 31.3142 9
      vertex 193.078 31.0784 3
      vertex 192.821 31.3142 3
    endloop
  endfacet
  facet normal 0.608492 0.79356 -0
    outer loop
      vertex 192.821 31.3142 3
      vertex 192.544 31.5266 9
      vertex 192.821 31.3142 9
    endloop
  endfacet
  facet normal 0.608492 0.79356 0
    outer loop
      vertex 192.544 31.5266 9
      vertex 192.821 31.3142 3
      vertex 192.544 31.5266 3
    endloop
  endfacet
  facet normal -0.923416 -0.383802 0
    outer loop
      vertex 186.625 26.5595 3
      vertex 186.491 26.8819 9
      vertex 186.491 26.8819 3
    endloop
  endfacet
  facet normal -0.923416 -0.383802 0
    outer loop
      vertex 186.491 26.8819 9
      vertex 186.625 26.5595 3
      vertex 186.625 26.5595 9
    endloop
  endfacet
  facet normal 0.792624 -0.609711 0
    outer loop
      vertex 193.314 25.6788 9
      vertex 193.527 25.9557 3
      vertex 193.527 25.9557 9
    endloop
  endfacet
  facet normal 0.792624 -0.609711 0
    outer loop
      vertex 193.527 25.9557 3
      vertex 193.314 25.6788 9
      vertex 193.314 25.6788 3
    endloop
  endfacet
  facet normal -0.792624 -0.609711 0
    outer loop
      vertex 187.186 25.6788 3
      vertex 186.973 25.9557 9
      vertex 186.973 25.9557 3
    endloop
  endfacet
  facet normal -0.792624 -0.609711 0
    outer loop
      vertex 186.973 25.9557 9
      vertex 187.186 25.6788 3
      vertex 187.186 25.6788 9
    endloop
  endfacet
  facet normal 0.976617 -0.214988 0
    outer loop
      vertex 194.114 27.2147 9
      vertex 194.189 27.5554 3
      vertex 194.189 27.5554 9
    endloop
  endfacet
  facet normal 0.976617 -0.214988 0
    outer loop
      vertex 194.189 27.5554 3
      vertex 194.114 27.2147 9
      vertex 194.114 27.2147 3
    endloop
  endfacet
  facet normal 0.608492 -0.79356 0
    outer loop
      vertex 192.544 24.9734 3
      vertex 192.821 25.1858 9
      vertex 192.544 24.9734 9
    endloop
  endfacet
  facet normal 0.608492 -0.79356 0
    outer loop
      vertex 192.821 25.1858 9
      vertex 192.544 24.9734 3
      vertex 192.821 25.1858 3
    endloop
  endfacet
  facet normal -0.736821 -0.676088 0
    outer loop
      vertex 187.422 25.4216 3
      vertex 187.186 25.6788 9
      vertex 187.186 25.6788 3
    endloop
  endfacet
  facet normal -0.736821 -0.676088 0
    outer loop
      vertex 187.186 25.6788 9
      vertex 187.422 25.4216 3
      vertex 187.422 25.4216 9
    endloop
  endfacet
  facet normal 0.461127 0.887334 -0
    outer loop
      vertex 192.25 31.7141 3
      vertex 191.94 31.8752 9
      vertex 192.25 31.7141 9
    endloop
  endfacet
  facet normal 0.461127 0.887334 0
    outer loop
      vertex 191.94 31.8752 9
      vertex 192.25 31.7141 3
      vertex 191.94 31.8752 3
    endloop
  endfacet
  facet normal 0.53771 0.84313 -0
    outer loop
      vertex 192.544 31.5266 3
      vertex 192.25 31.7141 9
      vertex 192.544 31.5266 9
    endloop
  endfacet
  facet normal 0.53771 0.84313 0
    outer loop
      vertex 192.25 31.7141 9
      vertex 192.544 31.5266 3
      vertex 192.25 31.7141 3
    endloop
  endfacet
  facet normal -0.676062 0.736845 0
    outer loop
      vertex 187.679 31.3142 3
      vertex 187.422 31.0784 9
      vertex 187.679 31.3142 9
    endloop
  endfacet
  facet normal -0.676062 0.736845 0
    outer loop
      vertex 187.422 31.0784 9
      vertex 187.679 31.3142 3
      vertex 187.422 31.0784 3
    endloop
  endfacet
  facet normal 0.953661 0.300885 0
    outer loop
      vertex 194.114 29.2853 9
      vertex 194.009 29.6181 3
      vertex 194.009 29.6181 9
    endloop
  endfacet
  facet normal 0.953661 0.300885 0
    outer loop
      vertex 194.009 29.6181 3
      vertex 194.114 29.2853 9
      vertex 194.114 29.2853 3
    endloop
  endfacet
  facet normal 0.923416 -0.383802 0
    outer loop
      vertex 193.875 26.5595 9
      vertex 194.009 26.8819 3
      vertex 194.009 26.8819 9
    endloop
  endfacet
  facet normal 0.923416 -0.383802 0
    outer loop
      vertex 194.009 26.8819 3
      vertex 193.875 26.5595 9
      vertex 193.875 26.5595 3
    endloop
  endfacet
  facet normal 0.216778 0.976221 -0
    outer loop
      vertex 191.285 32.1137 3
      vertex 190.945 32.1892 9
      vertex 191.285 32.1137 9
    endloop
  endfacet
  facet normal 0.216778 0.976221 0
    outer loop
      vertex 190.945 32.1892 9
      vertex 191.285 32.1137 3
      vertex 190.945 32.1892 3
    endloop
  endfacet
  facet normal 0.38323 0.923653 -0
    outer loop
      vertex 191.94 31.8752 3
      vertex 191.618 32.0088 9
      vertex 191.94 31.8752 9
    endloop
  endfacet
  facet normal 0.38323 0.923653 0
    outer loop
      vertex 191.618 32.0088 9
      vertex 191.94 31.8752 3
      vertex 191.618 32.0088 3
    endloop
  endfacet
  facet normal -0.887146 0.461488 0
    outer loop
      vertex 186.625 29.9405 3
      vertex 186.786 30.25 9
      vertex 186.786 30.25 3
    endloop
  endfacet
  facet normal -0.887146 0.461488 0
    outer loop
      vertex 186.786 30.25 9
      vertex 186.625 29.9405 3
      vertex 186.625 29.9405 9
    endloop
  endfacet
  facet normal -0.999076 -0.0429895 0
    outer loop
      vertex 186.265 27.9014 3
      vertex 186.25 28.25 9
      vertex 186.25 28.25 3
    endloop
  endfacet
  facet normal -0.999076 -0.0429895 0
    outer loop
      vertex 186.25 28.25 9
      vertex 186.265 27.9014 3
      vertex 186.265 27.9014 9
    endloop
  endfacet
  facet normal 0.676062 -0.736845 0
    outer loop
      vertex 192.821 25.1858 3
      vertex 193.078 25.4216 9
      vertex 192.821 25.1858 9
    endloop
  endfacet
  facet normal 0.676062 -0.736845 0
    outer loop
      vertex 193.078 25.4216 9
      vertex 192.821 25.1858 3
      vertex 193.078 25.4216 3
    endloop
  endfacet
  facet normal 0.461127 -0.887334 0
    outer loop
      vertex 191.94 24.6248 3
      vertex 192.25 24.7859 9
      vertex 191.94 24.6248 9
    endloop
  endfacet
  facet normal 0.461127 -0.887334 0
    outer loop
      vertex 192.25 24.7859 9
      vertex 191.94 24.6248 3
      vertex 192.25 24.7859 3
    endloop
  endfacet
  facet normal 0.792518 0.609849 0
    outer loop
      vertex 193.527 30.5443 9
      vertex 193.314 30.8211 3
      vertex 193.314 30.8211 9
    endloop
  endfacet
  facet normal 0.792518 0.609849 0
    outer loop
      vertex 193.314 30.8211 3
      vertex 193.527 30.5443 9
      vertex 193.527 30.5443 3
    endloop
  endfacet
  facet normal 0.130662 -0.991427 0
    outer loop
      vertex 190.599 24.2652 3
      vertex 190.945 24.3108 9
      vertex 190.599 24.2652 9
    endloop
  endfacet
  facet normal 0.130662 -0.991427 0
    outer loop
      vertex 190.945 24.3108 9
      vertex 190.599 24.2652 3
      vertex 190.945 24.3108 3
    endloop
  endfacet
  facet normal 0.953661 -0.300885 0
    outer loop
      vertex 194.009 26.8819 9
      vertex 194.114 27.2147 3
      vertex 194.114 27.2147 9
    endloop
  endfacet
  facet normal 0.953661 -0.300885 0
    outer loop
      vertex 194.114 27.2147 3
      vertex 194.009 26.8819 9
      vertex 194.009 26.8819 3
    endloop
  endfacet
  facet normal 0.844027 -0.5363 0
    outer loop
      vertex 193.527 25.9557 9
      vertex 193.714 26.25 3
      vertex 193.714 26.25 9
    endloop
  endfacet
  facet normal 0.844027 -0.5363 0
    outer loop
      vertex 193.714 26.25 3
      vertex 193.527 25.9557 9
      vertex 193.527 25.9557 3
    endloop
  endfacet
  facet normal -0.53771 -0.84313 0
    outer loop
      vertex 187.956 24.9734 3
      vertex 188.25 24.7859 9
      vertex 187.956 24.9734 9
    endloop
  endfacet
  facet normal -0.53771 -0.84313 -0
    outer loop
      vertex 188.25 24.7859 9
      vertex 187.956 24.9734 3
      vertex 188.25 24.7859 3
    endloop
  endfacet
  facet normal -0.844027 0.5363 0
    outer loop
      vertex 186.786 30.25 3
      vertex 186.973 30.5443 9
      vertex 186.973 30.5443 3
    endloop
  endfacet
  facet normal -0.844027 0.5363 0
    outer loop
      vertex 186.973 30.5443 9
      vertex 186.786 30.25 3
      vertex 186.786 30.25 9
    endloop
  endfacet
  facet normal -0.216778 0.976221 0
    outer loop
      vertex 189.555 32.1892 3
      vertex 189.215 32.1137 9
      vertex 189.555 32.1892 9
    endloop
  endfacet
  facet normal -0.216778 0.976221 0
    outer loop
      vertex 189.215 32.1137 9
      vertex 189.555 32.1892 3
      vertex 189.215 32.1137 3
    endloop
  endfacet
  facet normal 0.991278 -0.131788 0
    outer loop
      vertex 194.189 27.5554 9
      vertex 194.235 27.9014 3
      vertex 194.235 27.9014 9
    endloop
  endfacet
  facet normal 0.991278 -0.131788 0
    outer loop
      vertex 194.235 27.9014 3
      vertex 194.189 27.5554 9
      vertex 194.189 27.5554 3
    endloop
  endfacet
  facet normal -0.953661 -0.300885 0
    outer loop
      vertex 186.491 26.8819 3
      vertex 186.386 27.2147 9
      vertex 186.386 27.2147 3
    endloop
  endfacet
  facet normal -0.953661 -0.300885 0
    outer loop
      vertex 186.386 27.2147 9
      vertex 186.491 26.8819 3
      vertex 186.491 26.8819 9
    endloop
  endfacet
  facet normal 0.923416 0.383802 0
    outer loop
      vertex 194.009 29.6181 9
      vertex 193.875 29.9405 3
      vertex 193.875 29.9405 9
    endloop
  endfacet
  facet normal 0.923416 0.383802 0
    outer loop
      vertex 193.875 29.9405 3
      vertex 194.009 29.6181 9
      vertex 194.009 29.6181 3
    endloop
  endfacet
  facet normal -0.792518 0.609849 0
    outer loop
      vertex 186.973 30.5443 3
      vertex 187.186 30.8211 9
      vertex 187.186 30.8211 3
    endloop
  endfacet
  facet normal -0.792518 0.609849 0
    outer loop
      vertex 187.186 30.8211 9
      vertex 186.973 30.5443 3
      vertex 186.973 30.5443 9
    endloop
  endfacet
  facet normal 0.887146 0.461488 0
    outer loop
      vertex 193.875 29.9405 9
      vertex 193.714 30.25 3
      vertex 193.714 30.25 9
    endloop
  endfacet
  facet normal 0.887146 0.461488 0
    outer loop
      vertex 193.714 30.25 3
      vertex 193.875 29.9405 9
      vertex 193.875 29.9405 3
    endloop
  endfacet
  facet normal -0.461127 -0.887334 0
    outer loop
      vertex 188.25 24.7859 3
      vertex 188.56 24.6248 9
      vertex 188.25 24.7859 9
    endloop
  endfacet
  facet normal -0.461127 -0.887334 -0
    outer loop
      vertex 188.56 24.6248 9
      vertex 188.25 24.7859 3
      vertex 188.56 24.6248 3
    endloop
  endfacet
  facet normal -0.736952 0.675945 0
    outer loop
      vertex 187.186 30.8211 3
      vertex 187.422 31.0784 9
      vertex 187.422 31.0784 3
    endloop
  endfacet
  facet normal -0.736952 0.675945 0
    outer loop
      vertex 187.422 31.0784 9
      vertex 187.186 30.8211 3
      vertex 187.186 30.8211 9
    endloop
  endfacet
  facet normal -0.130662 -0.991427 0
    outer loop
      vertex 189.555 24.3108 3
      vertex 189.901 24.2652 9
      vertex 189.555 24.3108 9
    endloop
  endfacet
  facet normal -0.130662 -0.991427 -0
    outer loop
      vertex 189.901 24.2652 9
      vertex 189.555 24.3108 3
      vertex 189.901 24.2652 3
    endloop
  endfacet
  facet normal -0.0435118 0.999053 0
    outer loop
      vertex 190.25 32.25 3
      vertex 189.901 32.2348 9
      vertex 190.25 32.25 9
    endloop
  endfacet
  facet normal -0.0435118 0.999053 0
    outer loop
      vertex 189.901 32.2348 9
      vertex 190.25 32.25 3
      vertex 189.901 32.2348 3
    endloop
  endfacet
  facet normal -0.38323 0.923653 0
    outer loop
      vertex 188.882 32.0088 3
      vertex 188.56 31.8752 9
      vertex 188.882 32.0088 9
    endloop
  endfacet
  facet normal -0.38323 0.923653 0
    outer loop
      vertex 188.56 31.8752 9
      vertex 188.882 32.0088 3
      vertex 188.56 31.8752 3
    endloop
  endfacet
  facet normal -0.991278 -0.131788 0
    outer loop
      vertex 186.311 27.5554 3
      vertex 186.265 27.9014 9
      vertex 186.265 27.9014 3
    endloop
  endfacet
  facet normal -0.991278 -0.131788 0
    outer loop
      vertex 186.265 27.9014 9
      vertex 186.311 27.5554 3
      vertex 186.311 27.5554 9
    endloop
  endfacet
  facet normal -0.216778 -0.976221 0
    outer loop
      vertex 189.215 24.3863 3
      vertex 189.555 24.3108 9
      vertex 189.215 24.3863 9
    endloop
  endfacet
  facet normal -0.216778 -0.976221 -0
    outer loop
      vertex 189.555 24.3108 9
      vertex 189.215 24.3863 3
      vertex 189.555 24.3108 3
    endloop
  endfacet
  facet normal -0.130662 0.991427 0
    outer loop
      vertex 189.901 32.2348 3
      vertex 189.555 32.1892 9
      vertex 189.901 32.2348 9
    endloop
  endfacet
  facet normal -0.130662 0.991427 0
    outer loop
      vertex 189.555 32.1892 9
      vertex 189.901 32.2348 3
      vertex 189.555 32.1892 3
    endloop
  endfacet
  facet normal 0.736952 0.675945 0
    outer loop
      vertex 193.314 30.8211 9
      vertex 193.078 31.0784 3
      vertex 193.078 31.0784 9
    endloop
  endfacet
  facet normal 0.736952 0.675945 0
    outer loop
      vertex 193.078 31.0784 3
      vertex 193.314 30.8211 9
      vertex 193.314 30.8211 3
    endloop
  endfacet
  facet normal 0.38323 -0.923653 0
    outer loop
      vertex 191.618 24.4912 3
      vertex 191.94 24.6248 9
      vertex 191.618 24.4912 9
    endloop
  endfacet
  facet normal 0.38323 -0.923653 0
    outer loop
      vertex 191.94 24.6248 9
      vertex 191.618 24.4912 3
      vertex 191.94 24.6248 3
    endloop
  endfacet
  facet normal 0.30046 -0.953795 0
    outer loop
      vertex 191.285 24.3863 3
      vertex 191.618 24.4912 9
      vertex 191.285 24.3863 9
    endloop
  endfacet
  facet normal 0.30046 -0.953795 0
    outer loop
      vertex 191.618 24.4912 9
      vertex 191.285 24.3863 3
      vertex 191.618 24.4912 3
    endloop
  endfacet
  facet normal -0.976617 0.214988 0
    outer loop
      vertex 186.311 28.9446 3
      vertex 186.386 29.2853 9
      vertex 186.386 29.2853 3
    endloop
  endfacet
  facet normal -0.976617 0.214988 0
    outer loop
      vertex 186.386 29.2853 9
      vertex 186.311 28.9446 3
      vertex 186.311 28.9446 9
    endloop
  endfacet
  facet normal -0.676062 -0.736845 0
    outer loop
      vertex 187.422 25.4216 3
      vertex 187.679 25.1858 9
      vertex 187.422 25.4216 9
    endloop
  endfacet
  facet normal -0.676062 -0.736845 -0
    outer loop
      vertex 187.679 25.1858 9
      vertex 187.422 25.4216 3
      vertex 187.679 25.1858 3
    endloop
  endfacet
  facet normal -0.608492 0.79356 0
    outer loop
      vertex 187.956 31.5266 3
      vertex 187.679 31.3142 9
      vertex 187.956 31.5266 9
    endloop
  endfacet
  facet normal -0.608492 0.79356 0
    outer loop
      vertex 187.679 31.3142 9
      vertex 187.956 31.5266 3
      vertex 187.679 31.3142 3
    endloop
  endfacet
  facet normal -0.976617 -0.214988 0
    outer loop
      vertex 186.386 27.2147 3
      vertex 186.311 27.5554 9
      vertex 186.311 27.5554 3
    endloop
  endfacet
  facet normal -0.976617 -0.214988 0
    outer loop
      vertex 186.311 27.5554 9
      vertex 186.386 27.2147 3
      vertex 186.386 27.2147 9
    endloop
  endfacet
  facet normal -0.999076 0.0429895 0
    outer loop
      vertex 186.25 28.25 3
      vertex 186.265 28.5986 9
      vertex 186.265 28.5986 3
    endloop
  endfacet
  facet normal -0.999076 0.0429895 0
    outer loop
      vertex 186.265 28.5986 9
      vertex 186.25 28.25 3
      vertex 186.25 28.25 9
    endloop
  endfacet
  facet normal -0.923416 0.383802 0
    outer loop
      vertex 186.491 29.6181 3
      vertex 186.625 29.9405 9
      vertex 186.625 29.9405 3
    endloop
  endfacet
  facet normal -0.923416 0.383802 0
    outer loop
      vertex 186.625 29.9405 9
      vertex 186.491 29.6181 3
      vertex 186.491 29.6181 9
    endloop
  endfacet
  facet normal 0.887146 -0.461488 0
    outer loop
      vertex 193.714 26.25 9
      vertex 193.875 26.5595 3
      vertex 193.875 26.5595 9
    endloop
  endfacet
  facet normal 0.887146 -0.461488 0
    outer loop
      vertex 193.875 26.5595 3
      vertex 193.714 26.25 9
      vertex 193.714 26.25 3
    endloop
  endfacet
  facet normal -0.887146 -0.461488 0
    outer loop
      vertex 186.786 26.25 3
      vertex 186.625 26.5595 9
      vertex 186.625 26.5595 3
    endloop
  endfacet
  facet normal -0.887146 -0.461488 0
    outer loop
      vertex 186.625 26.5595 9
      vertex 186.786 26.25 3
      vertex 186.786 26.25 9
    endloop
  endfacet
  facet normal 0.844027 0.5363 0
    outer loop
      vertex 193.714 30.25 9
      vertex 193.527 30.5443 3
      vertex 193.527 30.5443 9
    endloop
  endfacet
  facet normal 0.844027 0.5363 0
    outer loop
      vertex 193.527 30.5443 3
      vertex 193.714 30.25 9
      vertex 193.714 30.25 3
    endloop
  endfacet
  facet normal -0.608492 -0.79356 0
    outer loop
      vertex 187.679 25.1858 3
      vertex 187.956 24.9734 9
      vertex 187.679 25.1858 9
    endloop
  endfacet
  facet normal -0.608492 -0.79356 -0
    outer loop
      vertex 187.956 24.9734 9
      vertex 187.679 25.1858 3
      vertex 187.956 24.9734 3
    endloop
  endfacet
  facet normal 0.0435118 0.999053 -0
    outer loop
      vertex 190.599 32.2348 3
      vertex 190.25 32.25 9
      vertex 190.599 32.2348 9
    endloop
  endfacet
  facet normal 0.0435118 0.999053 0
    outer loop
      vertex 190.25 32.25 9
      vertex 190.599 32.2348 3
      vertex 190.25 32.25 3
    endloop
  endfacet
  facet normal -0.991278 0.131788 0
    outer loop
      vertex 186.265 28.5986 3
      vertex 186.311 28.9446 9
      vertex 186.311 28.9446 3
    endloop
  endfacet
  facet normal -0.991278 0.131788 0
    outer loop
      vertex 186.311 28.9446 9
      vertex 186.265 28.5986 3
      vertex 186.265 28.5986 9
    endloop
  endfacet
  facet normal -0.30046 -0.953795 0
    outer loop
      vertex 188.882 24.4912 3
      vertex 189.215 24.3863 9
      vertex 188.882 24.4912 9
    endloop
  endfacet
  facet normal -0.30046 -0.953795 -0
    outer loop
      vertex 189.215 24.3863 9
      vertex 188.882 24.4912 3
      vertex 189.215 24.3863 3
    endloop
  endfacet
  facet normal 0.30046 0.953795 -0
    outer loop
      vertex 191.618 32.0088 3
      vertex 191.285 32.1137 9
      vertex 191.618 32.0088 9
    endloop
  endfacet
  facet normal 0.30046 0.953795 0
    outer loop
      vertex 191.285 32.1137 9
      vertex 191.618 32.0088 3
      vertex 191.285 32.1137 3
    endloop
  endfacet
  facet normal -0.844027 -0.5363 0
    outer loop
      vertex 186.973 25.9557 3
      vertex 186.786 26.25 9
      vertex 186.786 26.25 3
    endloop
  endfacet
  facet normal -0.844027 -0.5363 0
    outer loop
      vertex 186.786 26.25 9
      vertex 186.973 25.9557 3
      vertex 186.973 25.9557 9
    endloop
  endfacet
  facet normal 0.736821 -0.676088 0
    outer loop
      vertex 193.078 25.4216 9
      vertex 193.314 25.6788 3
      vertex 193.314 25.6788 9
    endloop
  endfacet
  facet normal 0.736821 -0.676088 0
    outer loop
      vertex 193.314 25.6788 3
      vertex 193.078 25.4216 9
      vertex 193.078 25.4216 3
    endloop
  endfacet
  facet normal -0.38323 -0.923653 0
    outer loop
      vertex 188.56 24.6248 3
      vertex 188.882 24.4912 9
      vertex 188.56 24.6248 9
    endloop
  endfacet
  facet normal -0.38323 -0.923653 -0
    outer loop
      vertex 188.882 24.4912 9
      vertex 188.56 24.6248 3
      vertex 188.882 24.4912 3
    endloop
  endfacet
  facet normal -0.0435616 -0.999051 0
    outer loop
      vertex 17.4014 24.2652 3
      vertex 17.75 24.25 9
      vertex 17.4014 24.2652 9
    endloop
  endfacet
  facet normal -0.0435616 -0.999051 -0
    outer loop
      vertex 17.75 24.25 9
      vertex 17.4014 24.2652 3
      vertex 17.75 24.25 3
    endloop
  endfacet
  facet normal 0.53732 -0.843378 0
    outer loop
      vertex 19.75 24.7859 3
      vertex 20.0443 24.9734 9
      vertex 19.75 24.7859 9
    endloop
  endfacet
  facet normal 0.53732 -0.843378 0
    outer loop
      vertex 20.0443 24.9734 9
      vertex 19.75 24.7859 3
      vertex 20.0443 24.9734 3
    endloop
  endfacet
  facet normal 0.991427 0.130662 0
    outer loop
      vertex 21.7348 28.5986 9
      vertex 21.6892 28.9446 3
      vertex 21.6892 28.9446 9
    endloop
  endfacet
  facet normal 0.991427 0.130662 0
    outer loop
      vertex 21.6892 28.9446 3
      vertex 21.7348 28.5986 9
      vertex 21.7348 28.5986 3
    endloop
  endfacet
  facet normal 0.999051 0.0435616 0
    outer loop
      vertex 21.75 28.25 9
      vertex 21.7348 28.5986 3
      vertex 21.7348 28.5986 9
    endloop
  endfacet
  facet normal 0.999051 0.0435616 0
    outer loop
      vertex 21.7348 28.5986 3
      vertex 21.75 28.25 9
      vertex 21.75 28.25 3
    endloop
  endfacet
  facet normal 0.976315 0.216354 0
    outer loop
      vertex 21.6892 28.9446 9
      vertex 21.6137 29.2853 3
      vertex 21.6137 29.2853 9
    endloop
  endfacet
  facet normal 0.976315 0.216354 0
    outer loop
      vertex 21.6137 29.2853 3
      vertex 21.6892 28.9446 9
      vertex 21.6892 28.9446 3
    endloop
  endfacet
  facet normal 0 0 1
    outer loop
      vertex 19.35 28.25 9
      vertex 21.75 28.25 9
      vertex 21.7348 28.5986 9
    endloop
  endfacet
  facet normal 0 0 1
    outer loop
      vertex 19.3439 28.3895 9
      vertex 21.7348 28.5986 9
      vertex 21.6892 28.9446 9
    endloop
  endfacet
  facet normal 0 0 1
    outer loop
      vertex 21.75 28.25 9
      vertex 19.35 28.25 9
      vertex 21.7348 27.9014 9
    endloop
  endfacet
  facet normal 0 0 1
    outer loop
      vertex 19.3257 28.5278 9
      vertex 21.6892 28.9446 9
      vertex 21.6137 29.2853 9
    endloop
  endfacet
  facet normal -0 0 1
    outer loop
      vertex 19.3439 28.1105 9
      vertex 21.7348 27.9014 9
      vertex 19.35 28.25 9
    endloop
  endfacet
  facet normal 0 0 1
    outer loop
      vertex 19.2955 28.6641 9
      vertex 21.6137 29.2853 9
      vertex 21.5088 29.6181 9
    endloop
  endfacet
  facet normal 0 0 1
    outer loop
      vertex 21.7348 27.9014 9
      vertex 19.3439 28.1105 9
      vertex 21.6892 27.5554 9
    endloop
  endfacet
  facet normal 0 0 1
    outer loop
      vertex 19.2535 28.7972 9
      vertex 21.5088 29.6181 9
      vertex 21.3752 29.9405 9
    endloop
  endfacet
  facet normal -0 0 1
    outer loop
      vertex 19.3257 27.9722 9
      vertex 21.6892 27.5554 9
      vertex 19.3439 28.1105 9
    endloop
  endfacet
  facet normal 0 0 1
    outer loop
      vertex 19.2001 28.9262 9
      vertex 21.3752 29.9405 9
      vertex 21.2141 30.25 9
    endloop
  endfacet
  facet normal 0 0 1
    outer loop
      vertex 21.6892 27.5554 9
      vertex 19.3257 27.9722 9
      vertex 21.6137 27.2147 9
    endloop
  endfacet
  facet normal 0 0 1
    outer loop
      vertex 19.1356 29.05 9
      vertex 21.2141 30.25 9
      vertex 21.0266 30.5443 9
    endloop
  endfacet
  facet normal -0 0 1
    outer loop
      vertex 19.2955 27.8359 9
      vertex 21.6137 27.2147 9
      vertex 19.3257 27.9722 9
    endloop
  endfacet
  facet normal 0 0 1
    outer loop
      vertex 19.0606 29.1677 9
      vertex 21.0266 30.5443 9
      vertex 20.8142 30.8211 9
    endloop
  endfacet
  facet normal 0 0 1
    outer loop
      vertex 21.6137 27.2147 9
      vertex 19.2955 27.8359 9
      vertex 21.5088 26.8819 9
    endloop
  endfacet
  facet normal 0 0 1
    outer loop
      vertex 18.9757 29.2785 9
      vertex 20.8142 30.8211 9
      vertex 20.5784 31.0784 9
    endloop
  endfacet
  facet normal -0 0 1
    outer loop
      vertex 19.2535 27.7028 9
      vertex 21.5088 26.8819 9
      vertex 19.2955 27.8359 9
    endloop
  endfacet
  facet normal 0 0 1
    outer loop
      vertex 18.8814 29.3814 9
      vertex 20.5784 31.0784 9
      vertex 20.3211 31.3142 9
    endloop
  endfacet
  facet normal 0 0 1
    outer loop
      vertex 21.5088 26.8819 9
      vertex 19.2535 27.7028 9
      vertex 21.3752 26.5595 9
    endloop
  endfacet
  facet normal 0 0 1
    outer loop
      vertex 18.7785 29.4757 9
      vertex 20.3211 31.3142 9
      vertex 20.0443 31.5266 9
    endloop
  endfacet
  facet normal -0 0 1
    outer loop
      vertex 19.2001 27.5738 9
      vertex 21.3752 26.5595 9
      vertex 19.2535 27.7028 9
    endloop
  endfacet
  facet normal 0 0 1
    outer loop
      vertex 18.6677 29.5606 9
      vertex 20.0443 31.5266 9
      vertex 19.75 31.7141 9
    endloop
  endfacet
  facet normal 0 0 1
    outer loop
      vertex 21.3752 26.5595 9
      vertex 19.2001 27.5738 9
      vertex 21.2141 26.25 9
    endloop
  endfacet
  facet normal 0 0 1
    outer loop
      vertex 18.55 29.6356 9
      vertex 19.75 31.7141 9
      vertex 19.4405 31.8752 9
    endloop
  endfacet
  facet normal -0 0 1
    outer loop
      vertex 19.1356 27.45 9
      vertex 21.2141 26.25 9
      vertex 19.2001 27.5738 9
    endloop
  endfacet
  facet normal 0 0 1
    outer loop
      vertex 21.2141 26.25 9
      vertex 19.1356 27.45 9
      vertex 21.0266 25.9557 9
    endloop
  endfacet
  facet normal 0 0 1
    outer loop
      vertex 21.7348 28.5986 9
      vertex 19.3439 28.3895 9
      vertex 19.35 28.25 9
    endloop
  endfacet
  facet normal 0 0 1
    outer loop
      vertex 21.6892 28.9446 9
      vertex 19.3257 28.5278 9
      vertex 19.3439 28.3895 9
    endloop
  endfacet
  facet normal 0 0 1
    outer loop
      vertex 21.6137 29.2853 9
      vertex 19.2955 28.6641 9
      vertex 19.3257 28.5278 9
    endloop
  endfacet
  facet normal 0 0 1
    outer loop
      vertex 21.5088 29.6181 9
      vertex 19.2535 28.7972 9
      vertex 19.2955 28.6641 9
    endloop
  endfacet
  facet normal 0 0 1
    outer loop
      vertex 21.3752 29.9405 9
      vertex 19.2001 28.9262 9
      vertex 19.2535 28.7972 9
    endloop
  endfacet
  facet normal 0 0 1
    outer loop
      vertex 21.2141 30.25 9
      vertex 19.1356 29.05 9
      vertex 19.2001 28.9262 9
    endloop
  endfacet
  facet normal 0 0 1
    outer loop
      vertex 18.4262 29.7001 9
      vertex 19.4405 31.8752 9
      vertex 19.1181 32.0088 9
    endloop
  endfacet
  facet normal 0 0 1
    outer loop
      vertex 21.0266 30.5443 9
      vertex 19.0606 29.1677 9
      vertex 19.1356 29.05 9
    endloop
  endfacet
  facet normal 0 0 1
    outer loop
      vertex 20.8142 30.8211 9
      vertex 18.9757 29.2785 9
      vertex 19.0606 29.1677 9
    endloop
  endfacet
  facet normal 0 0 1
    outer loop
      vertex 20.5784 31.0784 9
      vertex 18.8814 29.3814 9
      vertex 18.9757 29.2785 9
    endloop
  endfacet
  facet normal 0 0 1
    outer loop
      vertex 18.2972 29.7535 9
      vertex 19.1181 32.0088 9
      vertex 18.7853 32.1137 9
    endloop
  endfacet
  facet normal 0 0 1
    outer loop
      vertex 20.3211 31.3142 9
      vertex 18.7785 29.4757 9
      vertex 18.8814 29.3814 9
    endloop
  endfacet
  facet normal 0 0 1
    outer loop
      vertex 20.0443 31.5266 9
      vertex 18.6677 29.5606 9
      vertex 18.7785 29.4757 9
    endloop
  endfacet
  facet normal 0 0 1
    outer loop
      vertex 19.75 31.7141 9
      vertex 18.55 29.6356 9
      vertex 18.6677 29.5606 9
    endloop
  endfacet
  facet normal 0 0 1
    outer loop
      vertex 18.1641 29.7955 9
      vertex 18.7853 32.1137 9
      vertex 18.4446 32.1892 9
    endloop
  endfacet
  facet normal 0 0 1
    outer loop
      vertex 19.4405 31.8752 9
      vertex 18.4262 29.7001 9
      vertex 18.55 29.6356 9
    endloop
  endfacet
  facet normal 0 0 1
    outer loop
      vertex 19.1181 32.0088 9
      vertex 18.2972 29.7535 9
      vertex 18.4262 29.7001 9
    endloop
  endfacet
  facet normal 0 0 1
    outer loop
      vertex 18.7853 32.1137 9
      vertex 18.1641 29.7955 9
      vertex 18.2972 29.7535 9
    endloop
  endfacet
  facet normal 0 0 1
    outer loop
      vertex 18.0278 29.8257 9
      vertex 18.4446 32.1892 9
      vertex 18.0986 32.2348 9
    endloop
  endfacet
  facet normal 0 0 1
    outer loop
      vertex 18.4446 32.1892 9
      vertex 18.0278 29.8257 9
      vertex 18.1641 29.7955 9
    endloop
  endfacet
  facet normal 0 0 1
    outer loop
      vertex 18.0986 32.2348 9
      vertex 17.8895 29.8439 9
      vertex 18.0278 29.8257 9
    endloop
  endfacet
  facet normal 0 0 1
    outer loop
      vertex 17.75 32.25 9
      vertex 17.8895 29.8439 9
      vertex 18.0986 32.2348 9
    endloop
  endfacet
  facet normal 0 0 1
    outer loop
      vertex 17.75 32.25 9
      vertex 17.75 29.85 9
      vertex 17.8895 29.8439 9
    endloop
  endfacet
  facet normal 0 0 1
    outer loop
      vertex 17.75 32.25 9
      vertex 17.6105 29.8439 9
      vertex 17.75 29.85 9
    endloop
  endfacet
  facet normal -0 0 1
    outer loop
      vertex 17.4014 32.2348 9
      vertex 17.6105 29.8439 9
      vertex 17.75 32.25 9
    endloop
  endfacet
  facet normal 0 0 1
    outer loop
      vertex 17.6105 29.8439 9
      vertex 17.4014 32.2348 9
      vertex 17.4722 29.8257 9
    endloop
  endfacet
  facet normal -0 0 1
    outer loop
      vertex 17.0554 32.1892 9
      vertex 17.4722 29.8257 9
      vertex 17.4014 32.2348 9
    endloop
  endfacet
  facet normal 0 0 1
    outer loop
      vertex 17.4722 29.8257 9
      vertex 17.0554 32.1892 9
      vertex 17.3359 29.7955 9
    endloop
  endfacet
  facet normal -0 0 1
    outer loop
      vertex 16.7147 32.1137 9
      vertex 17.3359 29.7955 9
      vertex 17.0554 32.1892 9
    endloop
  endfacet
  facet normal 0 0 1
    outer loop
      vertex 17.3359 29.7955 9
      vertex 16.7147 32.1137 9
      vertex 17.2028 29.7535 9
    endloop
  endfacet
  facet normal -0 0 1
    outer loop
      vertex 16.3819 32.0088 9
      vertex 17.2028 29.7535 9
      vertex 16.7147 32.1137 9
    endloop
  endfacet
  facet normal 0 0 1
    outer loop
      vertex 17.2028 29.7535 9
      vertex 16.3819 32.0088 9
      vertex 17.0738 29.7001 9
    endloop
  endfacet
  facet normal -0 0 1
    outer loop
      vertex 16.0595 31.8752 9
      vertex 17.0738 29.7001 9
      vertex 16.3819 32.0088 9
    endloop
  endfacet
  facet normal 0 0 1
    outer loop
      vertex 17.0738 29.7001 9
      vertex 16.0595 31.8752 9
      vertex 16.95 29.6356 9
    endloop
  endfacet
  facet normal -0 0 1
    outer loop
      vertex 15.75 31.7141 9
      vertex 16.95 29.6356 9
      vertex 16.0595 31.8752 9
    endloop
  endfacet
  facet normal 0 0 1
    outer loop
      vertex 16.95 29.6356 9
      vertex 15.75 31.7141 9
      vertex 16.8323 29.5606 9
    endloop
  endfacet
  facet normal -0 0 1
    outer loop
      vertex 15.4557 31.5266 9
      vertex 16.8323 29.5606 9
      vertex 15.75 31.7141 9
    endloop
  endfacet
  facet normal 0 0 1
    outer loop
      vertex 16.8323 29.5606 9
      vertex 15.4557 31.5266 9
      vertex 16.7215 29.4757 9
    endloop
  endfacet
  facet normal -0 0 1
    outer loop
      vertex 15.1788 31.3142 9
      vertex 16.7215 29.4757 9
      vertex 15.4557 31.5266 9
    endloop
  endfacet
  facet normal 0 0 1
    outer loop
      vertex 16.7215 29.4757 9
      vertex 15.1788 31.3142 9
      vertex 16.6186 29.3814 9
    endloop
  endfacet
  facet normal -0 0 1
    outer loop
      vertex 14.9216 31.0784 9
      vertex 16.6186 29.3814 9
      vertex 15.1788 31.3142 9
    endloop
  endfacet
  facet normal 0 0 1
    outer loop
      vertex 16.6186 29.3814 9
      vertex 14.9216 31.0784 9
      vertex 16.5243 29.2785 9
    endloop
  endfacet
  facet normal -0 0 1
    outer loop
      vertex 14.6858 30.8211 9
      vertex 16.5243 29.2785 9
      vertex 14.9216 31.0784 9
    endloop
  endfacet
  facet normal 0 0 1
    outer loop
      vertex 16.5243 29.2785 9
      vertex 14.6858 30.8211 9
      vertex 16.4394 29.1677 9
    endloop
  endfacet
  facet normal 0 0 1
    outer loop
      vertex 16.4394 29.1677 9
      vertex 14.4734 30.5443 9
      vertex 16.3644 29.05 9
    endloop
  endfacet
  facet normal -0 0 1
    outer loop
      vertex 14.4734 30.5443 9
      vertex 16.4394 29.1677 9
      vertex 14.6858 30.8211 9
    endloop
  endfacet
  facet normal -0 0 1
    outer loop
      vertex 19.0606 27.3323 9
      vertex 21.0266 25.9557 9
      vertex 19.1356 27.45 9
    endloop
  endfacet
  facet normal 0 0 1
    outer loop
      vertex 21.0266 25.9557 9
      vertex 19.0606 27.3323 9
      vertex 20.8142 25.6788 9
    endloop
  endfacet
  facet normal -0 0 1
    outer loop
      vertex 18.9757 27.2215 9
      vertex 20.8142 25.6788 9
      vertex 19.0606 27.3323 9
    endloop
  endfacet
  facet normal 0 0 1
    outer loop
      vertex 20.8142 25.6788 9
      vertex 18.9757 27.2215 9
      vertex 20.5784 25.4216 9
    endloop
  endfacet
  facet normal -0 0 1
    outer loop
      vertex 18.8814 27.1186 9
      vertex 20.5784 25.4216 9
      vertex 18.9757 27.2215 9
    endloop
  endfacet
  facet normal 0 0 1
    outer loop
      vertex 20.5784 25.4216 9
      vertex 18.8814 27.1186 9
      vertex 20.3211 25.1858 9
    endloop
  endfacet
  facet normal -0 0 1
    outer loop
      vertex 18.7785 27.0243 9
      vertex 20.3211 25.1858 9
      vertex 18.8814 27.1186 9
    endloop
  endfacet
  facet normal 0 0 1
    outer loop
      vertex 20.3211 25.1858 9
      vertex 18.7785 27.0243 9
      vertex 20.0443 24.9734 9
    endloop
  endfacet
  facet normal -0 0 1
    outer loop
      vertex 18.6677 26.9394 9
      vertex 20.0443 24.9734 9
      vertex 18.7785 27.0243 9
    endloop
  endfacet
  facet normal 0 0 1
    outer loop
      vertex 20.0443 24.9734 9
      vertex 18.6677 26.9394 9
      vertex 19.75 24.7859 9
    endloop
  endfacet
  facet normal -0 0 1
    outer loop
      vertex 18.55 26.8644 9
      vertex 19.75 24.7859 9
      vertex 18.6677 26.9394 9
    endloop
  endfacet
  facet normal 0 0 1
    outer loop
      vertex 19.75 24.7859 9
      vertex 18.55 26.8644 9
      vertex 19.4405 24.6248 9
    endloop
  endfacet
  facet normal -0 0 1
    outer loop
      vertex 18.4262 26.7999 9
      vertex 19.4405 24.6248 9
      vertex 18.55 26.8644 9
    endloop
  endfacet
  facet normal 0 0 1
    outer loop
      vertex 19.4405 24.6248 9
      vertex 18.4262 26.7999 9
      vertex 19.1181 24.4912 9
    endloop
  endfacet
  facet normal -0 0 1
    outer loop
      vertex 18.2972 26.7465 9
      vertex 19.1181 24.4912 9
      vertex 18.4262 26.7999 9
    endloop
  endfacet
  facet normal 0 0 1
    outer loop
      vertex 19.1181 24.4912 9
      vertex 18.2972 26.7465 9
      vertex 18.7853 24.3863 9
    endloop
  endfacet
  facet normal -0 0 1
    outer loop
      vertex 18.1641 26.7045 9
      vertex 18.7853 24.3863 9
      vertex 18.2972 26.7465 9
    endloop
  endfacet
  facet normal 0 0 1
    outer loop
      vertex 18.7853 24.3863 9
      vertex 18.1641 26.7045 9
      vertex 18.4446 24.3108 9
    endloop
  endfacet
  facet normal -0 0 1
    outer loop
      vertex 18.0278 26.6743 9
      vertex 18.4446 24.3108 9
      vertex 18.1641 26.7045 9
    endloop
  endfacet
  facet normal 0 0 1
    outer loop
      vertex 18.4446 24.3108 9
      vertex 18.0278 26.6743 9
      vertex 18.0986 24.2652 9
    endloop
  endfacet
  facet normal -0 0 1
    outer loop
      vertex 17.8895 26.6561 9
      vertex 18.0986 24.2652 9
      vertex 18.0278 26.6743 9
    endloop
  endfacet
  facet normal -0 0 1
    outer loop
      vertex 17.75 26.65 9
      vertex 18.0986 24.2652 9
      vertex 17.8895 26.6561 9
    endloop
  endfacet
  facet normal 0 0 1
    outer loop
      vertex 17.75 26.65 9
      vertex 17.75 24.25 9
      vertex 18.0986 24.2652 9
    endloop
  endfacet
  facet normal 0 0 1
    outer loop
      vertex 17.6105 26.6561 9
      vertex 17.75 24.25 9
      vertex 17.75 26.65 9
    endloop
  endfacet
  facet normal 0 0 1
    outer loop
      vertex 17.4014 24.2652 9
      vertex 17.6105 26.6561 9
      vertex 17.4722 26.6743 9
    endloop
  endfacet
  facet normal 0 0 1
    outer loop
      vertex 17.6105 26.6561 9
      vertex 17.4014 24.2652 9
      vertex 17.75 24.25 9
    endloop
  endfacet
  facet normal 0 0 1
    outer loop
      vertex 17.0554 24.3108 9
      vertex 17.4722 26.6743 9
      vertex 17.3359 26.7045 9
    endloop
  endfacet
  facet normal 0 0 1
    outer loop
      vertex 16.7147 24.3863 9
      vertex 17.3359 26.7045 9
      vertex 17.2028 26.7465 9
    endloop
  endfacet
  facet normal 0 0 1
    outer loop
      vertex 16.3819 24.4912 9
      vertex 17.2028 26.7465 9
      vertex 17.0738 26.7999 9
    endloop
  endfacet
  facet normal 0 0 1
    outer loop
      vertex 17.4722 26.6743 9
      vertex 17.0554 24.3108 9
      vertex 17.4014 24.2652 9
    endloop
  endfacet
  facet normal 0 0 1
    outer loop
      vertex 16.0595 24.6248 9
      vertex 17.0738 26.7999 9
      vertex 16.95 26.8644 9
    endloop
  endfacet
  facet normal 0 0 1
    outer loop
      vertex 15.75 24.7859 9
      vertex 16.95 26.8644 9
      vertex 16.8323 26.9394 9
    endloop
  endfacet
  facet normal 0 0 1
    outer loop
      vertex 15.4557 24.9734 9
      vertex 16.8323 26.9394 9
      vertex 16.7215 27.0243 9
    endloop
  endfacet
  facet normal 0 0 1
    outer loop
      vertex 17.3359 26.7045 9
      vertex 16.7147 24.3863 9
      vertex 17.0554 24.3108 9
    endloop
  endfacet
  facet normal 0 0 1
    outer loop
      vertex 15.1788 25.1858 9
      vertex 16.7215 27.0243 9
      vertex 16.6186 27.1186 9
    endloop
  endfacet
  facet normal 0 0 1
    outer loop
      vertex 14.9216 25.4216 9
      vertex 16.6186 27.1186 9
      vertex 16.5243 27.2215 9
    endloop
  endfacet
  facet normal 0 0 1
    outer loop
      vertex 14.6858 25.6788 9
      vertex 16.5243 27.2215 9
      vertex 16.4394 27.3323 9
    endloop
  endfacet
  facet normal 0 0 1
    outer loop
      vertex 17.2028 26.7465 9
      vertex 16.3819 24.4912 9
      vertex 16.7147 24.3863 9
    endloop
  endfacet
  facet normal 0 0 1
    outer loop
      vertex 14.4734 25.9557 9
      vertex 16.4394 27.3323 9
      vertex 16.3644 27.45 9
    endloop
  endfacet
  facet normal 0 0 1
    outer loop
      vertex 14.2859 26.25 9
      vertex 16.3644 27.45 9
      vertex 16.2999 27.5738 9
    endloop
  endfacet
  facet normal 0 0 1
    outer loop
      vertex 14.1248 26.5595 9
      vertex 16.2999 27.5738 9
      vertex 16.2465 27.7028 9
    endloop
  endfacet
  facet normal 0 0 1
    outer loop
      vertex 13.9912 26.8819 9
      vertex 16.2465 27.7028 9
      vertex 16.2045 27.8359 9
    endloop
  endfacet
  facet normal 0 0 1
    outer loop
      vertex 13.8863 27.2147 9
      vertex 16.2045 27.8359 9
      vertex 16.1743 27.9722 9
    endloop
  endfacet
  facet normal 0 0 1
    outer loop
      vertex 13.8108 27.5554 9
      vertex 16.1743 27.9722 9
      vertex 16.1561 28.1105 9
    endloop
  endfacet
  facet normal 0 0 1
    outer loop
      vertex 17.0738 26.7999 9
      vertex 16.0595 24.6248 9
      vertex 16.3819 24.4912 9
    endloop
  endfacet
  facet normal 0 0 1
    outer loop
      vertex 13.7652 27.9014 9
      vertex 16.1561 28.1105 9
      vertex 16.15 28.25 9
    endloop
  endfacet
  facet normal -0 0 1
    outer loop
      vertex 14.2859 30.25 9
      vertex 16.3644 29.05 9
      vertex 14.4734 30.5443 9
    endloop
  endfacet
  facet normal 0 0 1
    outer loop
      vertex 16.3644 29.05 9
      vertex 14.2859 30.25 9
      vertex 16.2999 28.9262 9
    endloop
  endfacet
  facet normal 0 0 1
    outer loop
      vertex 16.95 26.8644 9
      vertex 15.75 24.7859 9
      vertex 16.0595 24.6248 9
    endloop
  endfacet
  facet normal -0 0 1
    outer loop
      vertex 14.1248 29.9405 9
      vertex 16.2999 28.9262 9
      vertex 14.2859 30.25 9
    endloop
  endfacet
  facet normal 0 0 1
    outer loop
      vertex 16.8323 26.9394 9
      vertex 15.4557 24.9734 9
      vertex 15.75 24.7859 9
    endloop
  endfacet
  facet normal 0 0 1
    outer loop
      vertex 16.2999 28.9262 9
      vertex 14.1248 29.9405 9
      vertex 16.2465 28.7972 9
    endloop
  endfacet
  facet normal 0 0 1
    outer loop
      vertex 16.7215 27.0243 9
      vertex 15.1788 25.1858 9
      vertex 15.4557 24.9734 9
    endloop
  endfacet
  facet normal -0 0 1
    outer loop
      vertex 13.9912 29.6181 9
      vertex 16.2465 28.7972 9
      vertex 14.1248 29.9405 9
    endloop
  endfacet
  facet normal 0 0 1
    outer loop
      vertex 16.6186 27.1186 9
      vertex 14.9216 25.4216 9
      vertex 15.1788 25.1858 9
    endloop
  endfacet
  facet normal 0 0 1
    outer loop
      vertex 16.2465 28.7972 9
      vertex 13.9912 29.6181 9
      vertex 16.2045 28.6641 9
    endloop
  endfacet
  facet normal 0 0 1
    outer loop
      vertex 16.5243 27.2215 9
      vertex 14.6858 25.6788 9
      vertex 14.9216 25.4216 9
    endloop
  endfacet
  facet normal -0 0 1
    outer loop
      vertex 13.8863 29.2853 9
      vertex 16.2045 28.6641 9
      vertex 13.9912 29.6181 9
    endloop
  endfacet
  facet normal 0 0 1
    outer loop
      vertex 16.4394 27.3323 9
      vertex 14.4734 25.9557 9
      vertex 14.6858 25.6788 9
    endloop
  endfacet
  facet normal 0 0 1
    outer loop
      vertex 16.2045 28.6641 9
      vertex 13.8863 29.2853 9
      vertex 16.1743 28.5278 9
    endloop
  endfacet
  facet normal 0 0 1
    outer loop
      vertex 16.3644 27.45 9
      vertex 14.2859 26.25 9
      vertex 14.4734 25.9557 9
    endloop
  endfacet
  facet normal -0 0 1
    outer loop
      vertex 13.8108 28.9446 9
      vertex 16.1743 28.5278 9
      vertex 13.8863 29.2853 9
    endloop
  endfacet
  facet normal 0 0 1
    outer loop
      vertex 16.2999 27.5738 9
      vertex 14.1248 26.5595 9
      vertex 14.2859 26.25 9
    endloop
  endfacet
  facet normal 0 0 1
    outer loop
      vertex 16.1743 28.5278 9
      vertex 13.8108 28.9446 9
      vertex 16.1561 28.3895 9
    endloop
  endfacet
  facet normal 0 0 1
    outer loop
      vertex 16.2465 27.7028 9
      vertex 13.9912 26.8819 9
      vertex 14.1248 26.5595 9
    endloop
  endfacet
  facet normal -0 0 1
    outer loop
      vertex 13.7652 28.5986 9
      vertex 16.1561 28.3895 9
      vertex 13.8108 28.9446 9
    endloop
  endfacet
  facet normal 0 0 1
    outer loop
      vertex 16.2045 27.8359 9
      vertex 13.8863 27.2147 9
      vertex 13.9912 26.8819 9
    endloop
  endfacet
  facet normal 0 0 1
    outer loop
      vertex 16.1561 28.3895 9
      vertex 13.7652 28.5986 9
      vertex 16.15 28.25 9
    endloop
  endfacet
  facet normal 0 0 1
    outer loop
      vertex 16.1743 27.9722 9
      vertex 13.8108 27.5554 9
      vertex 13.8863 27.2147 9
    endloop
  endfacet
  facet normal 0 0 1
    outer loop
      vertex 13.75 28.25 9
      vertex 16.15 28.25 9
      vertex 13.7652 28.5986 9
    endloop
  endfacet
  facet normal 0 0 1
    outer loop
      vertex 16.1561 28.1105 9
      vertex 13.7652 27.9014 9
      vertex 13.8108 27.5554 9
    endloop
  endfacet
  facet normal 0 0 1
    outer loop
      vertex 16.15 28.25 9
      vertex 13.75 28.25 9
      vertex 13.7652 27.9014 9
    endloop
  endfacet
  facet normal 0.130662 0.991427 -0
    outer loop
      vertex 18.4446 32.1892 3
      vertex 18.0986 32.2348 9
      vertex 18.4446 32.1892 9
    endloop
  endfacet
  facet normal 0.130662 0.991427 0
    outer loop
      vertex 18.0986 32.2348 9
      vertex 18.4446 32.1892 3
      vertex 18.0986 32.2348 3
    endloop
  endfacet
  facet normal 0.999051 -0.0435616 0
    outer loop
      vertex 21.7348 27.9014 9
      vertex 21.75 28.25 3
      vertex 21.75 28.25 9
    endloop
  endfacet
  facet normal 0.999051 -0.0435616 0
    outer loop
      vertex 21.75 28.25 3
      vertex 21.7348 27.9014 9
      vertex 21.7348 27.9014 3
    endloop
  endfacet
  facet normal -0.53732 0.843378 0
    outer loop
      vertex 15.75 31.7141 3
      vertex 15.4557 31.5266 9
      vertex 15.75 31.7141 9
    endloop
  endfacet
  facet normal -0.53732 0.843378 0
    outer loop
      vertex 15.4557 31.5266 9
      vertex 15.75 31.7141 3
      vertex 15.4557 31.5266 3
    endloop
  endfacet
  facet normal 0.0435616 -0.999051 0
    outer loop
      vertex 17.75 24.25 3
      vertex 18.0986 24.2652 9
      vertex 17.75 24.25 9
    endloop
  endfacet
  facet normal 0.0435616 -0.999051 0
    outer loop
      vertex 18.0986 24.2652 9
      vertex 17.75 24.25 3
      vertex 18.0986 24.2652 3
    endloop
  endfacet
  facet normal -0.953743 0.300624 0
    outer loop
      vertex 13.8863 29.2853 3
      vertex 13.9912 29.6181 9
      vertex 13.9912 29.6181 3
    endloop
  endfacet
  facet normal -0.953743 0.300624 0
    outer loop
      vertex 13.9912 29.6181 9
      vertex 13.8863 29.2853 3
      vertex 13.8863 29.2853 9
    endloop
  endfacet
  facet normal -0.461714 0.887029 0
    outer loop
      vertex 16.0595 31.8752 3
      vertex 15.75 31.7141 9
      vertex 16.0595 31.8752 9
    endloop
  endfacet
  facet normal -0.461714 0.887029 0
    outer loop
      vertex 15.75 31.7141 9
      vertex 16.0595 31.8752 3
      vertex 15.75 31.7141 3
    endloop
  endfacet
  facet normal -0.300624 0.953743 0
    outer loop
      vertex 16.7147 32.1137 3
      vertex 16.3819 32.0088 9
      vertex 16.7147 32.1137 9
    endloop
  endfacet
  facet normal -0.300624 0.953743 0
    outer loop
      vertex 16.3819 32.0088 9
      vertex 16.7147 32.1137 3
      vertex 16.3819 32.0088 3
    endloop
  endfacet
  facet normal 0.216354 -0.976315 0
    outer loop
      vertex 18.4446 24.3108 3
      vertex 18.7853 24.3863 9
      vertex 18.4446 24.3108 9
    endloop
  endfacet
  facet normal 0.216354 -0.976315 0
    outer loop
      vertex 18.7853 24.3863 9
      vertex 18.4446 24.3108 3
      vertex 18.7853 24.3863 3
    endloop
  endfacet
  facet normal 0.608768 0.793348 -0
    outer loop
      vertex 20.3211 31.3142 3
      vertex 20.0443 31.5266 9
      vertex 20.3211 31.3142 9
    endloop
  endfacet
  facet normal 0.608768 0.793348 0
    outer loop
      vertex 20.0443 31.5266 9
      vertex 20.3211 31.3142 3
      vertex 20.0443 31.5266 3
    endloop
  endfacet
  facet normal -0.923821 -0.382824 0
    outer loop
      vertex 14.1248 26.5595 3
      vertex 13.9912 26.8819 9
      vertex 13.9912 26.8819 3
    endloop
  endfacet
  facet normal -0.923821 -0.382824 0
    outer loop
      vertex 13.9912 26.8819 9
      vertex 14.1248 26.5595 3
      vertex 14.1248 26.5595 9
    endloop
  endfacet
  facet normal 0.793454 -0.60863 0
    outer loop
      vertex 20.8142 25.6788 9
      vertex 21.0266 25.9557 3
      vertex 21.0266 25.9557 9
    endloop
  endfacet
  facet normal 0.793454 -0.60863 0
    outer loop
      vertex 21.0266 25.9557 3
      vertex 20.8142 25.6788 9
      vertex 20.8142 25.6788 3
    endloop
  endfacet
  facet normal -0.793454 -0.60863 0
    outer loop
      vertex 14.6858 25.6788 3
      vertex 14.4734 25.9557 9
      vertex 14.4734 25.9557 3
    endloop
  endfacet
  facet normal -0.793454 -0.60863 0
    outer loop
      vertex 14.4734 25.9557 9
      vertex 14.6858 25.6788 3
      vertex 14.6858 25.6788 9
    endloop
  endfacet
  facet normal 0.976315 -0.216354 0
    outer loop
      vertex 21.6137 27.2147 9
      vertex 21.6892 27.5554 3
      vertex 21.6892 27.5554 9
    endloop
  endfacet
  facet normal 0.976315 -0.216354 0
    outer loop
      vertex 21.6892 27.5554 3
      vertex 21.6137 27.2147 9
      vertex 21.6137 27.2147 3
    endloop
  endfacet
  facet normal 0.608768 -0.793348 0
    outer loop
      vertex 20.0443 24.9734 3
      vertex 20.3211 25.1858 9
      vertex 20.0443 24.9734 9
    endloop
  endfacet
  facet normal 0.608768 -0.793348 0
    outer loop
      vertex 20.3211 25.1858 9
      vertex 20.0443 24.9734 3
      vertex 20.3211 25.1858 3
    endloop
  endfacet
  facet normal -0.737107 -0.675777 0
    outer loop
      vertex 14.9216 25.4216 3
      vertex 14.6858 25.6788 9
      vertex 14.6858 25.6788 3
    endloop
  endfacet
  facet normal -0.737107 -0.675777 0
    outer loop
      vertex 14.6858 25.6788 9
      vertex 14.9216 25.4216 3
      vertex 14.9216 25.4216 9
    endloop
  endfacet
  facet normal 0.461714 0.887029 -0
    outer loop
      vertex 19.75 31.7141 3
      vertex 19.4405 31.8752 9
      vertex 19.75 31.7141 9
    endloop
  endfacet
  facet normal 0.461714 0.887029 0
    outer loop
      vertex 19.4405 31.8752 9
      vertex 19.75 31.7141 3
      vertex 19.4405 31.8752 3
    endloop
  endfacet
  facet normal 0.53732 0.843378 -0
    outer loop
      vertex 20.0443 31.5266 3
      vertex 19.75 31.7141 9
      vertex 20.0443 31.5266 9
    endloop
  endfacet
  facet normal 0.53732 0.843378 0
    outer loop
      vertex 19.75 31.7141 9
      vertex 20.0443 31.5266 3
      vertex 19.75 31.7141 3
    endloop
  endfacet
  facet normal -0.675777 0.737107 0
    outer loop
      vertex 15.1788 31.3142 3
      vertex 14.9216 31.0784 9
      vertex 15.1788 31.3142 9
    endloop
  endfacet
  facet normal -0.675777 0.737107 0
    outer loop
      vertex 14.9216 31.0784 9
      vertex 15.1788 31.3142 3
      vertex 14.9216 31.0784 3
    endloop
  endfacet
  facet normal 0.953743 0.300624 0
    outer loop
      vertex 21.6137 29.2853 9
      vertex 21.5088 29.6181 3
      vertex 21.5088 29.6181 9
    endloop
  endfacet
  facet normal 0.953743 0.300624 0
    outer loop
      vertex 21.5088 29.6181 3
      vertex 21.6137 29.2853 9
      vertex 21.6137 29.2853 3
    endloop
  endfacet
  facet normal 0.923821 -0.382824 0
    outer loop
      vertex 21.3752 26.5595 9
      vertex 21.5088 26.8819 3
      vertex 21.5088 26.8819 9
    endloop
  endfacet
  facet normal 0.923821 -0.382824 0
    outer loop
      vertex 21.5088 26.8819 3
      vertex 21.3752 26.5595 9
      vertex 21.3752 26.5595 3
    endloop
  endfacet
  facet normal 0.216354 0.976315 -0
    outer loop
      vertex 18.7853 32.1137 3
      vertex 18.4446 32.1892 9
      vertex 18.7853 32.1137 9
    endloop
  endfacet
  facet normal 0.216354 0.976315 0
    outer loop
      vertex 18.4446 32.1892 9
      vertex 18.7853 32.1137 3
      vertex 18.4446 32.1892 3
    endloop
  endfacet
  facet normal 0.382824 0.923821 -0
    outer loop
      vertex 19.4405 31.8752 3
      vertex 19.1181 32.0088 9
      vertex 19.4405 31.8752 9
    endloop
  endfacet
  facet normal 0.382824 0.923821 0
    outer loop
      vertex 19.1181 32.0088 9
      vertex 19.4405 31.8752 3
      vertex 19.1181 32.0088 3
    endloop
  endfacet
  facet normal -0.887029 0.461714 0
    outer loop
      vertex 14.1248 29.9405 3
      vertex 14.2859 30.25 9
      vertex 14.2859 30.25 3
    endloop
  endfacet
  facet normal -0.887029 0.461714 0
    outer loop
      vertex 14.2859 30.25 9
      vertex 14.1248 29.9405 3
      vertex 14.1248 29.9405 9
    endloop
  endfacet
  facet normal -0.999051 -0.0435616 0
    outer loop
      vertex 13.7652 27.9014 3
      vertex 13.75 28.25 9
      vertex 13.75 28.25 3
    endloop
  endfacet
  facet normal -0.999051 -0.0435616 0
    outer loop
      vertex 13.75 28.25 9
      vertex 13.7652 27.9014 3
      vertex 13.7652 27.9014 9
    endloop
  endfacet
  facet normal 0.675634 -0.737237 0
    outer loop
      vertex 20.3211 25.1858 3
      vertex 20.5784 25.4216 9
      vertex 20.3211 25.1858 9
    endloop
  endfacet
  facet normal 0.675634 -0.737237 0
    outer loop
      vertex 20.5784 25.4216 9
      vertex 20.3211 25.1858 3
      vertex 20.5784 25.4216 3
    endloop
  endfacet
  facet normal 0.461714 -0.887029 0
    outer loop
      vertex 19.4405 24.6248 3
      vertex 19.75 24.7859 9
      vertex 19.4405 24.6248 9
    endloop
  endfacet
  facet normal 0.461714 -0.887029 0
    outer loop
      vertex 19.75 24.7859 9
      vertex 19.4405 24.6248 3
      vertex 19.75 24.7859 3
    endloop
  endfacet
  facet normal 0.793348 0.608768 0
    outer loop
      vertex 21.0266 30.5443 9
      vertex 20.8142 30.8211 3
      vertex 20.8142 30.8211 9
    endloop
  endfacet
  facet normal 0.793348 0.608768 0
    outer loop
      vertex 20.8142 30.8211 3
      vertex 21.0266 30.5443 9
      vertex 21.0266 30.5443 3
    endloop
  endfacet
  facet normal 0.130662 -0.991427 0
    outer loop
      vertex 18.0986 24.2652 3
      vertex 18.4446 24.3108 9
      vertex 18.0986 24.2652 9
    endloop
  endfacet
  facet normal 0.130662 -0.991427 0
    outer loop
      vertex 18.4446 24.3108 9
      vertex 18.0986 24.2652 3
      vertex 18.4446 24.3108 3
    endloop
  endfacet
  facet normal 0.953743 -0.300624 0
    outer loop
      vertex 21.5088 26.8819 9
      vertex 21.6137 27.2147 3
      vertex 21.6137 27.2147 9
    endloop
  endfacet
  facet normal 0.953743 -0.300624 0
    outer loop
      vertex 21.6137 27.2147 3
      vertex 21.5088 26.8819 9
      vertex 21.5088 26.8819 3
    endloop
  endfacet
  facet normal 0.843378 -0.53732 0
    outer loop
      vertex 21.0266 25.9557 9
      vertex 21.2141 26.25 3
      vertex 21.2141 26.25 9
    endloop
  endfacet
  facet normal 0.843378 -0.53732 0
    outer loop
      vertex 21.2141 26.25 3
      vertex 21.0266 25.9557 9
      vertex 21.0266 25.9557 3
    endloop
  endfacet
  facet normal -0.53732 -0.843378 0
    outer loop
      vertex 15.4557 24.9734 3
      vertex 15.75 24.7859 9
      vertex 15.4557 24.9734 9
    endloop
  endfacet
  facet normal -0.53732 -0.843378 -0
    outer loop
      vertex 15.75 24.7859 9
      vertex 15.4557 24.9734 3
      vertex 15.75 24.7859 3
    endloop
  endfacet
  facet normal -0.843378 0.53732 0
    outer loop
      vertex 14.2859 30.25 3
      vertex 14.4734 30.5443 9
      vertex 14.4734 30.5443 3
    endloop
  endfacet
  facet normal -0.843378 0.53732 0
    outer loop
      vertex 14.4734 30.5443 9
      vertex 14.2859 30.25 3
      vertex 14.2859 30.25 9
    endloop
  endfacet
  facet normal -0.216354 0.976315 0
    outer loop
      vertex 17.0554 32.1892 3
      vertex 16.7147 32.1137 9
      vertex 17.0554 32.1892 9
    endloop
  endfacet
  facet normal -0.216354 0.976315 0
    outer loop
      vertex 16.7147 32.1137 9
      vertex 17.0554 32.1892 3
      vertex 16.7147 32.1137 3
    endloop
  endfacet
  facet normal 0.991427 -0.130662 0
    outer loop
      vertex 21.6892 27.5554 9
      vertex 21.7348 27.9014 3
      vertex 21.7348 27.9014 9
    endloop
  endfacet
  facet normal 0.991427 -0.130662 0
    outer loop
      vertex 21.7348 27.9014 3
      vertex 21.6892 27.5554 9
      vertex 21.6892 27.5554 3
    endloop
  endfacet
  facet normal -0.953743 -0.300624 0
    outer loop
      vertex 13.9912 26.8819 3
      vertex 13.8863 27.2147 9
      vertex 13.8863 27.2147 3
    endloop
  endfacet
  facet normal -0.953743 -0.300624 0
    outer loop
      vertex 13.8863 27.2147 9
      vertex 13.9912 26.8819 3
      vertex 13.9912 26.8819 9
    endloop
  endfacet
  facet normal 0.923821 0.382824 0
    outer loop
      vertex 21.5088 29.6181 9
      vertex 21.3752 29.9405 3
      vertex 21.3752 29.9405 9
    endloop
  endfacet
  facet normal 0.923821 0.382824 0
    outer loop
      vertex 21.3752 29.9405 3
      vertex 21.5088 29.6181 9
      vertex 21.5088 29.6181 3
    endloop
  endfacet
  facet normal -0.793348 0.608768 0
    outer loop
      vertex 14.4734 30.5443 3
      vertex 14.6858 30.8211 9
      vertex 14.6858 30.8211 3
    endloop
  endfacet
  facet normal -0.793348 0.608768 0
    outer loop
      vertex 14.6858 30.8211 9
      vertex 14.4734 30.5443 3
      vertex 14.4734 30.5443 9
    endloop
  endfacet
  facet normal 0.887029 0.461714 0
    outer loop
      vertex 21.3752 29.9405 9
      vertex 21.2141 30.25 3
      vertex 21.2141 30.25 9
    endloop
  endfacet
  facet normal 0.887029 0.461714 0
    outer loop
      vertex 21.2141 30.25 3
      vertex 21.3752 29.9405 9
      vertex 21.3752 29.9405 3
    endloop
  endfacet
  facet normal -0.461714 -0.887029 0
    outer loop
      vertex 15.75 24.7859 3
      vertex 16.0595 24.6248 9
      vertex 15.75 24.7859 9
    endloop
  endfacet
  facet normal -0.461714 -0.887029 -0
    outer loop
      vertex 16.0595 24.6248 9
      vertex 15.75 24.7859 3
      vertex 16.0595 24.6248 3
    endloop
  endfacet
  facet normal -0.737237 0.675634 0
    outer loop
      vertex 14.6858 30.8211 3
      vertex 14.9216 31.0784 9
      vertex 14.9216 31.0784 3
    endloop
  endfacet
  facet normal -0.737237 0.675634 0
    outer loop
      vertex 14.9216 31.0784 9
      vertex 14.6858 30.8211 3
      vertex 14.6858 30.8211 9
    endloop
  endfacet
  facet normal -0.130662 -0.991427 0
    outer loop
      vertex 17.0554 24.3108 3
      vertex 17.4014 24.2652 9
      vertex 17.0554 24.3108 9
    endloop
  endfacet
  facet normal -0.130662 -0.991427 -0
    outer loop
      vertex 17.4014 24.2652 9
      vertex 17.0554 24.3108 3
      vertex 17.4014 24.2652 3
    endloop
  endfacet
  facet normal -0.0435616 0.999051 0
    outer loop
      vertex 17.75 32.25 3
      vertex 17.4014 32.2348 9
      vertex 17.75 32.25 9
    endloop
  endfacet
  facet normal -0.0435616 0.999051 0
    outer loop
      vertex 17.4014 32.2348 9
      vertex 17.75 32.25 3
      vertex 17.4014 32.2348 3
    endloop
  endfacet
  facet normal -0.382824 0.923821 0
    outer loop
      vertex 16.3819 32.0088 3
      vertex 16.0595 31.8752 9
      vertex 16.3819 32.0088 9
    endloop
  endfacet
  facet normal -0.382824 0.923821 0
    outer loop
      vertex 16.0595 31.8752 9
      vertex 16.3819 32.0088 3
      vertex 16.0595 31.8752 3
    endloop
  endfacet
  facet normal -0.991427 -0.130662 0
    outer loop
      vertex 13.8108 27.5554 3
      vertex 13.7652 27.9014 9
      vertex 13.7652 27.9014 3
    endloop
  endfacet
  facet normal -0.991427 -0.130662 0
    outer loop
      vertex 13.7652 27.9014 9
      vertex 13.8108 27.5554 3
      vertex 13.8108 27.5554 9
    endloop
  endfacet
  facet normal -0.216354 -0.976315 0
    outer loop
      vertex 16.7147 24.3863 3
      vertex 17.0554 24.3108 9
      vertex 16.7147 24.3863 9
    endloop
  endfacet
  facet normal -0.216354 -0.976315 -0
    outer loop
      vertex 17.0554 24.3108 9
      vertex 16.7147 24.3863 3
      vertex 17.0554 24.3108 3
    endloop
  endfacet
  facet normal -0.130662 0.991427 0
    outer loop
      vertex 17.4014 32.2348 3
      vertex 17.0554 32.1892 9
      vertex 17.4014 32.2348 9
    endloop
  endfacet
  facet normal -0.130662 0.991427 0
    outer loop
      vertex 17.0554 32.1892 9
      vertex 17.4014 32.2348 3
      vertex 17.0554 32.1892 3
    endloop
  endfacet
  facet normal 0.737237 0.675634 0
    outer loop
      vertex 20.8142 30.8211 9
      vertex 20.5784 31.0784 3
      vertex 20.5784 31.0784 9
    endloop
  endfacet
  facet normal 0.737237 0.675634 0
    outer loop
      vertex 20.5784 31.0784 3
      vertex 20.8142 30.8211 9
      vertex 20.8142 30.8211 3
    endloop
  endfacet
  facet normal 0.382824 -0.923821 0
    outer loop
      vertex 19.1181 24.4912 3
      vertex 19.4405 24.6248 9
      vertex 19.1181 24.4912 9
    endloop
  endfacet
  facet normal 0.382824 -0.923821 0
    outer loop
      vertex 19.4405 24.6248 9
      vertex 19.1181 24.4912 3
      vertex 19.4405 24.6248 3
    endloop
  endfacet
  facet normal 0.300624 -0.953743 0
    outer loop
      vertex 18.7853 24.3863 3
      vertex 19.1181 24.4912 9
      vertex 18.7853 24.3863 9
    endloop
  endfacet
  facet normal 0.300624 -0.953743 0
    outer loop
      vertex 19.1181 24.4912 9
      vertex 18.7853 24.3863 3
      vertex 19.1181 24.4912 3
    endloop
  endfacet
  facet normal -0.976315 0.216354 0
    outer loop
      vertex 13.8108 28.9446 3
      vertex 13.8863 29.2853 9
      vertex 13.8863 29.2853 3
    endloop
  endfacet
  facet normal -0.976315 0.216354 0
    outer loop
      vertex 13.8863 29.2853 9
      vertex 13.8108 28.9446 3
      vertex 13.8108 28.9446 9
    endloop
  endfacet
  facet normal -0.675777 -0.737107 0
    outer loop
      vertex 14.9216 25.4216 3
      vertex 15.1788 25.1858 9
      vertex 14.9216 25.4216 9
    endloop
  endfacet
  facet normal -0.675777 -0.737107 -0
    outer loop
      vertex 15.1788 25.1858 9
      vertex 14.9216 25.4216 3
      vertex 15.1788 25.1858 3
    endloop
  endfacet
  facet normal -0.60863 0.793454 0
    outer loop
      vertex 15.4557 31.5266 3
      vertex 15.1788 31.3142 9
      vertex 15.4557 31.5266 9
    endloop
  endfacet
  facet normal -0.60863 0.793454 0
    outer loop
      vertex 15.1788 31.3142 9
      vertex 15.4557 31.5266 3
      vertex 15.1788 31.3142 3
    endloop
  endfacet
  facet normal -0.976315 -0.216354 0
    outer loop
      vertex 13.8863 27.2147 3
      vertex 13.8108 27.5554 9
      vertex 13.8108 27.5554 3
    endloop
  endfacet
  facet normal -0.976315 -0.216354 0
    outer loop
      vertex 13.8108 27.5554 9
      vertex 13.8863 27.2147 3
      vertex 13.8863 27.2147 9
    endloop
  endfacet
  facet normal -0.999051 0.0435616 0
    outer loop
      vertex 13.75 28.25 3
      vertex 13.7652 28.5986 9
      vertex 13.7652 28.5986 3
    endloop
  endfacet
  facet normal -0.999051 0.0435616 0
    outer loop
      vertex 13.7652 28.5986 9
      vertex 13.75 28.25 3
      vertex 13.75 28.25 9
    endloop
  endfacet
  facet normal -0.923821 0.382824 0
    outer loop
      vertex 13.9912 29.6181 3
      vertex 14.1248 29.9405 9
      vertex 14.1248 29.9405 3
    endloop
  endfacet
  facet normal -0.923821 0.382824 0
    outer loop
      vertex 14.1248 29.9405 9
      vertex 13.9912 29.6181 3
      vertex 13.9912 29.6181 9
    endloop
  endfacet
  facet normal 0.887029 -0.461714 0
    outer loop
      vertex 21.2141 26.25 9
      vertex 21.3752 26.5595 3
      vertex 21.3752 26.5595 9
    endloop
  endfacet
  facet normal 0.887029 -0.461714 0
    outer loop
      vertex 21.3752 26.5595 3
      vertex 21.2141 26.25 9
      vertex 21.2141 26.25 3
    endloop
  endfacet
  facet normal -0.887029 -0.461714 0
    outer loop
      vertex 14.2859 26.25 3
      vertex 14.1248 26.5595 9
      vertex 14.1248 26.5595 3
    endloop
  endfacet
  facet normal -0.887029 -0.461714 0
    outer loop
      vertex 14.1248 26.5595 9
      vertex 14.2859 26.25 3
      vertex 14.2859 26.25 9
    endloop
  endfacet
  facet normal 0.675634 0.737237 -0
    outer loop
      vertex 20.5784 31.0784 3
      vertex 20.3211 31.3142 9
      vertex 20.5784 31.0784 9
    endloop
  endfacet
  facet normal 0.675634 0.737237 0
    outer loop
      vertex 20.3211 31.3142 9
      vertex 20.5784 31.0784 3
      vertex 20.3211 31.3142 3
    endloop
  endfacet
  facet normal 0.843378 0.53732 0
    outer loop
      vertex 21.2141 30.25 9
      vertex 21.0266 30.5443 3
      vertex 21.0266 30.5443 9
    endloop
  endfacet
  facet normal 0.843378 0.53732 0
    outer loop
      vertex 21.0266 30.5443 3
      vertex 21.2141 30.25 9
      vertex 21.2141 30.25 3
    endloop
  endfacet
  facet normal -0.60863 -0.793454 0
    outer loop
      vertex 15.1788 25.1858 3
      vertex 15.4557 24.9734 9
      vertex 15.1788 25.1858 9
    endloop
  endfacet
  facet normal -0.60863 -0.793454 -0
    outer loop
      vertex 15.4557 24.9734 9
      vertex 15.1788 25.1858 3
      vertex 15.4557 24.9734 3
    endloop
  endfacet
  facet normal 0.0435616 0.999051 -0
    outer loop
      vertex 18.0986 32.2348 3
      vertex 17.75 32.25 9
      vertex 18.0986 32.2348 9
    endloop
  endfacet
  facet normal 0.0435616 0.999051 0
    outer loop
      vertex 17.75 32.25 9
      vertex 18.0986 32.2348 3
      vertex 17.75 32.25 3
    endloop
  endfacet
  facet normal -0.991427 0.130662 0
    outer loop
      vertex 13.7652 28.5986 3
      vertex 13.8108 28.9446 9
      vertex 13.8108 28.9446 3
    endloop
  endfacet
  facet normal -0.991427 0.130662 0
    outer loop
      vertex 13.8108 28.9446 9
      vertex 13.7652 28.5986 3
      vertex 13.7652 28.5986 9
    endloop
  endfacet
  facet normal -0.300624 -0.953743 0
    outer loop
      vertex 16.3819 24.4912 3
      vertex 16.7147 24.3863 9
      vertex 16.3819 24.4912 9
    endloop
  endfacet
  facet normal -0.300624 -0.953743 -0
    outer loop
      vertex 16.7147 24.3863 9
      vertex 16.3819 24.4912 3
      vertex 16.7147 24.3863 3
    endloop
  endfacet
  facet normal 0.300624 0.953743 -0
    outer loop
      vertex 19.1181 32.0088 3
      vertex 18.7853 32.1137 9
      vertex 19.1181 32.0088 9
    endloop
  endfacet
  facet normal 0.300624 0.953743 0
    outer loop
      vertex 18.7853 32.1137 9
      vertex 19.1181 32.0088 3
      vertex 18.7853 32.1137 3
    endloop
  endfacet
  facet normal -0.843378 -0.53732 0
    outer loop
      vertex 14.4734 25.9557 3
      vertex 14.2859 26.25 9
      vertex 14.2859 26.25 3
    endloop
  endfacet
  facet normal -0.843378 -0.53732 0
    outer loop
      vertex 14.2859 26.25 9
      vertex 14.4734 25.9557 3
      vertex 14.4734 25.9557 9
    endloop
  endfacet
  facet normal 0.737107 -0.675777 0
    outer loop
      vertex 20.5784 25.4216 9
      vertex 20.8142 25.6788 3
      vertex 20.8142 25.6788 9
    endloop
  endfacet
  facet normal 0.737107 -0.675777 0
    outer loop
      vertex 20.8142 25.6788 3
      vertex 20.5784 25.4216 9
      vertex 20.5784 25.4216 3
    endloop
  endfacet
  facet normal -0.382824 -0.923821 0
    outer loop
      vertex 16.0595 24.6248 3
      vertex 16.3819 24.4912 9
      vertex 16.0595 24.6248 9
    endloop
  endfacet
  facet normal -0.382824 -0.923821 -0
    outer loop
      vertex 16.3819 24.4912 9
      vertex 16.0595 24.6248 3
      vertex 16.3819 24.4912 3
    endloop
  endfacet
  facet normal -0.0429403 -0.999078 0
    outer loop
      vertex 190.401 108.765 3
      vertex 190.75 108.75 9
      vertex 190.401 108.765 9
    endloop
  endfacet
  facet normal -0.0429403 -0.999078 -0
    outer loop
      vertex 190.75 108.75 9
      vertex 190.401 108.765 3
      vertex 190.75 108.75 3
    endloop
  endfacet
  facet normal 0.53669 -0.84378 0
    outer loop
      vertex 192.75 109.286 3
      vertex 193.044 109.473 9
      vertex 192.75 109.286 9
    endloop
  endfacet
  facet normal 0.53669 -0.84378 0
    outer loop
      vertex 193.044 109.473 9
      vertex 192.75 109.286 3
      vertex 193.044 109.473 3
    endloop
  endfacet
  facet normal 0.991278 0.131788 0
    outer loop
      vertex 194.735 113.099 9
      vertex 194.689 113.445 3
      vertex 194.689 113.445 9
    endloop
  endfacet
  facet normal 0.991278 0.131788 0
    outer loop
      vertex 194.689 113.445 3
      vertex 194.735 113.099 9
      vertex 194.735 113.099 3
    endloop
  endfacet
  facet normal 0.999078 0.0429403 0
    outer loop
      vertex 194.75 112.75 9
      vertex 194.735 113.099 3
      vertex 194.735 113.099 9
    endloop
  endfacet
  facet normal 0.999078 0.0429403 0
    outer loop
      vertex 194.735 113.099 3
      vertex 194.75 112.75 9
      vertex 194.75 112.75 3
    endloop
  endfacet
  facet normal 0.976524 0.21541 0
    outer loop
      vertex 194.689 113.445 9
      vertex 194.614 113.785 3
      vertex 194.614 113.785 9
    endloop
  endfacet
  facet normal 0.976524 0.21541 0
    outer loop
      vertex 194.614 113.785 3
      vertex 194.689 113.445 9
      vertex 194.689 113.445 3
    endloop
  endfacet
  facet normal 0 0 1
    outer loop
      vertex 192.35 112.75 9
      vertex 194.75 112.75 9
      vertex 194.735 113.099 9
    endloop
  endfacet
  facet normal 0 0 1
    outer loop
      vertex 192.344 112.889 9
      vertex 194.735 113.099 9
      vertex 194.689 113.445 9
    endloop
  endfacet
  facet normal 0 0 1
    outer loop
      vertex 194.75 112.75 9
      vertex 192.35 112.75 9
      vertex 194.735 112.401 9
    endloop
  endfacet
  facet normal 0 0 1
    outer loop
      vertex 192.326 113.028 9
      vertex 194.689 113.445 9
      vertex 194.614 113.785 9
    endloop
  endfacet
  facet normal -0 0 1
    outer loop
      vertex 192.344 112.611 9
      vertex 194.735 112.401 9
      vertex 192.35 112.75 9
    endloop
  endfacet
  facet normal 0 0 1
    outer loop
      vertex 192.295 113.164 9
      vertex 194.614 113.785 9
      vertex 194.509 114.118 9
    endloop
  endfacet
  facet normal 0 0 1
    outer loop
      vertex 194.735 112.401 9
      vertex 192.344 112.611 9
      vertex 194.689 112.055 9
    endloop
  endfacet
  facet normal 0 0 1
    outer loop
      vertex 192.254 113.297 9
      vertex 194.509 114.118 9
      vertex 194.375 114.44 9
    endloop
  endfacet
  facet normal -0 0 1
    outer loop
      vertex 192.326 112.472 9
      vertex 194.689 112.055 9
      vertex 192.344 112.611 9
    endloop
  endfacet
  facet normal 0 0 1
    outer loop
      vertex 192.2 113.426 9
      vertex 194.375 114.44 9
      vertex 194.214 114.75 9
    endloop
  endfacet
  facet normal 0 0 1
    outer loop
      vertex 194.689 112.055 9
      vertex 192.326 112.472 9
      vertex 194.614 111.715 9
    endloop
  endfacet
  facet normal 0 0 1
    outer loop
      vertex 192.136 113.55 9
      vertex 194.214 114.75 9
      vertex 194.027 115.044 9
    endloop
  endfacet
  facet normal -0 0 1
    outer loop
      vertex 192.295 112.336 9
      vertex 194.614 111.715 9
      vertex 192.326 112.472 9
    endloop
  endfacet
  facet normal 0 0 1
    outer loop
      vertex 192.061 113.668 9
      vertex 194.027 115.044 9
      vertex 193.814 115.321 9
    endloop
  endfacet
  facet normal 0 0 1
    outer loop
      vertex 194.614 111.715 9
      vertex 192.295 112.336 9
      vertex 194.509 111.382 9
    endloop
  endfacet
  facet normal 0 0 1
    outer loop
      vertex 191.976 113.778 9
      vertex 193.814 115.321 9
      vertex 193.578 115.578 9
    endloop
  endfacet
  facet normal -0 0 1
    outer loop
      vertex 192.254 112.203 9
      vertex 194.509 111.382 9
      vertex 192.295 112.336 9
    endloop
  endfacet
  facet normal 0 0 1
    outer loop
      vertex 191.881 113.881 9
      vertex 193.578 115.578 9
      vertex 193.321 115.814 9
    endloop
  endfacet
  facet normal 0 0 1
    outer loop
      vertex 194.509 111.382 9
      vertex 192.254 112.203 9
      vertex 194.375 111.06 9
    endloop
  endfacet
  facet normal 0 0 1
    outer loop
      vertex 191.778 113.976 9
      vertex 193.321 115.814 9
      vertex 193.044 116.027 9
    endloop
  endfacet
  facet normal -0 0 1
    outer loop
      vertex 192.2 112.074 9
      vertex 194.375 111.06 9
      vertex 192.254 112.203 9
    endloop
  endfacet
  facet normal 0 0 1
    outer loop
      vertex 191.668 114.061 9
      vertex 193.044 116.027 9
      vertex 192.75 116.214 9
    endloop
  endfacet
  facet normal 0 0 1
    outer loop
      vertex 194.375 111.06 9
      vertex 192.2 112.074 9
      vertex 194.214 110.75 9
    endloop
  endfacet
  facet normal 0 0 1
    outer loop
      vertex 191.55 114.136 9
      vertex 192.75 116.214 9
      vertex 192.44 116.375 9
    endloop
  endfacet
  facet normal -0 0 1
    outer loop
      vertex 192.136 111.95 9
      vertex 194.214 110.75 9
      vertex 192.2 112.074 9
    endloop
  endfacet
  facet normal 0 0 1
    outer loop
      vertex 194.214 110.75 9
      vertex 192.136 111.95 9
      vertex 194.027 110.456 9
    endloop
  endfacet
  facet normal 0 0 1
    outer loop
      vertex 194.735 113.099 9
      vertex 192.344 112.889 9
      vertex 192.35 112.75 9
    endloop
  endfacet
  facet normal 0 0 1
    outer loop
      vertex 194.689 113.445 9
      vertex 192.326 113.028 9
      vertex 192.344 112.889 9
    endloop
  endfacet
  facet normal 0 0 1
    outer loop
      vertex 194.614 113.785 9
      vertex 192.295 113.164 9
      vertex 192.326 113.028 9
    endloop
  endfacet
  facet normal 0 0 1
    outer loop
      vertex 194.509 114.118 9
      vertex 192.254 113.297 9
      vertex 192.295 113.164 9
    endloop
  endfacet
  facet normal 0 0 1
    outer loop
      vertex 194.375 114.44 9
      vertex 192.2 113.426 9
      vertex 192.254 113.297 9
    endloop
  endfacet
  facet normal 0 0 1
    outer loop
      vertex 194.214 114.75 9
      vertex 192.136 113.55 9
      vertex 192.2 113.426 9
    endloop
  endfacet
  facet normal 0 0 1
    outer loop
      vertex 191.426 114.2 9
      vertex 192.44 116.375 9
      vertex 192.118 116.509 9
    endloop
  endfacet
  facet normal 0 0 1
    outer loop
      vertex 194.027 115.044 9
      vertex 192.061 113.668 9
      vertex 192.136 113.55 9
    endloop
  endfacet
  facet normal 0 0 1
    outer loop
      vertex 193.814 115.321 9
      vertex 191.976 113.778 9
      vertex 192.061 113.668 9
    endloop
  endfacet
  facet normal 0 0 1
    outer loop
      vertex 193.578 115.578 9
      vertex 191.881 113.881 9
      vertex 191.976 113.778 9
    endloop
  endfacet
  facet normal 0 0 1
    outer loop
      vertex 191.297 114.254 9
      vertex 192.118 116.509 9
      vertex 191.785 116.614 9
    endloop
  endfacet
  facet normal 0 0 1
    outer loop
      vertex 193.321 115.814 9
      vertex 191.778 113.976 9
      vertex 191.881 113.881 9
    endloop
  endfacet
  facet normal 0 0 1
    outer loop
      vertex 193.044 116.027 9
      vertex 191.668 114.061 9
      vertex 191.778 113.976 9
    endloop
  endfacet
  facet normal 0 0 1
    outer loop
      vertex 192.75 116.214 9
      vertex 191.55 114.136 9
      vertex 191.668 114.061 9
    endloop
  endfacet
  facet normal 0 0 1
    outer loop
      vertex 191.164 114.295 9
      vertex 191.785 116.614 9
      vertex 191.445 116.689 9
    endloop
  endfacet
  facet normal 0 0 1
    outer loop
      vertex 192.44 116.375 9
      vertex 191.426 114.2 9
      vertex 191.55 114.136 9
    endloop
  endfacet
  facet normal 0 0 1
    outer loop
      vertex 192.118 116.509 9
      vertex 191.297 114.254 9
      vertex 191.426 114.2 9
    endloop
  endfacet
  facet normal 0 0 1
    outer loop
      vertex 191.785 116.614 9
      vertex 191.164 114.295 9
      vertex 191.297 114.254 9
    endloop
  endfacet
  facet normal 0 0 1
    outer loop
      vertex 191.028 114.326 9
      vertex 191.445 116.689 9
      vertex 191.099 116.735 9
    endloop
  endfacet
  facet normal 0 0 1
    outer loop
      vertex 191.445 116.689 9
      vertex 191.028 114.326 9
      vertex 191.164 114.295 9
    endloop
  endfacet
  facet normal 0 0 1
    outer loop
      vertex 191.099 116.735 9
      vertex 190.889 114.344 9
      vertex 191.028 114.326 9
    endloop
  endfacet
  facet normal 0 0 1
    outer loop
      vertex 190.75 116.75 9
      vertex 190.889 114.344 9
      vertex 191.099 116.735 9
    endloop
  endfacet
  facet normal 0 0 1
    outer loop
      vertex 190.75 116.75 9
      vertex 190.75 114.35 9
      vertex 190.889 114.344 9
    endloop
  endfacet
  facet normal 0 0 1
    outer loop
      vertex 190.75 116.75 9
      vertex 190.611 114.344 9
      vertex 190.75 114.35 9
    endloop
  endfacet
  facet normal -0 0 1
    outer loop
      vertex 190.401 116.735 9
      vertex 190.611 114.344 9
      vertex 190.75 116.75 9
    endloop
  endfacet
  facet normal 0 0 1
    outer loop
      vertex 190.611 114.344 9
      vertex 190.401 116.735 9
      vertex 190.472 114.326 9
    endloop
  endfacet
  facet normal -0 0 1
    outer loop
      vertex 190.055 116.689 9
      vertex 190.472 114.326 9
      vertex 190.401 116.735 9
    endloop
  endfacet
  facet normal 0 0 1
    outer loop
      vertex 190.472 114.326 9
      vertex 190.055 116.689 9
      vertex 190.336 114.295 9
    endloop
  endfacet
  facet normal -0 0 1
    outer loop
      vertex 189.715 116.614 9
      vertex 190.336 114.295 9
      vertex 190.055 116.689 9
    endloop
  endfacet
  facet normal 0 0 1
    outer loop
      vertex 190.336 114.295 9
      vertex 189.715 116.614 9
      vertex 190.203 114.254 9
    endloop
  endfacet
  facet normal -0 0 1
    outer loop
      vertex 189.382 116.509 9
      vertex 190.203 114.254 9
      vertex 189.715 116.614 9
    endloop
  endfacet
  facet normal 0 0 1
    outer loop
      vertex 190.203 114.254 9
      vertex 189.382 116.509 9
      vertex 190.074 114.2 9
    endloop
  endfacet
  facet normal -0 0 1
    outer loop
      vertex 189.06 116.375 9
      vertex 190.074 114.2 9
      vertex 189.382 116.509 9
    endloop
  endfacet
  facet normal 0 0 1
    outer loop
      vertex 190.074 114.2 9
      vertex 189.06 116.375 9
      vertex 189.95 114.136 9
    endloop
  endfacet
  facet normal -0 0 1
    outer loop
      vertex 188.75 116.214 9
      vertex 189.95 114.136 9
      vertex 189.06 116.375 9
    endloop
  endfacet
  facet normal 0 0 1
    outer loop
      vertex 189.95 114.136 9
      vertex 188.75 116.214 9
      vertex 189.832 114.061 9
    endloop
  endfacet
  facet normal -0 0 1
    outer loop
      vertex 188.456 116.027 9
      vertex 189.832 114.061 9
      vertex 188.75 116.214 9
    endloop
  endfacet
  facet normal 0 0 1
    outer loop
      vertex 189.832 114.061 9
      vertex 188.456 116.027 9
      vertex 189.722 113.976 9
    endloop
  endfacet
  facet normal -0 0 1
    outer loop
      vertex 188.179 115.814 9
      vertex 189.722 113.976 9
      vertex 188.456 116.027 9
    endloop
  endfacet
  facet normal 0 0 1
    outer loop
      vertex 189.722 113.976 9
      vertex 188.179 115.814 9
      vertex 189.619 113.881 9
    endloop
  endfacet
  facet normal -0 0 1
    outer loop
      vertex 187.922 115.578 9
      vertex 189.619 113.881 9
      vertex 188.179 115.814 9
    endloop
  endfacet
  facet normal 0 0 1
    outer loop
      vertex 189.619 113.881 9
      vertex 187.922 115.578 9
      vertex 189.524 113.778 9
    endloop
  endfacet
  facet normal -0 0 1
    outer loop
      vertex 187.686 115.321 9
      vertex 189.524 113.778 9
      vertex 187.922 115.578 9
    endloop
  endfacet
  facet normal 0 0 1
    outer loop
      vertex 189.524 113.778 9
      vertex 187.686 115.321 9
      vertex 189.439 113.668 9
    endloop
  endfacet
  facet normal 0 0 1
    outer loop
      vertex 189.439 113.668 9
      vertex 187.473 115.044 9
      vertex 189.364 113.55 9
    endloop
  endfacet
  facet normal -0 0 1
    outer loop
      vertex 187.473 115.044 9
      vertex 189.439 113.668 9
      vertex 187.686 115.321 9
    endloop
  endfacet
  facet normal -0 0 1
    outer loop
      vertex 192.061 111.832 9
      vertex 194.027 110.456 9
      vertex 192.136 111.95 9
    endloop
  endfacet
  facet normal 0 0 1
    outer loop
      vertex 194.027 110.456 9
      vertex 192.061 111.832 9
      vertex 193.814 110.179 9
    endloop
  endfacet
  facet normal -0 0 1
    outer loop
      vertex 191.976 111.722 9
      vertex 193.814 110.179 9
      vertex 192.061 111.832 9
    endloop
  endfacet
  facet normal 0 0 1
    outer loop
      vertex 193.814 110.179 9
      vertex 191.976 111.722 9
      vertex 193.578 109.922 9
    endloop
  endfacet
  facet normal -0 0 1
    outer loop
      vertex 191.881 111.619 9
      vertex 193.578 109.922 9
      vertex 191.976 111.722 9
    endloop
  endfacet
  facet normal 0 0 1
    outer loop
      vertex 193.578 109.922 9
      vertex 191.881 111.619 9
      vertex 193.321 109.686 9
    endloop
  endfacet
  facet normal -0 0 1
    outer loop
      vertex 191.778 111.524 9
      vertex 193.321 109.686 9
      vertex 191.881 111.619 9
    endloop
  endfacet
  facet normal 0 0 1
    outer loop
      vertex 193.321 109.686 9
      vertex 191.778 111.524 9
      vertex 193.044 109.473 9
    endloop
  endfacet
  facet normal -0 0 1
    outer loop
      vertex 191.668 111.439 9
      vertex 193.044 109.473 9
      vertex 191.778 111.524 9
    endloop
  endfacet
  facet normal 0 0 1
    outer loop
      vertex 193.044 109.473 9
      vertex 191.668 111.439 9
      vertex 192.75 109.286 9
    endloop
  endfacet
  facet normal -0 0 1
    outer loop
      vertex 191.55 111.364 9
      vertex 192.75 109.286 9
      vertex 191.668 111.439 9
    endloop
  endfacet
  facet normal 0 0 1
    outer loop
      vertex 192.75 109.286 9
      vertex 191.55 111.364 9
      vertex 192.44 109.125 9
    endloop
  endfacet
  facet normal -0 0 1
    outer loop
      vertex 191.426 111.3 9
      vertex 192.44 109.125 9
      vertex 191.55 111.364 9
    endloop
  endfacet
  facet normal 0 0 1
    outer loop
      vertex 192.44 109.125 9
      vertex 191.426 111.3 9
      vertex 192.118 108.991 9
    endloop
  endfacet
  facet normal -0 0 1
    outer loop
      vertex 191.297 111.246 9
      vertex 192.118 108.991 9
      vertex 191.426 111.3 9
    endloop
  endfacet
  facet normal 0 0 1
    outer loop
      vertex 192.118 108.991 9
      vertex 191.297 111.246 9
      vertex 191.785 108.886 9
    endloop
  endfacet
  facet normal -0 0 1
    outer loop
      vertex 191.164 111.205 9
      vertex 191.785 108.886 9
      vertex 191.297 111.246 9
    endloop
  endfacet
  facet normal 0 0 1
    outer loop
      vertex 191.785 108.886 9
      vertex 191.164 111.205 9
      vertex 191.445 108.811 9
    endloop
  endfacet
  facet normal -0 0 1
    outer loop
      vertex 191.028 111.174 9
      vertex 191.445 108.811 9
      vertex 191.164 111.205 9
    endloop
  endfacet
  facet normal 0 0 1
    outer loop
      vertex 191.445 108.811 9
      vertex 191.028 111.174 9
      vertex 191.099 108.765 9
    endloop
  endfacet
  facet normal -0 0 1
    outer loop
      vertex 190.889 111.156 9
      vertex 191.099 108.765 9
      vertex 191.028 111.174 9
    endloop
  endfacet
  facet normal -0 0 1
    outer loop
      vertex 190.75 111.15 9
      vertex 191.099 108.765 9
      vertex 190.889 111.156 9
    endloop
  endfacet
  facet normal 0 0 1
    outer loop
      vertex 190.75 111.15 9
      vertex 190.75 108.75 9
      vertex 191.099 108.765 9
    endloop
  endfacet
  facet normal 0 0 1
    outer loop
      vertex 190.611 111.156 9
      vertex 190.75 108.75 9
      vertex 190.75 111.15 9
    endloop
  endfacet
  facet normal 0 0 1
    outer loop
      vertex 190.401 108.765 9
      vertex 190.611 111.156 9
      vertex 190.472 111.174 9
    endloop
  endfacet
  facet normal 0 0 1
    outer loop
      vertex 190.611 111.156 9
      vertex 190.401 108.765 9
      vertex 190.75 108.75 9
    endloop
  endfacet
  facet normal 0 0 1
    outer loop
      vertex 190.055 108.811 9
      vertex 190.472 111.174 9
      vertex 190.336 111.205 9
    endloop
  endfacet
  facet normal 0 0 1
    outer loop
      vertex 189.715 108.886 9
      vertex 190.336 111.205 9
      vertex 190.203 111.246 9
    endloop
  endfacet
  facet normal 0 0 1
    outer loop
      vertex 189.382 108.991 9
      vertex 190.203 111.246 9
      vertex 190.074 111.3 9
    endloop
  endfacet
  facet normal 0 0 1
    outer loop
      vertex 190.472 111.174 9
      vertex 190.055 108.811 9
      vertex 190.401 108.765 9
    endloop
  endfacet
  facet normal 0 0 1
    outer loop
      vertex 189.06 109.125 9
      vertex 190.074 111.3 9
      vertex 189.95 111.364 9
    endloop
  endfacet
  facet normal 0 0 1
    outer loop
      vertex 188.75 109.286 9
      vertex 189.95 111.364 9
      vertex 189.832 111.439 9
    endloop
  endfacet
  facet normal 0 0 1
    outer loop
      vertex 188.456 109.473 9
      vertex 189.832 111.439 9
      vertex 189.722 111.524 9
    endloop
  endfacet
  facet normal 0 0 1
    outer loop
      vertex 190.336 111.205 9
      vertex 189.715 108.886 9
      vertex 190.055 108.811 9
    endloop
  endfacet
  facet normal 0 0 1
    outer loop
      vertex 188.179 109.686 9
      vertex 189.722 111.524 9
      vertex 189.619 111.619 9
    endloop
  endfacet
  facet normal 0 0 1
    outer loop
      vertex 187.922 109.922 9
      vertex 189.619 111.619 9
      vertex 189.524 111.722 9
    endloop
  endfacet
  facet normal 0 0 1
    outer loop
      vertex 187.686 110.179 9
      vertex 189.524 111.722 9
      vertex 189.439 111.832 9
    endloop
  endfacet
  facet normal 0 0 1
    outer loop
      vertex 190.203 111.246 9
      vertex 189.382 108.991 9
      vertex 189.715 108.886 9
    endloop
  endfacet
  facet normal 0 0 1
    outer loop
      vertex 187.473 110.456 9
      vertex 189.439 111.832 9
      vertex 189.364 111.95 9
    endloop
  endfacet
  facet normal 0 0 1
    outer loop
      vertex 187.286 110.75 9
      vertex 189.364 111.95 9
      vertex 189.3 112.074 9
    endloop
  endfacet
  facet normal 0 0 1
    outer loop
      vertex 187.125 111.06 9
      vertex 189.3 112.074 9
      vertex 189.246 112.203 9
    endloop
  endfacet
  facet normal 0 0 1
    outer loop
      vertex 186.991 111.382 9
      vertex 189.246 112.203 9
      vertex 189.205 112.336 9
    endloop
  endfacet
  facet normal 0 0 1
    outer loop
      vertex 186.886 111.715 9
      vertex 189.205 112.336 9
      vertex 189.174 112.472 9
    endloop
  endfacet
  facet normal 0 0 1
    outer loop
      vertex 186.811 112.055 9
      vertex 189.174 112.472 9
      vertex 189.156 112.611 9
    endloop
  endfacet
  facet normal 0 0 1
    outer loop
      vertex 190.074 111.3 9
      vertex 189.06 109.125 9
      vertex 189.382 108.991 9
    endloop
  endfacet
  facet normal 0 0 1
    outer loop
      vertex 186.765 112.401 9
      vertex 189.156 112.611 9
      vertex 189.15 112.75 9
    endloop
  endfacet
  facet normal -0 0 1
    outer loop
      vertex 187.286 114.75 9
      vertex 189.364 113.55 9
      vertex 187.473 115.044 9
    endloop
  endfacet
  facet normal 0 0 1
    outer loop
      vertex 189.364 113.55 9
      vertex 187.286 114.75 9
      vertex 189.3 113.426 9
    endloop
  endfacet
  facet normal 0 0 1
    outer loop
      vertex 189.95 111.364 9
      vertex 188.75 109.286 9
      vertex 189.06 109.125 9
    endloop
  endfacet
  facet normal -0 0 1
    outer loop
      vertex 187.125 114.44 9
      vertex 189.3 113.426 9
      vertex 187.286 114.75 9
    endloop
  endfacet
  facet normal 0 0 1
    outer loop
      vertex 189.832 111.439 9
      vertex 188.456 109.473 9
      vertex 188.75 109.286 9
    endloop
  endfacet
  facet normal 0 0 1
    outer loop
      vertex 189.3 113.426 9
      vertex 187.125 114.44 9
      vertex 189.246 113.297 9
    endloop
  endfacet
  facet normal 0 0 1
    outer loop
      vertex 189.722 111.524 9
      vertex 188.179 109.686 9
      vertex 188.456 109.473 9
    endloop
  endfacet
  facet normal -0 0 1
    outer loop
      vertex 186.991 114.118 9
      vertex 189.246 113.297 9
      vertex 187.125 114.44 9
    endloop
  endfacet
  facet normal 0 0 1
    outer loop
      vertex 189.619 111.619 9
      vertex 187.922 109.922 9
      vertex 188.179 109.686 9
    endloop
  endfacet
  facet normal 0 0 1
    outer loop
      vertex 189.246 113.297 9
      vertex 186.991 114.118 9
      vertex 189.205 113.164 9
    endloop
  endfacet
  facet normal 0 0 1
    outer loop
      vertex 189.524 111.722 9
      vertex 187.686 110.179 9
      vertex 187.922 109.922 9
    endloop
  endfacet
  facet normal -0 0 1
    outer loop
      vertex 186.886 113.785 9
      vertex 189.205 113.164 9
      vertex 186.991 114.118 9
    endloop
  endfacet
  facet normal 0 0 1
    outer loop
      vertex 189.439 111.832 9
      vertex 187.473 110.456 9
      vertex 187.686 110.179 9
    endloop
  endfacet
  facet normal 0 0 1
    outer loop
      vertex 189.205 113.164 9
      vertex 186.886 113.785 9
      vertex 189.174 113.028 9
    endloop
  endfacet
  facet normal 0 0 1
    outer loop
      vertex 189.364 111.95 9
      vertex 187.286 110.75 9
      vertex 187.473 110.456 9
    endloop
  endfacet
  facet normal -0 0 1
    outer loop
      vertex 186.811 113.445 9
      vertex 189.174 113.028 9
      vertex 186.886 113.785 9
    endloop
  endfacet
  facet normal 0 0 1
    outer loop
      vertex 189.3 112.074 9
      vertex 187.125 111.06 9
      vertex 187.286 110.75 9
    endloop
  endfacet
  facet normal 0 0 1
    outer loop
      vertex 189.174 113.028 9
      vertex 186.811 113.445 9
      vertex 189.156 112.889 9
    endloop
  endfacet
  facet normal 0 0 1
    outer loop
      vertex 189.246 112.203 9
      vertex 186.991 111.382 9
      vertex 187.125 111.06 9
    endloop
  endfacet
  facet normal -0 0 1
    outer loop
      vertex 186.765 113.099 9
      vertex 189.156 112.889 9
      vertex 186.811 113.445 9
    endloop
  endfacet
  facet normal 0 0 1
    outer loop
      vertex 189.205 112.336 9
      vertex 186.886 111.715 9
      vertex 186.991 111.382 9
    endloop
  endfacet
  facet normal 0 0 1
    outer loop
      vertex 189.156 112.889 9
      vertex 186.765 113.099 9
      vertex 189.15 112.75 9
    endloop
  endfacet
  facet normal 0 0 1
    outer loop
      vertex 189.174 112.472 9
      vertex 186.811 112.055 9
      vertex 186.886 111.715 9
    endloop
  endfacet
  facet normal 0 0 1
    outer loop
      vertex 186.75 112.75 9
      vertex 189.15 112.75 9
      vertex 186.765 113.099 9
    endloop
  endfacet
  facet normal 0 0 1
    outer loop
      vertex 189.156 112.611 9
      vertex 186.765 112.401 9
      vertex 186.811 112.055 9
    endloop
  endfacet
  facet normal 0 0 1
    outer loop
      vertex 189.15 112.75 9
      vertex 186.75 112.75 9
      vertex 186.765 112.401 9
    endloop
  endfacet
  facet normal 0.131788 0.991278 -0
    outer loop
      vertex 191.445 116.689 3
      vertex 191.099 116.735 9
      vertex 191.445 116.689 9
    endloop
  endfacet
  facet normal 0.131788 0.991278 0
    outer loop
      vertex 191.099 116.735 9
      vertex 191.445 116.689 3
      vertex 191.099 116.735 3
    endloop
  endfacet
  facet normal 0.999078 -0.0429403 0
    outer loop
      vertex 194.735 112.401 9
      vertex 194.75 112.75 3
      vertex 194.75 112.75 9
    endloop
  endfacet
  facet normal 0.999078 -0.0429403 0
    outer loop
      vertex 194.75 112.75 3
      vertex 194.735 112.401 9
      vertex 194.735 112.401 3
    endloop
  endfacet
  facet normal -0.53669 0.84378 0
    outer loop
      vertex 188.75 116.214 3
      vertex 188.456 116.027 9
      vertex 188.75 116.214 9
    endloop
  endfacet
  facet normal -0.53669 0.84378 0
    outer loop
      vertex 188.456 116.027 9
      vertex 188.75 116.214 3
      vertex 188.456 116.027 3
    endloop
  endfacet
  facet normal 0.0429403 -0.999078 0
    outer loop
      vertex 190.75 108.75 3
      vertex 191.099 108.765 9
      vertex 190.75 108.75 9
    endloop
  endfacet
  facet normal 0.0429403 -0.999078 0
    outer loop
      vertex 191.099 108.765 9
      vertex 190.75 108.75 3
      vertex 191.099 108.765 3
    endloop
  endfacet
  facet normal -0.976524 0.21541 0
    outer loop
      vertex 186.811 113.445 3
      vertex 186.886 113.785 9
      vertex 186.886 113.785 3
    endloop
  endfacet
  facet normal -0.976524 0.21541 0
    outer loop
      vertex 186.886 113.785 9
      vertex 186.811 113.445 3
      vertex 186.811 113.445 9
    endloop
  endfacet
  facet normal -0.953712 0.30072 0
    outer loop
      vertex 186.886 113.785 3
      vertex 186.991 114.118 9
      vertex 186.991 114.118 3
    endloop
  endfacet
  facet normal -0.953712 0.30072 0
    outer loop
      vertex 186.991 114.118 9
      vertex 186.886 113.785 3
      vertex 186.886 113.785 9
    endloop
  endfacet
  facet normal -0.460902 0.887451 0
    outer loop
      vertex 189.06 116.375 3
      vertex 188.75 116.214 9
      vertex 189.06 116.375 9
    endloop
  endfacet
  facet normal -0.460902 0.887451 0
    outer loop
      vertex 188.75 116.214 9
      vertex 189.06 116.375 3
      vertex 188.75 116.214 3
    endloop
  endfacet
  facet normal -0.30072 0.953712 0
    outer loop
      vertex 189.715 116.614 3
      vertex 189.382 116.509 9
      vertex 189.715 116.614 9
    endloop
  endfacet
  facet normal -0.30072 0.953712 0
    outer loop
      vertex 189.382 116.509 9
      vertex 189.715 116.614 3
      vertex 189.382 116.509 3
    endloop
  endfacet
  facet normal 0.21541 -0.976524 0
    outer loop
      vertex 191.445 108.811 3
      vertex 191.785 108.886 9
      vertex 191.445 108.811 9
    endloop
  endfacet
  facet normal 0.21541 -0.976524 0
    outer loop
      vertex 191.785 108.886 9
      vertex 191.445 108.811 3
      vertex 191.785 108.886 3
    endloop
  endfacet
  facet normal 0.676373 0.736559 -0
    outer loop
      vertex 193.578 115.578 3
      vertex 193.321 115.814 9
      vertex 193.578 115.578 9
    endloop
  endfacet
  facet normal 0.676373 0.736559 0
    outer loop
      vertex 193.321 115.814 9
      vertex 193.578 115.578 3
      vertex 193.321 115.814 3
    endloop
  endfacet
  facet normal 0.609572 0.79273 -0
    outer loop
      vertex 193.321 115.814 3
      vertex 193.044 116.027 9
      vertex 193.321 115.814 9
    endloop
  endfacet
  facet normal 0.609572 0.79273 0
    outer loop
      vertex 193.044 116.027 9
      vertex 193.321 115.814 3
      vertex 193.044 116.027 3
    endloop
  endfacet
  facet normal -0.923246 -0.384208 0
    outer loop
      vertex 187.125 111.06 3
      vertex 186.991 111.382 9
      vertex 186.991 111.382 3
    endloop
  endfacet
  facet normal -0.923246 -0.384208 0
    outer loop
      vertex 186.991 111.382 9
      vertex 187.125 111.06 3
      vertex 187.125 111.06 9
    endloop
  endfacet
  facet normal 0.79273 -0.609572 0
    outer loop
      vertex 193.814 110.179 9
      vertex 194.027 110.456 3
      vertex 194.027 110.456 9
    endloop
  endfacet
  facet normal 0.79273 -0.609572 0
    outer loop
      vertex 194.027 110.456 3
      vertex 193.814 110.179 9
      vertex 193.814 110.179 3
    endloop
  endfacet
  facet normal -0.79273 -0.609572 0
    outer loop
      vertex 187.686 110.179 3
      vertex 187.473 110.456 9
      vertex 187.473 110.456 3
    endloop
  endfacet
  facet normal -0.79273 -0.609572 0
    outer loop
      vertex 187.473 110.456 9
      vertex 187.686 110.179 3
      vertex 187.686 110.179 9
    endloop
  endfacet
  facet normal 0.976524 -0.21541 0
    outer loop
      vertex 194.614 111.715 9
      vertex 194.689 112.055 3
      vertex 194.689 112.055 9
    endloop
  endfacet
  facet normal 0.976524 -0.21541 0
    outer loop
      vertex 194.689 112.055 3
      vertex 194.614 111.715 9
      vertex 194.614 111.715 3
    endloop
  endfacet
  facet normal 0.609572 -0.79273 0
    outer loop
      vertex 193.044 109.473 3
      vertex 193.321 109.686 9
      vertex 193.044 109.473 9
    endloop
  endfacet
  facet normal 0.609572 -0.79273 0
    outer loop
      vertex 193.321 109.686 9
      vertex 193.044 109.473 3
      vertex 193.321 109.686 3
    endloop
  endfacet
  facet normal -0.736559 -0.676373 0
    outer loop
      vertex 187.922 109.922 3
      vertex 187.686 110.179 9
      vertex 187.686 110.179 3
    endloop
  endfacet
  facet normal -0.736559 -0.676373 0
    outer loop
      vertex 187.686 110.179 9
      vertex 187.922 109.922 3
      vertex 187.922 109.922 9
    endloop
  endfacet
  facet normal 0.460902 0.887451 -0
    outer loop
      vertex 192.75 116.214 3
      vertex 192.44 116.375 9
      vertex 192.75 116.214 9
    endloop
  endfacet
  facet normal 0.460902 0.887451 0
    outer loop
      vertex 192.44 116.375 9
      vertex 192.75 116.214 3
      vertex 192.44 116.375 3
    endloop
  endfacet
  facet normal 0.53669 0.84378 -0
    outer loop
      vertex 193.044 116.027 3
      vertex 192.75 116.214 9
      vertex 193.044 116.027 9
    endloop
  endfacet
  facet normal 0.53669 0.84378 0
    outer loop
      vertex 192.75 116.214 9
      vertex 193.044 116.027 3
      vertex 192.75 116.214 3
    endloop
  endfacet
  facet normal -0.676373 0.736559 0
    outer loop
      vertex 188.179 115.814 3
      vertex 187.922 115.578 9
      vertex 188.179 115.814 9
    endloop
  endfacet
  facet normal -0.676373 0.736559 0
    outer loop
      vertex 187.922 115.578 9
      vertex 188.179 115.814 3
      vertex 187.922 115.578 3
    endloop
  endfacet
  facet normal 0.953712 0.30072 0
    outer loop
      vertex 194.614 113.785 9
      vertex 194.509 114.118 3
      vertex 194.509 114.118 9
    endloop
  endfacet
  facet normal 0.953712 0.30072 0
    outer loop
      vertex 194.509 114.118 3
      vertex 194.614 113.785 9
      vertex 194.614 113.785 3
    endloop
  endfacet
  facet normal 0.923246 -0.384208 0
    outer loop
      vertex 194.375 111.06 9
      vertex 194.509 111.382 3
      vertex 194.509 111.382 9
    endloop
  endfacet
  facet normal 0.923246 -0.384208 0
    outer loop
      vertex 194.509 111.382 3
      vertex 194.375 111.06 9
      vertex 194.375 111.06 3
    endloop
  endfacet
  facet normal 0.21541 0.976524 -0
    outer loop
      vertex 191.785 116.614 3
      vertex 191.445 116.689 9
      vertex 191.785 116.614 9
    endloop
  endfacet
  facet normal 0.21541 0.976524 0
    outer loop
      vertex 191.445 116.689 9
      vertex 191.785 116.614 3
      vertex 191.445 116.689 3
    endloop
  endfacet
  facet normal 0.384208 0.923246 -0
    outer loop
      vertex 192.44 116.375 3
      vertex 192.118 116.509 9
      vertex 192.44 116.375 9
    endloop
  endfacet
  facet normal 0.384208 0.923246 0
    outer loop
      vertex 192.118 116.509 9
      vertex 192.44 116.375 3
      vertex 192.118 116.509 3
    endloop
  endfacet
  facet normal -0.887451 0.460902 0
    outer loop
      vertex 187.125 114.44 3
      vertex 187.286 114.75 9
      vertex 187.286 114.75 3
    endloop
  endfacet
  facet normal -0.887451 0.460902 0
    outer loop
      vertex 187.286 114.75 9
      vertex 187.125 114.44 3
      vertex 187.125 114.44 9
    endloop
  endfacet
  facet normal -0.999078 -0.0429403 0
    outer loop
      vertex 186.765 112.401 3
      vertex 186.75 112.75 9
      vertex 186.75 112.75 3
    endloop
  endfacet
  facet normal -0.999078 -0.0429403 0
    outer loop
      vertex 186.75 112.75 9
      vertex 186.765 112.401 3
      vertex 186.765 112.401 9
    endloop
  endfacet
  facet normal 0.676373 -0.736559 0
    outer loop
      vertex 193.321 109.686 3
      vertex 193.578 109.922 9
      vertex 193.321 109.686 9
    endloop
  endfacet
  facet normal 0.676373 -0.736559 0
    outer loop
      vertex 193.578 109.922 9
      vertex 193.321 109.686 3
      vertex 193.578 109.922 3
    endloop
  endfacet
  facet normal 0.84378 0.53669 0
    outer loop
      vertex 194.214 114.75 9
      vertex 194.027 115.044 3
      vertex 194.027 115.044 9
    endloop
  endfacet
  facet normal 0.84378 0.53669 0
    outer loop
      vertex 194.027 115.044 3
      vertex 194.214 114.75 9
      vertex 194.214 114.75 3
    endloop
  endfacet
  facet normal 0.460902 -0.887451 0
    outer loop
      vertex 192.44 109.125 3
      vertex 192.75 109.286 9
      vertex 192.44 109.125 9
    endloop
  endfacet
  facet normal 0.460902 -0.887451 0
    outer loop
      vertex 192.75 109.286 9
      vertex 192.44 109.125 3
      vertex 192.75 109.286 3
    endloop
  endfacet
  facet normal 0.79273 0.609572 0
    outer loop
      vertex 194.027 115.044 9
      vertex 193.814 115.321 3
      vertex 193.814 115.321 9
    endloop
  endfacet
  facet normal 0.79273 0.609572 0
    outer loop
      vertex 193.814 115.321 3
      vertex 194.027 115.044 9
      vertex 194.027 115.044 3
    endloop
  endfacet
  facet normal 0.131788 -0.991278 0
    outer loop
      vertex 191.099 108.765 3
      vertex 191.445 108.811 9
      vertex 191.099 108.765 9
    endloop
  endfacet
  facet normal 0.131788 -0.991278 0
    outer loop
      vertex 191.445 108.811 9
      vertex 191.099 108.765 3
      vertex 191.445 108.811 3
    endloop
  endfacet
  facet normal 0.953712 -0.30072 0
    outer loop
      vertex 194.509 111.382 9
      vertex 194.614 111.715 3
      vertex 194.614 111.715 9
    endloop
  endfacet
  facet normal 0.953712 -0.30072 0
    outer loop
      vertex 194.614 111.715 3
      vertex 194.509 111.382 9
      vertex 194.509 111.382 3
    endloop
  endfacet
  facet normal 0.84378 -0.53669 0
    outer loop
      vertex 194.027 110.456 9
      vertex 194.214 110.75 3
      vertex 194.214 110.75 9
    endloop
  endfacet
  facet normal 0.84378 -0.53669 0
    outer loop
      vertex 194.214 110.75 3
      vertex 194.027 110.456 9
      vertex 194.027 110.456 3
    endloop
  endfacet
  facet normal -0.53669 -0.84378 0
    outer loop
      vertex 188.456 109.473 3
      vertex 188.75 109.286 9
      vertex 188.456 109.473 9
    endloop
  endfacet
  facet normal -0.53669 -0.84378 -0
    outer loop
      vertex 188.75 109.286 9
      vertex 188.456 109.473 3
      vertex 188.75 109.286 3
    endloop
  endfacet
  facet normal -0.84378 0.53669 0
    outer loop
      vertex 187.286 114.75 3
      vertex 187.473 115.044 9
      vertex 187.473 115.044 3
    endloop
  endfacet
  facet normal -0.84378 0.53669 0
    outer loop
      vertex 187.473 115.044 9
      vertex 187.286 114.75 3
      vertex 187.286 114.75 9
    endloop
  endfacet
  facet normal -0.21541 0.976524 0
    outer loop
      vertex 190.055 116.689 3
      vertex 189.715 116.614 9
      vertex 190.055 116.689 9
    endloop
  endfacet
  facet normal -0.21541 0.976524 0
    outer loop
      vertex 189.715 116.614 9
      vertex 190.055 116.689 3
      vertex 189.715 116.614 3
    endloop
  endfacet
  facet normal 0.991278 -0.131788 0
    outer loop
      vertex 194.689 112.055 9
      vertex 194.735 112.401 3
      vertex 194.735 112.401 9
    endloop
  endfacet
  facet normal 0.991278 -0.131788 0
    outer loop
      vertex 194.735 112.401 3
      vertex 194.689 112.055 9
      vertex 194.689 112.055 3
    endloop
  endfacet
  facet normal -0.953712 -0.30072 0
    outer loop
      vertex 186.991 111.382 3
      vertex 186.886 111.715 9
      vertex 186.886 111.715 3
    endloop
  endfacet
  facet normal -0.953712 -0.30072 0
    outer loop
      vertex 186.886 111.715 9
      vertex 186.991 111.382 3
      vertex 186.991 111.382 9
    endloop
  endfacet
  facet normal 0.923246 0.384208 0
    outer loop
      vertex 194.509 114.118 9
      vertex 194.375 114.44 3
      vertex 194.375 114.44 9
    endloop
  endfacet
  facet normal 0.923246 0.384208 0
    outer loop
      vertex 194.375 114.44 3
      vertex 194.509 114.118 9
      vertex 194.509 114.118 3
    endloop
  endfacet
  facet normal -0.79273 0.609572 0
    outer loop
      vertex 187.473 115.044 3
      vertex 187.686 115.321 9
      vertex 187.686 115.321 3
    endloop
  endfacet
  facet normal -0.79273 0.609572 0
    outer loop
      vertex 187.686 115.321 9
      vertex 187.473 115.044 3
      vertex 187.473 115.044 9
    endloop
  endfacet
  facet normal 0.887451 0.460902 0
    outer loop
      vertex 194.375 114.44 9
      vertex 194.214 114.75 3
      vertex 194.214 114.75 9
    endloop
  endfacet
  facet normal 0.887451 0.460902 0
    outer loop
      vertex 194.214 114.75 3
      vertex 194.375 114.44 9
      vertex 194.375 114.44 3
    endloop
  endfacet
  facet normal -0.460902 -0.887451 0
    outer loop
      vertex 188.75 109.286 3
      vertex 189.06 109.125 9
      vertex 188.75 109.286 9
    endloop
  endfacet
  facet normal -0.460902 -0.887451 -0
    outer loop
      vertex 189.06 109.125 9
      vertex 188.75 109.286 3
      vertex 189.06 109.125 3
    endloop
  endfacet
  facet normal -0.736559 0.676373 0
    outer loop
      vertex 187.686 115.321 3
      vertex 187.922 115.578 9
      vertex 187.922 115.578 3
    endloop
  endfacet
  facet normal -0.736559 0.676373 0
    outer loop
      vertex 187.922 115.578 9
      vertex 187.686 115.321 3
      vertex 187.686 115.321 9
    endloop
  endfacet
  facet normal -0.131788 -0.991278 0
    outer loop
      vertex 190.055 108.811 3
      vertex 190.401 108.765 9
      vertex 190.055 108.811 9
    endloop
  endfacet
  facet normal -0.131788 -0.991278 -0
    outer loop
      vertex 190.401 108.765 9
      vertex 190.055 108.811 3
      vertex 190.401 108.765 3
    endloop
  endfacet
  facet normal -0.0429403 0.999078 0
    outer loop
      vertex 190.75 116.75 3
      vertex 190.401 116.735 9
      vertex 190.75 116.75 9
    endloop
  endfacet
  facet normal -0.0429403 0.999078 0
    outer loop
      vertex 190.401 116.735 9
      vertex 190.75 116.75 3
      vertex 190.401 116.735 3
    endloop
  endfacet
  facet normal -0.384208 0.923246 0
    outer loop
      vertex 189.382 116.509 3
      vertex 189.06 116.375 9
      vertex 189.382 116.509 9
    endloop
  endfacet
  facet normal -0.384208 0.923246 0
    outer loop
      vertex 189.06 116.375 9
      vertex 189.382 116.509 3
      vertex 189.06 116.375 3
    endloop
  endfacet
  facet normal -0.991278 -0.131788 0
    outer loop
      vertex 186.811 112.055 3
      vertex 186.765 112.401 9
      vertex 186.765 112.401 3
    endloop
  endfacet
  facet normal -0.991278 -0.131788 0
    outer loop
      vertex 186.765 112.401 9
      vertex 186.811 112.055 3
      vertex 186.811 112.055 9
    endloop
  endfacet
  facet normal -0.21541 -0.976524 0
    outer loop
      vertex 189.715 108.886 3
      vertex 190.055 108.811 9
      vertex 189.715 108.886 9
    endloop
  endfacet
  facet normal -0.21541 -0.976524 -0
    outer loop
      vertex 190.055 108.811 9
      vertex 189.715 108.886 3
      vertex 190.055 108.811 3
    endloop
  endfacet
  facet normal -0.131788 0.991278 0
    outer loop
      vertex 190.401 116.735 3
      vertex 190.055 116.689 9
      vertex 190.401 116.735 9
    endloop
  endfacet
  facet normal -0.131788 0.991278 0
    outer loop
      vertex 190.055 116.689 9
      vertex 190.401 116.735 3
      vertex 190.055 116.689 3
    endloop
  endfacet
  facet normal 0.736559 0.676373 0
    outer loop
      vertex 193.814 115.321 9
      vertex 193.578 115.578 3
      vertex 193.578 115.578 9
    endloop
  endfacet
  facet normal 0.736559 0.676373 0
    outer loop
      vertex 193.578 115.578 3
      vertex 193.814 115.321 9
      vertex 193.814 115.321 3
    endloop
  endfacet
  facet normal 0.384208 -0.923246 0
    outer loop
      vertex 192.118 108.991 3
      vertex 192.44 109.125 9
      vertex 192.118 108.991 9
    endloop
  endfacet
  facet normal 0.384208 -0.923246 0
    outer loop
      vertex 192.44 109.125 9
      vertex 192.118 108.991 3
      vertex 192.44 109.125 3
    endloop
  endfacet
  facet normal 0.30072 -0.953712 0
    outer loop
      vertex 191.785 108.886 3
      vertex 192.118 108.991 9
      vertex 191.785 108.886 9
    endloop
  endfacet
  facet normal 0.30072 -0.953712 0
    outer loop
      vertex 192.118 108.991 9
      vertex 191.785 108.886 3
      vertex 192.118 108.991 3
    endloop
  endfacet
  facet normal -0.676373 -0.736559 0
    outer loop
      vertex 187.922 109.922 3
      vertex 188.179 109.686 9
      vertex 187.922 109.922 9
    endloop
  endfacet
  facet normal -0.676373 -0.736559 -0
    outer loop
      vertex 188.179 109.686 9
      vertex 187.922 109.922 3
      vertex 188.179 109.686 3
    endloop
  endfacet
  facet normal -0.609572 0.79273 0
    outer loop
      vertex 188.456 116.027 3
      vertex 188.179 115.814 9
      vertex 188.456 116.027 9
    endloop
  endfacet
  facet normal -0.609572 0.79273 0
    outer loop
      vertex 188.179 115.814 9
      vertex 188.456 116.027 3
      vertex 188.179 115.814 3
    endloop
  endfacet
  facet normal -0.976524 -0.21541 0
    outer loop
      vertex 186.886 111.715 3
      vertex 186.811 112.055 9
      vertex 186.811 112.055 3
    endloop
  endfacet
  facet normal -0.976524 -0.21541 0
    outer loop
      vertex 186.811 112.055 9
      vertex 186.886 111.715 3
      vertex 186.886 111.715 9
    endloop
  endfacet
  facet normal -0.999078 0.0429403 0
    outer loop
      vertex 186.75 112.75 3
      vertex 186.765 113.099 9
      vertex 186.765 113.099 3
    endloop
  endfacet
  facet normal -0.999078 0.0429403 0
    outer loop
      vertex 186.765 113.099 9
      vertex 186.75 112.75 3
      vertex 186.75 112.75 9
    endloop
  endfacet
  facet normal -0.923246 0.384208 0
    outer loop
      vertex 186.991 114.118 3
      vertex 187.125 114.44 9
      vertex 187.125 114.44 3
    endloop
  endfacet
  facet normal -0.923246 0.384208 0
    outer loop
      vertex 187.125 114.44 9
      vertex 186.991 114.118 3
      vertex 186.991 114.118 9
    endloop
  endfacet
  facet normal 0.887451 -0.460902 0
    outer loop
      vertex 194.214 110.75 9
      vertex 194.375 111.06 3
      vertex 194.375 111.06 9
    endloop
  endfacet
  facet normal 0.887451 -0.460902 0
    outer loop
      vertex 194.375 111.06 3
      vertex 194.214 110.75 9
      vertex 194.214 110.75 3
    endloop
  endfacet
  facet normal -0.887451 -0.460902 0
    outer loop
      vertex 187.286 110.75 3
      vertex 187.125 111.06 9
      vertex 187.125 111.06 3
    endloop
  endfacet
  facet normal -0.887451 -0.460902 0
    outer loop
      vertex 187.125 111.06 9
      vertex 187.286 110.75 3
      vertex 187.286 110.75 9
    endloop
  endfacet
  facet normal -0.609572 -0.79273 0
    outer loop
      vertex 188.179 109.686 3
      vertex 188.456 109.473 9
      vertex 188.179 109.686 9
    endloop
  endfacet
  facet normal -0.609572 -0.79273 -0
    outer loop
      vertex 188.456 109.473 9
      vertex 188.179 109.686 3
      vertex 188.456 109.473 3
    endloop
  endfacet
  facet normal 0.0429403 0.999078 -0
    outer loop
      vertex 191.099 116.735 3
      vertex 190.75 116.75 9
      vertex 191.099 116.735 9
    endloop
  endfacet
  facet normal 0.0429403 0.999078 0
    outer loop
      vertex 190.75 116.75 9
      vertex 191.099 116.735 3
      vertex 190.75 116.75 3
    endloop
  endfacet
  facet normal -0.991278 0.131788 0
    outer loop
      vertex 186.765 113.099 3
      vertex 186.811 113.445 9
      vertex 186.811 113.445 3
    endloop
  endfacet
  facet normal -0.991278 0.131788 0
    outer loop
      vertex 186.811 113.445 9
      vertex 186.765 113.099 3
      vertex 186.765 113.099 9
    endloop
  endfacet
  facet normal -0.30072 -0.953712 0
    outer loop
      vertex 189.382 108.991 3
      vertex 189.715 108.886 9
      vertex 189.382 108.991 9
    endloop
  endfacet
  facet normal -0.30072 -0.953712 -0
    outer loop
      vertex 189.715 108.886 9
      vertex 189.382 108.991 3
      vertex 189.715 108.886 3
    endloop
  endfacet
  facet normal 0.30072 0.953712 -0
    outer loop
      vertex 192.118 116.509 3
      vertex 191.785 116.614 9
      vertex 192.118 116.509 9
    endloop
  endfacet
  facet normal 0.30072 0.953712 0
    outer loop
      vertex 191.785 116.614 9
      vertex 192.118 116.509 3
      vertex 191.785 116.614 3
    endloop
  endfacet
  facet normal -0.84378 -0.53669 0
    outer loop
      vertex 187.473 110.456 3
      vertex 187.286 110.75 9
      vertex 187.286 110.75 3
    endloop
  endfacet
  facet normal -0.84378 -0.53669 0
    outer loop
      vertex 187.286 110.75 9
      vertex 187.473 110.456 3
      vertex 187.473 110.456 9
    endloop
  endfacet
  facet normal 0.736559 -0.676373 0
    outer loop
      vertex 193.578 109.922 9
      vertex 193.814 110.179 3
      vertex 193.814 110.179 9
    endloop
  endfacet
  facet normal 0.736559 -0.676373 0
    outer loop
      vertex 193.814 110.179 3
      vertex 193.578 109.922 9
      vertex 193.578 109.922 3
    endloop
  endfacet
  facet normal -0.384208 -0.923246 0
    outer loop
      vertex 189.06 109.125 3
      vertex 189.382 108.991 9
      vertex 189.06 109.125 9
    endloop
  endfacet
  facet normal -0.384208 -0.923246 -0
    outer loop
      vertex 189.382 108.991 9
      vertex 189.06 109.125 3
      vertex 189.382 108.991 3
    endloop
  endfacet
  facet normal 1 -0 0
    outer loop
      vertex 201.25 0 90
      vertex 201.25 126.5 0
      vertex 201.25 126.5 90
    endloop
  endfacet
  facet normal 1 0 0
    outer loop
      vertex 201.25 126.5 0
      vertex 201.25 0 90
      vertex 201.25 0 0
    endloop
  endfacet
  facet normal 0 0 -1
    outer loop
      vertex 189.15 112.75 0
      vertex 16.5939 113.861 0
      vertex 16.6 114 0
    endloop
  endfacet
  facet normal 0 0 -1
    outer loop
      vertex 16.7215 29.4757 0
      vertex 16.5757 113.722 0
      vertex 16.5939 113.861 0
    endloop
  endfacet
  facet normal 0 0 -1
    outer loop
      vertex 16.7215 29.4757 0
      vertex 16.5455 113.586 0
      vertex 16.5757 113.722 0
    endloop
  endfacet
  facet normal 0 0 -1
    outer loop
      vertex 13.8686 112.869 0
      vertex 16.6186 29.3814 0
      vertex 16.5243 29.2785 0
    endloop
  endfacet
  facet normal 0 0 -1
    outer loop
      vertex 16.7215 29.4757 0
      vertex 16.5035 113.453 0
      vertex 16.5455 113.586 0
    endloop
  endfacet
  facet normal 0 0 -1
    outer loop
      vertex 16.7215 29.4757 0
      vertex 16.4501 113.324 0
      vertex 16.5035 113.453 0
    endloop
  endfacet
  facet normal 0 0 -1
    outer loop
      vertex 13.7743 112.972 0
      vertex 16.5243 29.2785 0
      vertex 16.4394 29.1677 0
    endloop
  endfacet
  facet normal 0 0 -1
    outer loop
      vertex 16.7215 29.4757 0
      vertex 16.3856 113.2 0
      vertex 16.4501 113.324 0
    endloop
  endfacet
  facet normal 0 0 -1
    outer loop
      vertex 0 126.5 0
      vertex 16.4394 29.1677 0
      vertex 16.3644 29.05 0
    endloop
  endfacet
  facet normal 0 0 -1
    outer loop
      vertex 16.7215 29.4757 0
      vertex 16.3106 113.082 0
      vertex 16.3856 113.2 0
    endloop
  endfacet
  facet normal 0 0 -1
    outer loop
      vertex 0 126.5 0
      vertex 16.3644 29.05 0
      vertex 16.2999 28.9262 0
    endloop
  endfacet
  facet normal 0 0 -1
    outer loop
      vertex 0 126.5 0
      vertex 16.2999 28.9262 0
      vertex 16.2465 28.7972 0
    endloop
  endfacet
  facet normal 0 0 -1
    outer loop
      vertex 16.7215 29.4757 0
      vertex 16.2257 112.972 0
      vertex 16.3106 113.082 0
    endloop
  endfacet
  facet normal 0 0 -1
    outer loop
      vertex 0 0 0
      vertex 16.2465 28.7972 0
      vertex 16.2045 28.6641 0
    endloop
  endfacet
  facet normal 0 0 -1
    outer loop
      vertex 0 0 0
      vertex 16.2045 28.6641 0
      vertex 16.1743 28.5278 0
    endloop
  endfacet
  facet normal 0 0 -1
    outer loop
      vertex 0 0 0
      vertex 16.1743 28.5278 0
      vertex 16.1561 28.3895 0
    endloop
  endfacet
  facet normal 0 0 -1
    outer loop
      vertex 0 0 0
      vertex 16.1561 28.3895 0
      vertex 16.15 28.25 0
    endloop
  endfacet
  facet normal 0 0 -1
    outer loop
      vertex 16.7215 29.4757 0
      vertex 16.1314 112.869 0
      vertex 16.2257 112.972 0
    endloop
  endfacet
  facet normal 0 0 -1
    outer loop
      vertex 191.795 28.6641 0
      vertex 201.25 126.5 0
      vertex 201.25 0 0
    endloop
  endfacet
  facet normal 0 0 -1
    outer loop
      vertex 201.25 126.5 0
      vertex 192.344 112.611 0
      vertex 192.35 112.75 0
    endloop
  endfacet
  facet normal 0 0 -1
    outer loop
      vertex 201.25 126.5 0
      vertex 192.326 112.472 0
      vertex 192.344 112.611 0
    endloop
  endfacet
  facet normal 0 0 -1
    outer loop
      vertex 201.25 126.5 0
      vertex 192.295 112.336 0
      vertex 192.326 112.472 0
    endloop
  endfacet
  facet normal 0 0 -1
    outer loop
      vertex 191.754 28.7972 0
      vertex 201.25 126.5 0
      vertex 191.795 28.6641 0
    endloop
  endfacet
  facet normal 0 0 -1
    outer loop
      vertex 201.25 126.5 0
      vertex 192.254 112.203 0
      vertex 192.295 112.336 0
    endloop
  endfacet
  facet normal 0 0 -1
    outer loop
      vertex 191.7 28.9262 0
      vertex 201.25 126.5 0
      vertex 191.754 28.7972 0
    endloop
  endfacet
  facet normal 0 0 -1
    outer loop
      vertex 201.25 126.5 0
      vertex 192.2 112.074 0
      vertex 192.254 112.203 0
    endloop
  endfacet
  facet normal 0 0 -1
    outer loop
      vertex 201.25 126.5 0
      vertex 191.7 28.9262 0
      vertex 192.2 112.074 0
    endloop
  endfacet
  facet normal 0 0 -1
    outer loop
      vertex 192.2 112.074 0
      vertex 191.7 28.9262 0
      vertex 192.136 111.95 0
    endloop
  endfacet
  facet normal 0 0 -1
    outer loop
      vertex 191.844 28.3895 0
      vertex 201.25 0 0
      vertex 191.85 28.25 0
    endloop
  endfacet
  facet normal 0 0 -1
    outer loop
      vertex 201.25 0 0
      vertex 191.844 28.1105 0
      vertex 191.85 28.25 0
    endloop
  endfacet
  facet normal 0 0 -1
    outer loop
      vertex 201.25 0 0
      vertex 191.826 27.9722 0
      vertex 191.844 28.1105 0
    endloop
  endfacet
  facet normal 0 0 -1
    outer loop
      vertex 201.25 0 0
      vertex 191.795 27.8359 0
      vertex 191.826 27.9722 0
    endloop
  endfacet
  facet normal 0 0 -1
    outer loop
      vertex 201.25 0 0
      vertex 191.754 27.7028 0
      vertex 191.795 27.8359 0
    endloop
  endfacet
  facet normal 0 0 -1
    outer loop
      vertex 201.25 0 0
      vertex 191.7 27.5738 0
      vertex 191.754 27.7028 0
    endloop
  endfacet
  facet normal 0 0 -1
    outer loop
      vertex 201.25 0 0
      vertex 191.636 27.45 0
      vertex 191.7 27.5738 0
    endloop
  endfacet
  facet normal 0 0 -1
    outer loop
      vertex 201.25 0 0
      vertex 191.561 27.3323 0
      vertex 191.636 27.45 0
    endloop
  endfacet
  facet normal 0 0 -1
    outer loop
      vertex 201.25 0 0
      vertex 191.476 27.2215 0
      vertex 191.561 27.3323 0
    endloop
  endfacet
  facet normal 0 0 -1
    outer loop
      vertex 201.25 0 0
      vertex 191.381 27.1186 0
      vertex 191.476 27.2215 0
    endloop
  endfacet
  facet normal 0 0 -1
    outer loop
      vertex 201.25 0 0
      vertex 191.278 27.0243 0
      vertex 191.381 27.1186 0
    endloop
  endfacet
  facet normal 0 0 -1
    outer loop
      vertex 201.25 0 0
      vertex 191.168 26.9394 0
      vertex 191.278 27.0243 0
    endloop
  endfacet
  facet normal 0 0 -1
    outer loop
      vertex 201.25 0 0
      vertex 191.05 26.8644 0
      vertex 191.168 26.9394 0
    endloop
  endfacet
  facet normal 0 0 -1
    outer loop
      vertex 201.25 0 0
      vertex 190.926 26.7999 0
      vertex 191.05 26.8644 0
    endloop
  endfacet
  facet normal 0 0 -1
    outer loop
      vertex 201.25 0 0
      vertex 190.797 26.7465 0
      vertex 190.926 26.7999 0
    endloop
  endfacet
  facet normal 0 0 -1
    outer loop
      vertex 201.25 0 0
      vertex 190.664 26.7045 0
      vertex 190.797 26.7465 0
    endloop
  endfacet
  facet normal 0 0 -1
    outer loop
      vertex 201.25 0 0
      vertex 190.528 26.6743 0
      vertex 190.664 26.7045 0
    endloop
  endfacet
  facet normal 0 0 -1
    outer loop
      vertex 201.25 0 0
      vertex 190.389 26.6561 0
      vertex 190.528 26.6743 0
    endloop
  endfacet
  facet normal 0 0 -1
    outer loop
      vertex 201.25 0 0
      vertex 190.25 26.65 0
      vertex 190.389 26.6561 0
    endloop
  endfacet
  facet normal 0 0 -1
    outer loop
      vertex 201.25 0 0
      vertex 190.111 26.6561 0
      vertex 190.25 26.65 0
    endloop
  endfacet
  facet normal 0 0 -1
    outer loop
      vertex 201.25 0 0
      vertex 189.972 26.6743 0
      vertex 190.111 26.6561 0
    endloop
  endfacet
  facet normal 0 0 -1
    outer loop
      vertex 201.25 0 0
      vertex 189.836 26.7045 0
      vertex 189.972 26.6743 0
    endloop
  endfacet
  facet normal 0 0 -1
    outer loop
      vertex 201.25 0 0
      vertex 189.703 26.7465 0
      vertex 189.836 26.7045 0
    endloop
  endfacet
  facet normal 0 0 -1
    outer loop
      vertex 201.25 0 0
      vertex 189.574 26.7999 0
      vertex 189.703 26.7465 0
    endloop
  endfacet
  facet normal 0 0 -1
    outer loop
      vertex 201.25 0 0
      vertex 189.45 26.8644 0
      vertex 189.574 26.7999 0
    endloop
  endfacet
  facet normal 0 0 -1
    outer loop
      vertex 201.25 0 0
      vertex 189.332 26.9394 0
      vertex 189.45 26.8644 0
    endloop
  endfacet
  facet normal 0 0 -1
    outer loop
      vertex 201.25 0 0
      vertex 189.222 27.0243 0
      vertex 189.332 26.9394 0
    endloop
  endfacet
  facet normal 0 0 -1
    outer loop
      vertex 201.25 0 0
      vertex 189.119 27.1186 0
      vertex 189.222 27.0243 0
    endloop
  endfacet
  facet normal 0 0 -1
    outer loop
      vertex 201.25 0 0
      vertex 189.024 27.2215 0
      vertex 189.119 27.1186 0
    endloop
  endfacet
  facet normal 0 0 -1
    outer loop
      vertex 201.25 0 0
      vertex 188.939 27.3323 0
      vertex 189.024 27.2215 0
    endloop
  endfacet
  facet normal 0 0 -1
    outer loop
      vertex 201.25 0 0
      vertex 188.864 27.45 0
      vertex 188.939 27.3323 0
    endloop
  endfacet
  facet normal 0 0 -1
    outer loop
      vertex 19.1356 27.45 0
      vertex 188.864 27.45 0
      vertex 201.25 0 0
    endloop
  endfacet
  facet normal 0 0 -1
    outer loop
      vertex 188.656 28.1105 0
      vertex 19.35 28.25 0
      vertex 188.65 28.25 0
    endloop
  endfacet
  facet normal 0 0 -1
    outer loop
      vertex 19.3439 28.1105 0
      vertex 188.656 28.1105 0
      vertex 188.674 27.9722 0
    endloop
  endfacet
  facet normal 0 0 -1
    outer loop
      vertex 19.3257 27.9722 0
      vertex 188.674 27.9722 0
      vertex 188.705 27.8359 0
    endloop
  endfacet
  facet normal 0 0 -1
    outer loop
      vertex 19.2955 27.8359 0
      vertex 188.705 27.8359 0
      vertex 188.746 27.7028 0
    endloop
  endfacet
  facet normal 0 0 -1
    outer loop
      vertex 19.2535 27.7028 0
      vertex 188.746 27.7028 0
      vertex 188.8 27.5738 0
    endloop
  endfacet
  facet normal 0 0 -1
    outer loop
      vertex 188.864 27.45 0
      vertex 19.1356 27.45 0
      vertex 188.8 27.5738 0
    endloop
  endfacet
  facet normal 0 0 -1
    outer loop
      vertex 188.656 28.1105 0
      vertex 19.3439 28.1105 0
      vertex 19.35 28.25 0
    endloop
  endfacet
  facet normal 0 0 -1
    outer loop
      vertex 188.674 27.9722 0
      vertex 19.3257 27.9722 0
      vertex 19.3439 28.1105 0
    endloop
  endfacet
  facet normal 0 0 -1
    outer loop
      vertex 188.705 27.8359 0
      vertex 19.2955 27.8359 0
      vertex 19.3257 27.9722 0
    endloop
  endfacet
  facet normal 0 0 -1
    outer loop
      vertex 188.746 27.7028 0
      vertex 19.2535 27.7028 0
      vertex 19.2955 27.8359 0
    endloop
  endfacet
  facet normal 0 0 -1
    outer loop
      vertex 188.8 27.5738 0
      vertex 19.2001 27.5738 0
      vertex 19.2535 27.7028 0
    endloop
  endfacet
  facet normal -0 0 -1
    outer loop
      vertex 188.8 27.5738 0
      vertex 19.1356 27.45 0
      vertex 19.2001 27.5738 0
    endloop
  endfacet
  facet normal 0 0 -1
    outer loop
      vertex 201.25 0 0
      vertex 19.0606 27.3323 0
      vertex 19.1356 27.45 0
    endloop
  endfacet
  facet normal 0 0 -1
    outer loop
      vertex 201.25 0 0
      vertex 18.9757 27.2215 0
      vertex 19.0606 27.3323 0
    endloop
  endfacet
  facet normal 0 0 -1
    outer loop
      vertex 201.25 0 0
      vertex 18.8814 27.1186 0
      vertex 18.9757 27.2215 0
    endloop
  endfacet
  facet normal 0 0 -1
    outer loop
      vertex 0 0 0
      vertex 18.8814 27.1186 0
      vertex 201.25 0 0
    endloop
  endfacet
  facet normal 0 0 -1
    outer loop
      vertex 18.8814 27.1186 0
      vertex 0 0 0
      vertex 18.7785 27.0243 0
    endloop
  endfacet
  facet normal 0 0 -1
    outer loop
      vertex 18.7785 27.0243 0
      vertex 0 0 0
      vertex 18.6677 26.9394 0
    endloop
  endfacet
  facet normal 0 0 -1
    outer loop
      vertex 18.6677 26.9394 0
      vertex 0 0 0
      vertex 18.55 26.8644 0
    endloop
  endfacet
  facet normal 0 0 -1
    outer loop
      vertex 18.55 26.8644 0
      vertex 0 0 0
      vertex 18.4262 26.7999 0
    endloop
  endfacet
  facet normal 0 0 -1
    outer loop
      vertex 18.4262 26.7999 0
      vertex 0 0 0
      vertex 18.2972 26.7465 0
    endloop
  endfacet
  facet normal 0 0 -1
    outer loop
      vertex 18.2972 26.7465 0
      vertex 0 0 0
      vertex 18.1641 26.7045 0
    endloop
  endfacet
  facet normal 0 0 -1
    outer loop
      vertex 18.1641 26.7045 0
      vertex 0 0 0
      vertex 18.0278 26.6743 0
    endloop
  endfacet
  facet normal 0 0 -1
    outer loop
      vertex 18.0278 26.6743 0
      vertex 0 0 0
      vertex 17.8895 26.6561 0
    endloop
  endfacet
  facet normal 0 0 -1
    outer loop
      vertex 17.8895 26.6561 0
      vertex 0 0 0
      vertex 17.75 26.65 0
    endloop
  endfacet
  facet normal -0 0 -1
    outer loop
      vertex 17.75 26.65 0
      vertex 0 0 0
      vertex 17.6105 26.6561 0
    endloop
  endfacet
  facet normal 0 0 -1
    outer loop
      vertex 16.7215 29.4757 0
      vertex 16.0285 112.774 0
      vertex 16.1314 112.869 0
    endloop
  endfacet
  facet normal 0 0 -1
    outer loop
      vertex 16.7215 29.4757 0
      vertex 15.9177 112.689 0
      vertex 16.0285 112.774 0
    endloop
  endfacet
  facet normal 0 0 -1
    outer loop
      vertex 16.7215 29.4757 0
      vertex 15.8 112.614 0
      vertex 15.9177 112.689 0
    endloop
  endfacet
  facet normal 0 0 -1
    outer loop
      vertex 16.7215 29.4757 0
      vertex 15.6762 112.55 0
      vertex 15.8 112.614 0
    endloop
  endfacet
  facet normal 0 0 -1
    outer loop
      vertex 16.7215 29.4757 0
      vertex 15.5472 112.496 0
      vertex 15.6762 112.55 0
    endloop
  endfacet
  facet normal 0 0 -1
    outer loop
      vertex 16.7215 29.4757 0
      vertex 15.4141 112.455 0
      vertex 15.5472 112.496 0
    endloop
  endfacet
  facet normal 0 0 -1
    outer loop
      vertex 16.7215 29.4757 0
      vertex 15.2778 112.424 0
      vertex 15.4141 112.455 0
    endloop
  endfacet
  facet normal 0 0 -1
    outer loop
      vertex 16.7215 29.4757 0
      vertex 15.1394 112.406 0
      vertex 15.2778 112.424 0
    endloop
  endfacet
  facet normal 0 0 -1
    outer loop
      vertex 16.7215 29.4757 0
      vertex 15 112.4 0
      vertex 15.1394 112.406 0
    endloop
  endfacet
  facet normal 0 0 -1
    outer loop
      vertex 16.7215 29.4757 0
      vertex 14.8605 112.406 0
      vertex 15 112.4 0
    endloop
  endfacet
  facet normal 0 0 -1
    outer loop
      vertex 16.7215 29.4757 0
      vertex 14.7222 112.424 0
      vertex 14.8605 112.406 0
    endloop
  endfacet
  facet normal 0 0 -1
    outer loop
      vertex 16.7215 29.4757 0
      vertex 14.5859 112.455 0
      vertex 14.7222 112.424 0
    endloop
  endfacet
  facet normal 0 0 -1
    outer loop
      vertex 16.7215 29.4757 0
      vertex 14.4528 112.496 0
      vertex 14.5859 112.455 0
    endloop
  endfacet
  facet normal 0 0 -1
    outer loop
      vertex 16.7215 29.4757 0
      vertex 14.3238 112.55 0
      vertex 14.4528 112.496 0
    endloop
  endfacet
  facet normal 0 0 -1
    outer loop
      vertex 16.7215 29.4757 0
      vertex 14.2 112.614 0
      vertex 14.3238 112.55 0
    endloop
  endfacet
  facet normal 0 0 -1
    outer loop
      vertex 16.7215 29.4757 0
      vertex 14.0823 112.689 0
      vertex 14.2 112.614 0
    endloop
  endfacet
  facet normal 0 0 -1
    outer loop
      vertex 16.7215 29.4757 0
      vertex 13.9715 112.774 0
      vertex 14.0823 112.689 0
    endloop
  endfacet
  facet normal 0 0 -1
    outer loop
      vertex 16.6186 29.3814 0
      vertex 13.8686 112.869 0
      vertex 13.9715 112.774 0
    endloop
  endfacet
  facet normal 0 0 -1
    outer loop
      vertex 16.5243 29.2785 0
      vertex 13.7743 112.972 0
      vertex 13.8686 112.869 0
    endloop
  endfacet
  facet normal 0 0 -1
    outer loop
      vertex 16.4394 29.1677 0
      vertex 13.6894 113.082 0
      vertex 13.7743 112.972 0
    endloop
  endfacet
  facet normal 0 0 -1
    outer loop
      vertex 16.4394 29.1677 0
      vertex 0 126.5 0
      vertex 13.6894 113.082 0
    endloop
  endfacet
  facet normal 0 0 -1
    outer loop
      vertex 13.6894 113.082 0
      vertex 0 126.5 0
      vertex 13.6144 113.2 0
    endloop
  endfacet
  facet normal 0 0 -1
    outer loop
      vertex 13.6144 113.2 0
      vertex 0 126.5 0
      vertex 13.5499 113.324 0
    endloop
  endfacet
  facet normal 0 0 -1
    outer loop
      vertex 13.5499 113.324 0
      vertex 0 126.5 0
      vertex 13.4965 113.453 0
    endloop
  endfacet
  facet normal 0 0 -1
    outer loop
      vertex 13.4965 113.453 0
      vertex 0 126.5 0
      vertex 13.4545 113.586 0
    endloop
  endfacet
  facet normal 0 0 -1
    outer loop
      vertex 13.4545 113.586 0
      vertex 0 126.5 0
      vertex 13.4243 113.722 0
    endloop
  endfacet
  facet normal 0 0 -1
    outer loop
      vertex 13.4243 113.722 0
      vertex 0 126.5 0
      vertex 13.4061 113.861 0
    endloop
  endfacet
  facet normal -0 0 -1
    outer loop
      vertex 16.2465 28.7972 0
      vertex 0 0 0
      vertex 0 126.5 0
    endloop
  endfacet
  facet normal -0 0 -1
    outer loop
      vertex 16.1561 28.1105 0
      vertex 0 0 0
      vertex 16.15 28.25 0
    endloop
  endfacet
  facet normal -0 0 -1
    outer loop
      vertex 16.1743 27.9722 0
      vertex 0 0 0
      vertex 16.1561 28.1105 0
    endloop
  endfacet
  facet normal -0 0 -1
    outer loop
      vertex 16.2045 27.8359 0
      vertex 0 0 0
      vertex 16.1743 27.9722 0
    endloop
  endfacet
  facet normal -0 0 -1
    outer loop
      vertex 16.2465 27.7028 0
      vertex 0 0 0
      vertex 16.2045 27.8359 0
    endloop
  endfacet
  facet normal -0 0 -1
    outer loop
      vertex 16.2999 27.5738 0
      vertex 0 0 0
      vertex 16.2465 27.7028 0
    endloop
  endfacet
  facet normal -0 0 -1
    outer loop
      vertex 16.3644 27.45 0
      vertex 0 0 0
      vertex 16.2999 27.5738 0
    endloop
  endfacet
  facet normal -0 0 -1
    outer loop
      vertex 16.4394 27.3323 0
      vertex 0 0 0
      vertex 16.3644 27.45 0
    endloop
  endfacet
  facet normal -0 0 -1
    outer loop
      vertex 16.5243 27.2215 0
      vertex 0 0 0
      vertex 16.4394 27.3323 0
    endloop
  endfacet
  facet normal -0 0 -1
    outer loop
      vertex 16.6186 27.1186 0
      vertex 0 0 0
      vertex 16.5243 27.2215 0
    endloop
  endfacet
  facet normal -0 0 -1
    outer loop
      vertex 16.7215 27.0243 0
      vertex 0 0 0
      vertex 16.6186 27.1186 0
    endloop
  endfacet
  facet normal -0 0 -1
    outer loop
      vertex 16.8323 26.9394 0
      vertex 0 0 0
      vertex 16.7215 27.0243 0
    endloop
  endfacet
  facet normal -0 0 -1
    outer loop
      vertex 16.95 26.8644 0
      vertex 0 0 0
      vertex 16.8323 26.9394 0
    endloop
  endfacet
  facet normal -0 0 -1
    outer loop
      vertex 17.0738 26.7999 0
      vertex 0 0 0
      vertex 16.95 26.8644 0
    endloop
  endfacet
  facet normal -0 0 -1
    outer loop
      vertex 17.2028 26.7465 0
      vertex 0 0 0
      vertex 17.0738 26.7999 0
    endloop
  endfacet
  facet normal -0 0 -1
    outer loop
      vertex 17.3359 26.7045 0
      vertex 0 0 0
      vertex 17.2028 26.7465 0
    endloop
  endfacet
  facet normal -0 0 -1
    outer loop
      vertex 17.4722 26.6743 0
      vertex 0 0 0
      vertex 17.3359 26.7045 0
    endloop
  endfacet
  facet normal -0 0 -1
    outer loop
      vertex 17.6105 26.6561 0
      vertex 0 0 0
      vertex 17.4722 26.6743 0
    endloop
  endfacet
  facet normal 0 0 -1
    outer loop
      vertex 192.344 112.889 0
      vertex 201.25 126.5 0
      vertex 192.35 112.75 0
    endloop
  endfacet
  facet normal 0 0 -1
    outer loop
      vertex 192.326 113.028 0
      vertex 201.25 126.5 0
      vertex 192.344 112.889 0
    endloop
  endfacet
  facet normal 0 0 -1
    outer loop
      vertex 192.295 113.164 0
      vertex 201.25 126.5 0
      vertex 192.326 113.028 0
    endloop
  endfacet
  facet normal 0 0 -1
    outer loop
      vertex 192.254 113.297 0
      vertex 201.25 126.5 0
      vertex 192.295 113.164 0
    endloop
  endfacet
  facet normal 0 0 -1
    outer loop
      vertex 192.2 113.426 0
      vertex 201.25 126.5 0
      vertex 192.254 113.297 0
    endloop
  endfacet
  facet normal 0 0 -1
    outer loop
      vertex 192.136 113.55 0
      vertex 201.25 126.5 0
      vertex 192.2 113.426 0
    endloop
  endfacet
  facet normal 0 0 -1
    outer loop
      vertex 192.061 113.668 0
      vertex 201.25 126.5 0
      vertex 192.136 113.55 0
    endloop
  endfacet
  facet normal 0 0 -1
    outer loop
      vertex 191.976 113.778 0
      vertex 201.25 126.5 0
      vertex 192.061 113.668 0
    endloop
  endfacet
  facet normal 0 0 -1
    outer loop
      vertex 191.881 113.881 0
      vertex 201.25 126.5 0
      vertex 191.976 113.778 0
    endloop
  endfacet
  facet normal 0 0 -1
    outer loop
      vertex 191.778 113.976 0
      vertex 201.25 126.5 0
      vertex 191.881 113.881 0
    endloop
  endfacet
  facet normal 0 0 -1
    outer loop
      vertex 191.668 114.061 0
      vertex 201.25 126.5 0
      vertex 191.778 113.976 0
    endloop
  endfacet
  facet normal 0 0 -1
    outer loop
      vertex 191.55 114.136 0
      vertex 201.25 126.5 0
      vertex 191.668 114.061 0
    endloop
  endfacet
  facet normal 0 0 -1
    outer loop
      vertex 191.426 114.2 0
      vertex 201.25 126.5 0
      vertex 191.55 114.136 0
    endloop
  endfacet
  facet normal 0 0 -1
    outer loop
      vertex 191.297 114.254 0
      vertex 201.25 126.5 0
      vertex 191.426 114.2 0
    endloop
  endfacet
  facet normal 0 0 -1
    outer loop
      vertex 191.164 114.295 0
      vertex 201.25 126.5 0
      vertex 191.297 114.254 0
    endloop
  endfacet
  facet normal 0 0 -1
    outer loop
      vertex 191.028 114.326 0
      vertex 201.25 126.5 0
      vertex 191.164 114.295 0
    endloop
  endfacet
  facet normal 0 0 -1
    outer loop
      vertex 190.889 114.344 0
      vertex 201.25 126.5 0
      vertex 191.028 114.326 0
    endloop
  endfacet
  facet normal 0 0 -1
    outer loop
      vertex 190.75 114.35 0
      vertex 201.25 126.5 0
      vertex 190.889 114.344 0
    endloop
  endfacet
  facet normal 0 0 -1
    outer loop
      vertex 190.611 114.344 0
      vertex 201.25 126.5 0
      vertex 190.75 114.35 0
    endloop
  endfacet
  facet normal 0 0 -1
    outer loop
      vertex 190.472 114.326 0
      vertex 201.25 126.5 0
      vertex 190.611 114.344 0
    endloop
  endfacet
  facet normal 0 0 -1
    outer loop
      vertex 190.336 114.295 0
      vertex 201.25 126.5 0
      vertex 190.472 114.326 0
    endloop
  endfacet
  facet normal 0 0 -1
    outer loop
      vertex 190.203 114.254 0
      vertex 201.25 126.5 0
      vertex 190.336 114.295 0
    endloop
  endfacet
  facet normal 0 0 -1
    outer loop
      vertex 190.074 114.2 0
      vertex 201.25 126.5 0
      vertex 190.203 114.254 0
    endloop
  endfacet
  facet normal 0 0 -1
    outer loop
      vertex 189.95 114.136 0
      vertex 201.25 126.5 0
      vertex 190.074 114.2 0
    endloop
  endfacet
  facet normal 0 0 -1
    outer loop
      vertex 189.832 114.061 0
      vertex 201.25 126.5 0
      vertex 189.95 114.136 0
    endloop
  endfacet
  facet normal 0 0 -1
    outer loop
      vertex 189.722 113.976 0
      vertex 201.25 126.5 0
      vertex 189.832 114.061 0
    endloop
  endfacet
  facet normal 0 0 -1
    outer loop
      vertex 189.619 113.881 0
      vertex 201.25 126.5 0
      vertex 189.722 113.976 0
    endloop
  endfacet
  facet normal 0 0 -1
    outer loop
      vertex 19.1356 29.05 0
      vertex 189.3 112.074 0
      vertex 19.2001 28.9262 0
    endloop
  endfacet
  facet normal 0 0 -1
    outer loop
      vertex 16.5939 113.861 0
      vertex 189.3 112.074 0
      vertex 19.1356 29.05 0
    endloop
  endfacet
  facet normal 0 0 -1
    outer loop
      vertex 16.5939 113.861 0
      vertex 189.246 112.203 0
      vertex 189.3 112.074 0
    endloop
  endfacet
  facet normal 0 0 -1
    outer loop
      vertex 16.5939 113.861 0
      vertex 189.205 112.336 0
      vertex 189.246 112.203 0
    endloop
  endfacet
  facet normal 0 0 -1
    outer loop
      vertex 19.2001 28.9262 0
      vertex 188.8 28.9262 0
      vertex 188.746 28.7972 0
    endloop
  endfacet
  facet normal 0 0 -1
    outer loop
      vertex 19.2535 28.7972 0
      vertex 188.746 28.7972 0
      vertex 188.705 28.6641 0
    endloop
  endfacet
  facet normal 0 0 -1
    outer loop
      vertex 19.2955 28.6641 0
      vertex 188.705 28.6641 0
      vertex 188.674 28.5278 0
    endloop
  endfacet
  facet normal 0 0 -1
    outer loop
      vertex 19.3257 28.5278 0
      vertex 188.674 28.5278 0
      vertex 188.656 28.3895 0
    endloop
  endfacet
  facet normal 0 0 -1
    outer loop
      vertex 19.3439 28.3895 0
      vertex 188.656 28.3895 0
      vertex 188.65 28.25 0
    endloop
  endfacet
  facet normal 0 0 -1
    outer loop
      vertex 19.3439 28.3895 0
      vertex 188.65 28.25 0
      vertex 19.35 28.25 0
    endloop
  endfacet
  facet normal 0 0 -1
    outer loop
      vertex 188.656 28.3895 0
      vertex 19.3439 28.3895 0
      vertex 19.3257 28.5278 0
    endloop
  endfacet
  facet normal 0 0 -1
    outer loop
      vertex 188.674 28.5278 0
      vertex 19.3257 28.5278 0
      vertex 19.2955 28.6641 0
    endloop
  endfacet
  facet normal 0 0 -1
    outer loop
      vertex 188.705 28.6641 0
      vertex 19.2955 28.6641 0
      vertex 19.2535 28.7972 0
    endloop
  endfacet
  facet normal 0 0 -1
    outer loop
      vertex 188.746 28.7972 0
      vertex 19.2535 28.7972 0
      vertex 19.2001 28.9262 0
    endloop
  endfacet
  facet normal 0 0 -1
    outer loop
      vertex 16.5939 113.861 0
      vertex 189.174 112.472 0
      vertex 189.205 112.336 0
    endloop
  endfacet
  facet normal 0 0 -1
    outer loop
      vertex 16.5939 113.861 0
      vertex 189.156 112.611 0
      vertex 189.174 112.472 0
    endloop
  endfacet
  facet normal 0 0 -1
    outer loop
      vertex 16.5939 113.861 0
      vertex 189.15 112.75 0
      vertex 189.156 112.611 0
    endloop
  endfacet
  facet normal 0 0 -1
    outer loop
      vertex 189.15 112.75 0
      vertex 16.6 114 0
      vertex 189.156 112.889 0
    endloop
  endfacet
  facet normal 0 0 -1
    outer loop
      vertex 16.5939 114.139 0
      vertex 189.156 112.889 0
      vertex 16.6 114 0
    endloop
  endfacet
  facet normal 0 0 -1
    outer loop
      vertex 189.156 112.889 0
      vertex 16.5939 114.139 0
      vertex 189.174 113.028 0
    endloop
  endfacet
  facet normal 0 0 -1
    outer loop
      vertex 16.5757 114.278 0
      vertex 189.174 113.028 0
      vertex 16.5939 114.139 0
    endloop
  endfacet
  facet normal 0 0 -1
    outer loop
      vertex 189.174 113.028 0
      vertex 16.5757 114.278 0
      vertex 189.205 113.164 0
    endloop
  endfacet
  facet normal 0 0 -1
    outer loop
      vertex 16.5455 114.414 0
      vertex 189.205 113.164 0
      vertex 16.5757 114.278 0
    endloop
  endfacet
  facet normal 0 0 -1
    outer loop
      vertex 189.205 113.164 0
      vertex 16.5455 114.414 0
      vertex 189.246 113.297 0
    endloop
  endfacet
  facet normal 0 0 -1
    outer loop
      vertex 16.5035 114.547 0
      vertex 189.246 113.297 0
      vertex 16.5455 114.414 0
    endloop
  endfacet
  facet normal 0 0 -1
    outer loop
      vertex 189.246 113.297 0
      vertex 16.5035 114.547 0
      vertex 189.3 113.426 0
    endloop
  endfacet
  facet normal 0 0 -1
    outer loop
      vertex 16.5939 113.861 0
      vertex 19.1356 29.05 0
      vertex 19.0606 29.1677 0
    endloop
  endfacet
  facet normal 0 0 -1
    outer loop
      vertex 16.5939 113.861 0
      vertex 19.0606 29.1677 0
      vertex 18.9757 29.2785 0
    endloop
  endfacet
  facet normal 0 0 -1
    outer loop
      vertex 16.5939 113.861 0
      vertex 18.9757 29.2785 0
      vertex 18.8814 29.3814 0
    endloop
  endfacet
  facet normal 0 0 -1
    outer loop
      vertex 16.5939 113.861 0
      vertex 18.8814 29.3814 0
      vertex 18.7785 29.4757 0
    endloop
  endfacet
  facet normal 0 0 -1
    outer loop
      vertex 16.5939 113.861 0
      vertex 18.7785 29.4757 0
      vertex 18.6677 29.5606 0
    endloop
  endfacet
  facet normal 0 0 -1
    outer loop
      vertex 16.5939 113.861 0
      vertex 18.6677 29.5606 0
      vertex 18.55 29.6356 0
    endloop
  endfacet
  facet normal 0 0 -1
    outer loop
      vertex 16.5939 113.861 0
      vertex 18.55 29.6356 0
      vertex 18.4262 29.7001 0
    endloop
  endfacet
  facet normal 0 0 -1
    outer loop
      vertex 16.5939 113.861 0
      vertex 18.4262 29.7001 0
      vertex 18.2972 29.7535 0
    endloop
  endfacet
  facet normal 0 0 -1
    outer loop
      vertex 16.5939 113.861 0
      vertex 18.2972 29.7535 0
      vertex 18.1641 29.7955 0
    endloop
  endfacet
  facet normal 0 0 -1
    outer loop
      vertex 16.5939 113.861 0
      vertex 18.1641 29.7955 0
      vertex 18.0278 29.8257 0
    endloop
  endfacet
  facet normal 0 0 -1
    outer loop
      vertex 16.5939 113.861 0
      vertex 18.0278 29.8257 0
      vertex 17.8895 29.8439 0
    endloop
  endfacet
  facet normal 0 0 -1
    outer loop
      vertex 16.5939 113.861 0
      vertex 17.8895 29.8439 0
      vertex 17.75 29.85 0
    endloop
  endfacet
  facet normal 0 0 -1
    outer loop
      vertex 16.5939 113.861 0
      vertex 17.75 29.85 0
      vertex 17.6105 29.8439 0
    endloop
  endfacet
  facet normal 0 0 -1
    outer loop
      vertex 16.5939 113.861 0
      vertex 17.6105 29.8439 0
      vertex 17.4722 29.8257 0
    endloop
  endfacet
  facet normal 0 0 -1
    outer loop
      vertex 16.5939 113.861 0
      vertex 17.4722 29.8257 0
      vertex 17.3359 29.7955 0
    endloop
  endfacet
  facet normal 0 0 -1
    outer loop
      vertex 16.5939 113.861 0
      vertex 17.3359 29.7955 0
      vertex 17.2028 29.7535 0
    endloop
  endfacet
  facet normal 0 0 -1
    outer loop
      vertex 16.5939 113.861 0
      vertex 17.2028 29.7535 0
      vertex 17.0738 29.7001 0
    endloop
  endfacet
  facet normal 0 0 -1
    outer loop
      vertex 16.5939 113.861 0
      vertex 17.0738 29.7001 0
      vertex 16.95 29.6356 0
    endloop
  endfacet
  facet normal 0 0 -1
    outer loop
      vertex 13.9715 112.774 0
      vertex 16.7215 29.4757 0
      vertex 16.6186 29.3814 0
    endloop
  endfacet
  facet normal 0 0 -1
    outer loop
      vertex 16.5939 113.861 0
      vertex 16.8323 29.5606 0
      vertex 16.7215 29.4757 0
    endloop
  endfacet
  facet normal 0 0 -1
    outer loop
      vertex 16.5939 113.861 0
      vertex 16.95 29.6356 0
      vertex 16.8323 29.5606 0
    endloop
  endfacet
  facet normal 0 0 -1
    outer loop
      vertex 16.4501 114.676 0
      vertex 189.3 113.426 0
      vertex 16.5035 114.547 0
    endloop
  endfacet
  facet normal 0 0 -1
    outer loop
      vertex 189.3 113.426 0
      vertex 16.4501 114.676 0
      vertex 189.364 113.55 0
    endloop
  endfacet
  facet normal 0 0 -1
    outer loop
      vertex 16.3856 114.8 0
      vertex 189.364 113.55 0
      vertex 16.4501 114.676 0
    endloop
  endfacet
  facet normal 0 0 -1
    outer loop
      vertex 189.364 113.55 0
      vertex 16.3856 114.8 0
      vertex 189.439 113.668 0
    endloop
  endfacet
  facet normal 0 0 -1
    outer loop
      vertex 16.3106 114.918 0
      vertex 189.439 113.668 0
      vertex 16.3856 114.8 0
    endloop
  endfacet
  facet normal 0 0 -1
    outer loop
      vertex 189.439 113.668 0
      vertex 16.3106 114.918 0
      vertex 189.524 113.778 0
    endloop
  endfacet
  facet normal 0 0 -1
    outer loop
      vertex 16.2257 115.028 0
      vertex 189.524 113.778 0
      vertex 16.3106 114.918 0
    endloop
  endfacet
  facet normal 0 0 -1
    outer loop
      vertex 189.524 113.778 0
      vertex 16.2257 115.028 0
      vertex 189.619 113.881 0
    endloop
  endfacet
  facet normal 0 0 -1
    outer loop
      vertex 16.1314 115.131 0
      vertex 189.619 113.881 0
      vertex 16.2257 115.028 0
    endloop
  endfacet
  facet normal 0 0 -1
    outer loop
      vertex 189.619 113.881 0
      vertex 16.1314 115.131 0
      vertex 201.25 126.5 0
    endloop
  endfacet
  facet normal 0 0 -1
    outer loop
      vertex 16.0285 115.226 0
      vertex 201.25 126.5 0
      vertex 16.1314 115.131 0
    endloop
  endfacet
  facet normal 0 0 -1
    outer loop
      vertex 15.9177 115.311 0
      vertex 201.25 126.5 0
      vertex 16.0285 115.226 0
    endloop
  endfacet
  facet normal 0 0 -1
    outer loop
      vertex 15.8 115.386 0
      vertex 201.25 126.5 0
      vertex 15.9177 115.311 0
    endloop
  endfacet
  facet normal 0 0 -1
    outer loop
      vertex 0 126.5 0
      vertex 15.8 115.386 0
      vertex 15.6762 115.45 0
    endloop
  endfacet
  facet normal 0 0 -1
    outer loop
      vertex 0 126.5 0
      vertex 15.6762 115.45 0
      vertex 15.5472 115.504 0
    endloop
  endfacet
  facet normal 0 0 -1
    outer loop
      vertex 0 126.5 0
      vertex 15.5472 115.504 0
      vertex 15.4141 115.545 0
    endloop
  endfacet
  facet normal 0 0 -1
    outer loop
      vertex 0 126.5 0
      vertex 15.4141 115.545 0
      vertex 15.2778 115.576 0
    endloop
  endfacet
  facet normal 0 0 -1
    outer loop
      vertex 0 126.5 0
      vertex 15.2778 115.576 0
      vertex 15.1394 115.594 0
    endloop
  endfacet
  facet normal 0 0 -1
    outer loop
      vertex 0 126.5 0
      vertex 15.1394 115.594 0
      vertex 15 115.6 0
    endloop
  endfacet
  facet normal 0 0 -1
    outer loop
      vertex 0 126.5 0
      vertex 15 115.6 0
      vertex 14.8605 115.594 0
    endloop
  endfacet
  facet normal 0 0 -1
    outer loop
      vertex 13.4061 113.861 0
      vertex 0 126.5 0
      vertex 13.4 114 0
    endloop
  endfacet
  facet normal 0 0 -1
    outer loop
      vertex 15.8 115.386 0
      vertex 0 126.5 0
      vertex 201.25 126.5 0
    endloop
  endfacet
  facet normal 0 0 -1
    outer loop
      vertex 14.7222 115.576 0
      vertex 0 126.5 0
      vertex 14.8605 115.594 0
    endloop
  endfacet
  facet normal 0 0 -1
    outer loop
      vertex 14.5859 115.545 0
      vertex 0 126.5 0
      vertex 14.7222 115.576 0
    endloop
  endfacet
  facet normal 0 0 -1
    outer loop
      vertex 14.4528 115.504 0
      vertex 0 126.5 0
      vertex 14.5859 115.545 0
    endloop
  endfacet
  facet normal 0 0 -1
    outer loop
      vertex 14.3238 115.45 0
      vertex 0 126.5 0
      vertex 14.4528 115.504 0
    endloop
  endfacet
  facet normal 0 0 -1
    outer loop
      vertex 14.2 115.386 0
      vertex 0 126.5 0
      vertex 14.3238 115.45 0
    endloop
  endfacet
  facet normal 0 0 -1
    outer loop
      vertex 14.0823 115.311 0
      vertex 0 126.5 0
      vertex 14.2 115.386 0
    endloop
  endfacet
  facet normal 0 0 -1
    outer loop
      vertex 13.9715 115.226 0
      vertex 0 126.5 0
      vertex 14.0823 115.311 0
    endloop
  endfacet
  facet normal 0 0 -1
    outer loop
      vertex 13.8686 115.131 0
      vertex 0 126.5 0
      vertex 13.9715 115.226 0
    endloop
  endfacet
  facet normal 0 0 -1
    outer loop
      vertex 13.7743 115.028 0
      vertex 0 126.5 0
      vertex 13.8686 115.131 0
    endloop
  endfacet
  facet normal 0 0 -1
    outer loop
      vertex 13.6894 114.918 0
      vertex 0 126.5 0
      vertex 13.7743 115.028 0
    endloop
  endfacet
  facet normal 0 0 -1
    outer loop
      vertex 13.6144 114.8 0
      vertex 0 126.5 0
      vertex 13.6894 114.918 0
    endloop
  endfacet
  facet normal 0 0 -1
    outer loop
      vertex 13.5499 114.676 0
      vertex 0 126.5 0
      vertex 13.6144 114.8 0
    endloop
  endfacet
  facet normal 0 0 -1
    outer loop
      vertex 13.4965 114.547 0
      vertex 0 126.5 0
      vertex 13.5499 114.676 0
    endloop
  endfacet
  facet normal 0 0 -1
    outer loop
      vertex 13.4545 114.414 0
      vertex 0 126.5 0
      vertex 13.4965 114.547 0
    endloop
  endfacet
  facet normal 0 0 -1
    outer loop
      vertex 13.4243 114.278 0
      vertex 0 126.5 0
      vertex 13.4545 114.414 0
    endloop
  endfacet
  facet normal 0 0 -1
    outer loop
      vertex 13.4061 114.139 0
      vertex 0 126.5 0
      vertex 13.4243 114.278 0
    endloop
  endfacet
  facet normal 0 0 -1
    outer loop
      vertex 13.4 114 0
      vertex 0 126.5 0
      vertex 13.4061 114.139 0
    endloop
  endfacet
  facet normal 0 0 -1
    outer loop
      vertex 191.826 28.5278 0
      vertex 201.25 0 0
      vertex 191.844 28.3895 0
    endloop
  endfacet
  facet normal 0 0 -1
    outer loop
      vertex 191.795 28.6641 0
      vertex 201.25 0 0
      vertex 191.826 28.5278 0
    endloop
  endfacet
  facet normal 0 0 -1
    outer loop
      vertex 191.636 29.05 0
      vertex 192.136 111.95 0
      vertex 191.7 28.9262 0
    endloop
  endfacet
  facet normal 0 0 -1
    outer loop
      vertex 192.136 111.95 0
      vertex 191.636 29.05 0
      vertex 192.061 111.832 0
    endloop
  endfacet
  facet normal 0 0 -1
    outer loop
      vertex 191.561 29.1677 0
      vertex 192.061 111.832 0
      vertex 191.636 29.05 0
    endloop
  endfacet
  facet normal 0 0 -1
    outer loop
      vertex 192.061 111.832 0
      vertex 191.561 29.1677 0
      vertex 191.976 111.722 0
    endloop
  endfacet
  facet normal 0 0 -1
    outer loop
      vertex 191.476 29.2785 0
      vertex 191.976 111.722 0
      vertex 191.561 29.1677 0
    endloop
  endfacet
  facet normal 0 0 -1
    outer loop
      vertex 191.976 111.722 0
      vertex 191.476 29.2785 0
      vertex 191.881 111.619 0
    endloop
  endfacet
  facet normal 0 0 -1
    outer loop
      vertex 191.381 29.3814 0
      vertex 191.881 111.619 0
      vertex 191.476 29.2785 0
    endloop
  endfacet
  facet normal 0 0 -1
    outer loop
      vertex 191.881 111.619 0
      vertex 191.381 29.3814 0
      vertex 191.778 111.524 0
    endloop
  endfacet
  facet normal 0 0 -1
    outer loop
      vertex 191.278 29.4757 0
      vertex 191.778 111.524 0
      vertex 191.381 29.3814 0
    endloop
  endfacet
  facet normal 0 0 -1
    outer loop
      vertex 191.778 111.524 0
      vertex 191.278 29.4757 0
      vertex 191.668 111.439 0
    endloop
  endfacet
  facet normal 0 0 -1
    outer loop
      vertex 191.168 29.5606 0
      vertex 191.668 111.439 0
      vertex 191.278 29.4757 0
    endloop
  endfacet
  facet normal 0 0 -1
    outer loop
      vertex 191.668 111.439 0
      vertex 191.168 29.5606 0
      vertex 191.55 111.364 0
    endloop
  endfacet
  facet normal 0 0 -1
    outer loop
      vertex 191.05 29.6356 0
      vertex 191.55 111.364 0
      vertex 191.168 29.5606 0
    endloop
  endfacet
  facet normal 0 0 -1
    outer loop
      vertex 191.55 111.364 0
      vertex 191.05 29.6356 0
      vertex 191.426 111.3 0
    endloop
  endfacet
  facet normal 0 0 -1
    outer loop
      vertex 190.926 29.7001 0
      vertex 191.426 111.3 0
      vertex 191.05 29.6356 0
    endloop
  endfacet
  facet normal 0 0 -1
    outer loop
      vertex 191.426 111.3 0
      vertex 190.926 29.7001 0
      vertex 191.297 111.246 0
    endloop
  endfacet
  facet normal 0 0 -1
    outer loop
      vertex 190.797 29.7535 0
      vertex 191.297 111.246 0
      vertex 190.926 29.7001 0
    endloop
  endfacet
  facet normal 0 0 -1
    outer loop
      vertex 191.297 111.246 0
      vertex 190.797 29.7535 0
      vertex 191.164 111.205 0
    endloop
  endfacet
  facet normal 0 0 -1
    outer loop
      vertex 190.664 29.7955 0
      vertex 191.164 111.205 0
      vertex 190.797 29.7535 0
    endloop
  endfacet
  facet normal 0 0 -1
    outer loop
      vertex 191.164 111.205 0
      vertex 190.664 29.7955 0
      vertex 191.028 111.174 0
    endloop
  endfacet
  facet normal 0 0 -1
    outer loop
      vertex 190.528 29.8257 0
      vertex 191.028 111.174 0
      vertex 190.664 29.7955 0
    endloop
  endfacet
  facet normal 0 0 -1
    outer loop
      vertex 191.028 111.174 0
      vertex 190.528 29.8257 0
      vertex 190.889 111.156 0
    endloop
  endfacet
  facet normal 0 0 -1
    outer loop
      vertex 190.389 29.8439 0
      vertex 190.889 111.156 0
      vertex 190.528 29.8257 0
    endloop
  endfacet
  facet normal 0 0 -1
    outer loop
      vertex 190.889 111.156 0
      vertex 190.389 29.8439 0
      vertex 190.75 111.15 0
    endloop
  endfacet
  facet normal 0 0 -1
    outer loop
      vertex 190.25 29.85 0
      vertex 190.75 111.15 0
      vertex 190.389 29.8439 0
    endloop
  endfacet
  facet normal -0 0 -1
    outer loop
      vertex 190.75 111.15 0
      vertex 190.25 29.85 0
      vertex 190.611 111.156 0
    endloop
  endfacet
  facet normal 0 0 -1
    outer loop
      vertex 190.111 29.8439 0
      vertex 190.611 111.156 0
      vertex 190.25 29.85 0
    endloop
  endfacet
  facet normal -0 0 -1
    outer loop
      vertex 190.611 111.156 0
      vertex 190.111 29.8439 0
      vertex 190.472 111.174 0
    endloop
  endfacet
  facet normal 0 0 -1
    outer loop
      vertex 189.972 29.8257 0
      vertex 190.472 111.174 0
      vertex 190.111 29.8439 0
    endloop
  endfacet
  facet normal -0 0 -1
    outer loop
      vertex 190.472 111.174 0
      vertex 189.972 29.8257 0
      vertex 190.336 111.205 0
    endloop
  endfacet
  facet normal 0 0 -1
    outer loop
      vertex 189.836 29.7955 0
      vertex 190.336 111.205 0
      vertex 189.972 29.8257 0
    endloop
  endfacet
  facet normal -0 0 -1
    outer loop
      vertex 190.336 111.205 0
      vertex 189.836 29.7955 0
      vertex 190.203 111.246 0
    endloop
  endfacet
  facet normal 0 0 -1
    outer loop
      vertex 189.703 29.7535 0
      vertex 190.203 111.246 0
      vertex 189.836 29.7955 0
    endloop
  endfacet
  facet normal -0 0 -1
    outer loop
      vertex 190.203 111.246 0
      vertex 189.703 29.7535 0
      vertex 190.074 111.3 0
    endloop
  endfacet
  facet normal 0 0 -1
    outer loop
      vertex 189.574 29.7001 0
      vertex 190.074 111.3 0
      vertex 189.703 29.7535 0
    endloop
  endfacet
  facet normal -0 0 -1
    outer loop
      vertex 190.074 111.3 0
      vertex 189.574 29.7001 0
      vertex 189.95 111.364 0
    endloop
  endfacet
  facet normal 0 0 -1
    outer loop
      vertex 189.45 29.6356 0
      vertex 189.95 111.364 0
      vertex 189.574 29.7001 0
    endloop
  endfacet
  facet normal -0 0 -1
    outer loop
      vertex 189.95 111.364 0
      vertex 189.45 29.6356 0
      vertex 189.832 111.439 0
    endloop
  endfacet
  facet normal 0 0 -1
    outer loop
      vertex 189.332 29.5606 0
      vertex 189.832 111.439 0
      vertex 189.45 29.6356 0
    endloop
  endfacet
  facet normal -0 0 -1
    outer loop
      vertex 189.832 111.439 0
      vertex 189.332 29.5606 0
      vertex 189.722 111.524 0
    endloop
  endfacet
  facet normal 0 0 -1
    outer loop
      vertex 189.222 29.4757 0
      vertex 189.722 111.524 0
      vertex 189.332 29.5606 0
    endloop
  endfacet
  facet normal -0 0 -1
    outer loop
      vertex 189.722 111.524 0
      vertex 189.222 29.4757 0
      vertex 189.619 111.619 0
    endloop
  endfacet
  facet normal 0 0 -1
    outer loop
      vertex 189.119 29.3814 0
      vertex 189.619 111.619 0
      vertex 189.222 29.4757 0
    endloop
  endfacet
  facet normal -0 0 -1
    outer loop
      vertex 189.619 111.619 0
      vertex 189.119 29.3814 0
      vertex 189.524 111.722 0
    endloop
  endfacet
  facet normal 0 0 -1
    outer loop
      vertex 189.024 29.2785 0
      vertex 189.524 111.722 0
      vertex 189.119 29.3814 0
    endloop
  endfacet
  facet normal -0 0 -1
    outer loop
      vertex 189.524 111.722 0
      vertex 189.024 29.2785 0
      vertex 189.439 111.832 0
    endloop
  endfacet
  facet normal 0 0 -1
    outer loop
      vertex 188.939 29.1677 0
      vertex 189.439 111.832 0
      vertex 189.024 29.2785 0
    endloop
  endfacet
  facet normal -0 0 -1
    outer loop
      vertex 189.439 111.832 0
      vertex 188.939 29.1677 0
      vertex 189.364 111.95 0
    endloop
  endfacet
  facet normal 0 0 -1
    outer loop
      vertex 188.864 29.05 0
      vertex 189.364 111.95 0
      vertex 188.939 29.1677 0
    endloop
  endfacet
  facet normal -0 0 -1
    outer loop
      vertex 189.364 111.95 0
      vertex 188.864 29.05 0
      vertex 189.3 112.074 0
    endloop
  endfacet
  facet normal 0 0 -1
    outer loop
      vertex 188.8 28.9262 0
      vertex 189.3 112.074 0
      vertex 188.864 29.05 0
    endloop
  endfacet
  facet normal 0 0 -1
    outer loop
      vertex 19.2001 28.9262 0
      vertex 189.3 112.074 0
      vertex 188.8 28.9262 0
    endloop
  endfacet
  facet normal -1 0 0
    outer loop
      vertex 0 0 0
      vertex 0 126.5 90
      vertex 0 126.5 0
    endloop
  endfacet
  facet normal -1 -0 0
    outer loop
      vertex 0 126.5 90
      vertex 0 0 0
      vertex 0 0 90
    endloop
  endfacet
  facet normal 0 1 0
    outer loop
      vertex 201.25 126.5 90
      vertex 198.25 126.5 8
      vertex 198.25 126.5 90
    endloop
  endfacet
  facet normal 0 1 0
    outer loop
      vertex 198.25 126.5 8
      vertex 201.25 126.5 0
      vertex 3 126.5 8
    endloop
  endfacet
  facet normal 0 1 -0
    outer loop
      vertex 201.25 126.5 0
      vertex 198.25 126.5 8
      vertex 201.25 126.5 90
    endloop
  endfacet
  facet normal 0 1 -0
    outer loop
      vertex 3 126.5 8
      vertex 0 126.5 90
      vertex 3 126.5 90
    endloop
  endfacet
  facet normal 0 1 0
    outer loop
      vertex 3 126.5 8
      vertex 0 126.5 0
      vertex 0 126.5 90
    endloop
  endfacet
  facet normal 0 1 0
    outer loop
      vertex 0 126.5 0
      vertex 3 126.5 8
      vertex 201.25 126.5 0
    endloop
  endfacet
  facet normal 0 -1 0
    outer loop
      vertex 0 0 90
      vertex 3 0 8
      vertex 3 0 90
    endloop
  endfacet
  facet normal 0 -1 -0
    outer loop
      vertex 3 0 8
      vertex 0 0 0
      vertex 198.25 0 8
    endloop
  endfacet
  facet normal 0 -1 0
    outer loop
      vertex 0 0 0
      vertex 3 0 8
      vertex 0 0 90
    endloop
  endfacet
  facet normal 0 -1 0
    outer loop
      vertex 198.25 0 8
      vertex 201.25 0 90
      vertex 198.25 0 90
    endloop
  endfacet
  facet normal 0 -1 0
    outer loop
      vertex 198.25 0 8
      vertex 201.25 0 0
      vertex 201.25 0 90
    endloop
  endfacet
  facet normal 0 -1 0
    outer loop
      vertex 201.25 0 0
      vertex 198.25 0 8
      vertex 0 0 0
    endloop
  endfacet
  facet normal 1 0 0
    outer loop
      vertex 3 126.5 90
      vertex 3 123.5 8
      vertex 3 126.5 8
    endloop
  endfacet
  facet normal 1 0 0
    outer loop
      vertex 3 123.5 8
      vertex 3 3 8
      vertex 3 123.5 3
    endloop
  endfacet
  facet normal 1 0 0
    outer loop
      vertex 3 126.5 90
      vertex 3 3 8
      vertex 3 123.5 8
    endloop
  endfacet
  facet normal 1 -0 0
    outer loop
      vertex 3 0 90
      vertex 3 3 8
      vertex 3 126.5 90
    endloop
  endfacet
  facet normal 1 0 0
    outer loop
      vertex 3 3 8
      vertex 3 0 90
      vertex 3 0 8
    endloop
  endfacet
  facet normal 1 0 0
    outer loop
      vertex 3 123.5 3
      vertex 3 3 8
      vertex 3 3 3
    endloop
  endfacet
  facet normal -0 0 1
    outer loop
      vertex 0 126.5 90
      vertex 3 0 90
      vertex 3 126.5 90
    endloop
  endfacet
  facet normal 0 0 1
    outer loop
      vertex 3 0 90
      vertex 0 126.5 90
      vertex 0 0 90
    endloop
  endfacet
  facet normal -0 0 1
    outer loop
      vertex 198.25 126.5 90
      vertex 201.25 0 90
      vertex 201.25 126.5 90
    endloop
  endfacet
  facet normal 0 0 1
    outer loop
      vertex 201.25 0 90
      vertex 198.25 126.5 90
      vertex 198.25 0 90
    endloop
  endfacet
  facet normal -1 0 0
    outer loop
      vertex 198.25 123.5 3
      vertex 198.25 3 3
      vertex 198.25 123.5 8
    endloop
  endfacet
  facet normal -1 0 0
    outer loop
      vertex 198.25 123.5 8
      vertex 198.25 126.5 90
      vertex 198.25 126.5 8
    endloop
  endfacet
  facet normal -1 0 0
    outer loop
      vertex 198.25 3 8
      vertex 198.25 123.5 8
      vertex 198.25 3 3
    endloop
  endfacet
  facet normal -1 0 0
    outer loop
      vertex 198.25 123.5 8
      vertex 198.25 3 8
      vertex 198.25 126.5 90
    endloop
  endfacet
  facet normal -1 0 0
    outer loop
      vertex 198.25 0 90
      vertex 198.25 3 8
      vertex 198.25 0 8
    endloop
  endfacet
  facet normal -1 0 0
    outer loop
      vertex 198.25 3 8
      vertex 198.25 0 90
      vertex 198.25 126.5 90
    endloop
  endfacet
  facet normal -0 0 1
    outer loop
      vertex 3 3 8
      vertex 198.25 0 8
      vertex 198.25 3 8
    endloop
  endfacet
  facet normal 0 0 1
    outer loop
      vertex 198.25 0 8
      vertex 3 3 8
      vertex 3 0 8
    endloop
  endfacet
  facet normal 0 1 -0
    outer loop
      vertex 198.25 3 3
      vertex 3 3 8
      vertex 198.25 3 8
    endloop
  endfacet
  facet normal 0 1 0
    outer loop
      vertex 3 3 8
      vertex 198.25 3 3
      vertex 3 3 3
    endloop
  endfacet
  facet normal -0 0 1
    outer loop
      vertex 3 126.5 8
      vertex 198.25 123.5 8
      vertex 198.25 126.5 8
    endloop
  endfacet
  facet normal 0 0 1
    outer loop
      vertex 198.25 123.5 8
      vertex 3 126.5 8
      vertex 3 123.5 8
    endloop
  endfacet
  facet normal 0 -1 0
    outer loop
      vertex 3 123.5 3
      vertex 198.25 123.5 8
      vertex 3 123.5 8
    endloop
  endfacet
  facet normal 0 -1 -0
    outer loop
      vertex 198.25 123.5 8
      vertex 3 123.5 3
      vertex 198.25 123.5 3
    endloop
  endfacet
  facet normal -0.991537 -0.129827 0
    outer loop
      vertex 16.5939 114.139 0
      vertex 16.5757 114.278 9
      vertex 16.5757 114.278 0
    endloop
  endfacet
  facet normal -0.991537 -0.129827 0
    outer loop
      vertex 16.5757 114.278 9
      vertex 16.5939 114.139 0
      vertex 16.5939 114.139 9
    endloop
  endfacet
  facet normal -0.999038 -0.0438427 0
    outer loop
      vertex 16.6 114 0
      vertex 16.5939 114.139 9
      vertex 16.5939 114.139 0
    endloop
  endfacet
  facet normal -0.999038 -0.0438427 0
    outer loop
      vertex 16.5939 114.139 9
      vertex 16.6 114 0
      vertex 16.6 114 9
    endloop
  endfacet
  facet normal -0.976221 -0.216778 0
    outer loop
      vertex 16.5757 114.278 0
      vertex 16.5455 114.414 9
      vertex 16.5455 114.414 0
    endloop
  endfacet
  facet normal -0.976221 -0.216778 0
    outer loop
      vertex 16.5455 114.414 9
      vertex 16.5757 114.278 0
      vertex 16.5757 114.278 9
    endloop
  endfacet
  facet normal 0.976221 -0.216778 0
    outer loop
      vertex 13.4243 114.278 9
      vertex 13.4545 114.414 0
      vertex 13.4545 114.414 9
    endloop
  endfacet
  facet normal 0.976221 -0.216778 0
    outer loop
      vertex 13.4545 114.414 0
      vertex 13.4243 114.278 9
      vertex 13.4243 114.278 0
    endloop
  endfacet
  facet normal -0.791633 0.610997 0
    outer loop
      vertex 16.2257 112.972 0
      vertex 16.3106 113.082 9
      vertex 16.3106 113.082 0
    endloop
  endfacet
  facet normal -0.791633 0.610997 0
    outer loop
      vertex 16.3106 113.082 9
      vertex 16.2257 112.972 0
      vertex 16.2257 112.972 9
    endloop
  endfacet
  facet normal -0.791633 -0.610997 0
    outer loop
      vertex 16.3106 114.918 0
      vertex 16.2257 115.028 9
      vertex 16.2257 115.028 0
    endloop
  endfacet
  facet normal -0.791633 -0.610997 0
    outer loop
      vertex 16.2257 115.028 9
      vertex 16.3106 114.918 0
      vertex 16.3106 114.918 9
    endloop
  endfacet
  facet normal -0.537385 -0.843337 0
    outer loop
      vertex 15.8 115.386 0
      vertex 15.9177 115.311 9
      vertex 15.8 115.386 9
    endloop
  endfacet
  facet normal -0.537385 -0.843337 -0
    outer loop
      vertex 15.9177 115.311 9
      vertex 15.8 115.386 0
      vertex 15.9177 115.311 0
    endloop
  endfacet
  facet normal -0.294389 0.955686 0
    outer loop
      vertex 15.5472 112.496 0
      vertex 15.4141 112.455 9
      vertex 15.5472 112.496 9
    endloop
  endfacet
  facet normal -0.294389 0.955686 0
    outer loop
      vertex 15.4141 112.455 9
      vertex 15.5472 112.496 0
      vertex 15.4141 112.455 0
    endloop
  endfacet
  facet normal -0.976221 0.216778 0
    outer loop
      vertex 16.5455 113.586 0
      vertex 16.5757 113.722 9
      vertex 16.5757 113.722 0
    endloop
  endfacet
  facet normal -0.976221 0.216778 0
    outer loop
      vertex 16.5757 113.722 9
      vertex 16.5455 113.586 0
      vertex 16.5455 113.586 9
    endloop
  endfacet
  facet normal 0.923964 -0.382478 0
    outer loop
      vertex 13.4965 114.547 9
      vertex 13.5499 114.676 0
      vertex 13.5499 114.676 9
    endloop
  endfacet
  facet normal 0.923964 -0.382478 0
    outer loop
      vertex 13.5499 114.676 0
      vertex 13.4965 114.547 9
      vertex 13.4965 114.547 0
    endloop
  endfacet
  facet normal 0.923964 0.382478 0
    outer loop
      vertex 13.5499 113.324 9
      vertex 13.4965 113.453 0
      vertex 13.4965 113.453 9
    endloop
  endfacet
  facet normal 0.923964 0.382478 0
    outer loop
      vertex 13.4965 113.453 0
      vertex 13.5499 113.324 9
      vertex 13.5499 113.324 0
    endloop
  endfacet
  facet normal 0.221776 -0.975098 0
    outer loop
      vertex 14.5859 115.545 0
      vertex 14.7222 115.576 9
      vertex 14.5859 115.545 9
    endloop
  endfacet
  facet normal 0.221776 -0.975098 0
    outer loop
      vertex 14.7222 115.576 9
      vertex 14.5859 115.545 0
      vertex 14.7222 115.576 0
    endloop
  endfacet
  facet normal -0.294389 -0.955686 0
    outer loop
      vertex 15.4141 115.545 0
      vertex 15.5472 115.504 9
      vertex 15.4141 115.545 9
    endloop
  endfacet
  facet normal -0.294389 -0.955686 -0
    outer loop
      vertex 15.5472 115.504 9
      vertex 15.4141 115.545 0
      vertex 15.5472 115.504 0
    endloop
  endfacet
  facet normal -0.128972 -0.991648 0
    outer loop
      vertex 15.1394 115.594 0
      vertex 15.2778 115.576 9
      vertex 15.1394 115.594 9
    endloop
  endfacet
  facet normal -0.128972 -0.991648 -0
    outer loop
      vertex 15.2778 115.576 9
      vertex 15.1394 115.594 0
      vertex 15.2778 115.576 0
    endloop
  endfacet
  facet normal 0.537385 -0.843337 0
    outer loop
      vertex 14.0823 115.311 0
      vertex 14.2 115.386 9
      vertex 14.0823 115.311 9
    endloop
  endfacet
  facet normal 0.537385 -0.843337 0
    outer loop
      vertex 14.2 115.386 9
      vertex 14.0823 115.311 0
      vertex 14.2 115.386 0
    endloop
  endfacet
  facet normal 0.843956 -0.536413 0
    outer loop
      vertex 13.6144 114.8 9
      vertex 13.6894 114.918 0
      vertex 13.6894 114.918 9
    endloop
  endfacet
  facet normal 0.843956 -0.536413 0
    outer loop
      vertex 13.6894 114.918 0
      vertex 13.6144 114.8 9
      vertex 13.6144 114.8 0
    endloop
  endfacet
  facet normal 0.791633 0.610997 0
    outer loop
      vertex 13.7743 112.972 9
      vertex 13.6894 113.082 0
      vertex 13.6894 113.082 9
    endloop
  endfacet
  facet normal 0.791633 0.610997 0
    outer loop
      vertex 13.6894 113.082 0
      vertex 13.7743 112.972 9
      vertex 13.7743 112.972 0
    endloop
  endfacet
  facet normal 0.294389 -0.955686 0
    outer loop
      vertex 14.4528 115.504 0
      vertex 14.5859 115.545 9
      vertex 14.4528 115.504 9
    endloop
  endfacet
  facet normal 0.294389 -0.955686 0
    outer loop
      vertex 14.5859 115.545 9
      vertex 14.4528 115.504 0
      vertex 14.5859 115.545 0
    endloop
  endfacet
  facet normal -0.678339 -0.734749 0
    outer loop
      vertex 16.0285 115.226 0
      vertex 16.1314 115.131 9
      vertex 16.0285 115.226 9
    endloop
  endfacet
  facet normal -0.678339 -0.734749 -0
    outer loop
      vertex 16.1314 115.131 9
      vertex 16.0285 115.226 0
      vertex 16.1314 115.131 0
    endloop
  endfacet
  facet normal -0.0430018 -0.999075 0
    outer loop
      vertex 15 115.6 0
      vertex 15.1394 115.594 9
      vertex 15 115.6 9
    endloop
  endfacet
  facet normal -0.0430018 -0.999075 -0
    outer loop
      vertex 15.1394 115.594 9
      vertex 15 115.6 0
      vertex 15.1394 115.594 0
    endloop
  endfacet
  facet normal -0.221776 0.975098 0
    outer loop
      vertex 15.4141 112.455 0
      vertex 15.2778 112.424 9
      vertex 15.4141 112.455 9
    endloop
  endfacet
  facet normal -0.221776 0.975098 0
    outer loop
      vertex 15.2778 112.424 9
      vertex 15.4141 112.455 0
      vertex 15.2778 112.424 0
    endloop
  endfacet
  facet normal -0.608672 -0.793422 0
    outer loop
      vertex 15.9177 115.311 0
      vertex 16.0285 115.226 9
      vertex 15.9177 115.311 9
    endloop
  endfacet
  facet normal -0.608672 -0.793422 -0
    outer loop
      vertex 16.0285 115.226 9
      vertex 15.9177 115.311 0
      vertex 16.0285 115.226 0
    endloop
  endfacet
  facet normal -0.843956 -0.536413 0
    outer loop
      vertex 16.3856 114.8 0
      vertex 16.3106 114.918 9
      vertex 16.3106 114.918 0
    endloop
  endfacet
  facet normal -0.843956 -0.536413 0
    outer loop
      vertex 16.3106 114.918 9
      vertex 16.3856 114.8 0
      vertex 16.3856 114.8 9
    endloop
  endfacet
  facet normal 0.129063 -0.991636 0
    outer loop
      vertex 14.7222 115.576 0
      vertex 14.8605 115.594 9
      vertex 14.7222 115.576 9
    endloop
  endfacet
  facet normal 0.129063 -0.991636 0
    outer loop
      vertex 14.8605 115.594 9
      vertex 14.7222 115.576 0
      vertex 14.8605 115.594 0
    endloop
  endfacet
  facet normal -0.221776 -0.975098 0
    outer loop
      vertex 15.2778 115.576 0
      vertex 15.4141 115.545 9
      vertex 15.2778 115.576 9
    endloop
  endfacet
  facet normal -0.221776 -0.975098 -0
    outer loop
      vertex 15.4141 115.545 9
      vertex 15.2778 115.576 0
      vertex 15.4141 115.545 0
    endloop
  endfacet
  facet normal 0.953583 0.301131 0
    outer loop
      vertex 13.4965 113.453 9
      vertex 13.4545 113.586 0
      vertex 13.4545 113.586 9
    endloop
  endfacet
  facet normal 0.953583 0.301131 0
    outer loop
      vertex 13.4545 113.586 0
      vertex 13.4965 113.453 9
      vertex 13.4965 113.453 0
    endloop
  endfacet
  facet normal 0.386138 -0.922441 0
    outer loop
      vertex 14.3238 115.45 0
      vertex 14.4528 115.504 9
      vertex 14.3238 115.45 9
    endloop
  endfacet
  facet normal 0.386138 -0.922441 0
    outer loop
      vertex 14.4528 115.504 9
      vertex 14.3238 115.45 0
      vertex 14.4528 115.504 0
    endloop
  endfacet
  facet normal 0.042971 -0.999076 0
    outer loop
      vertex 14.8605 115.594 0
      vertex 15 115.6 9
      vertex 14.8605 115.594 9
    endloop
  endfacet
  facet normal 0.042971 -0.999076 0
    outer loop
      vertex 15 115.6 9
      vertex 14.8605 115.594 0
      vertex 15 115.6 0
    endloop
  endfacet
  facet normal -0.678339 0.734749 0
    outer loop
      vertex 16.1314 112.869 0
      vertex 16.0285 112.774 9
      vertex 16.1314 112.869 9
    endloop
  endfacet
  facet normal -0.678339 0.734749 0
    outer loop
      vertex 16.0285 112.774 9
      vertex 16.1314 112.869 0
      vertex 16.0285 112.774 0
    endloop
  endfacet
  facet normal -0.887158 0.461465 0
    outer loop
      vertex 16.3856 113.2 0
      vertex 16.4501 113.324 9
      vertex 16.4501 113.324 0
    endloop
  endfacet
  facet normal -0.887158 0.461465 0
    outer loop
      vertex 16.4501 113.324 9
      vertex 16.3856 113.2 0
      vertex 16.3856 113.2 9
    endloop
  endfacet
  facet normal 0.537385 0.843337 -0
    outer loop
      vertex 14.2 112.614 0
      vertex 14.0823 112.689 9
      vertex 14.2 112.614 9
    endloop
  endfacet
  facet normal 0.537385 0.843337 0
    outer loop
      vertex 14.0823 112.689 9
      vertex 14.2 112.614 0
      vertex 14.0823 112.689 0
    endloop
  endfacet
  facet normal 0.386138 0.922441 -0
    outer loop
      vertex 14.4528 112.496 0
      vertex 14.3238 112.55 9
      vertex 14.4528 112.496 9
    endloop
  endfacet
  facet normal 0.386138 0.922441 0
    outer loop
      vertex 14.3238 112.55 9
      vertex 14.4528 112.496 0
      vertex 14.3238 112.55 0
    endloop
  endfacet
  facet normal -0.459228 0.888319 0
    outer loop
      vertex 15.8 112.614 0
      vertex 15.6762 112.55 9
      vertex 15.8 112.614 9
    endloop
  endfacet
  facet normal -0.459228 0.888319 0
    outer loop
      vertex 15.6762 112.55 9
      vertex 15.8 112.614 0
      vertex 15.6762 112.55 0
    endloop
  endfacet
  facet normal -0.923964 -0.382478 0
    outer loop
      vertex 16.5035 114.547 0
      vertex 16.4501 114.676 9
      vertex 16.4501 114.676 0
    endloop
  endfacet
  facet normal -0.923964 -0.382478 0
    outer loop
      vertex 16.4501 114.676 9
      vertex 16.5035 114.547 0
      vertex 16.5035 114.547 9
    endloop
  endfacet
  facet normal -0.843956 0.536413 0
    outer loop
      vertex 16.3106 113.082 0
      vertex 16.3856 113.2 9
      vertex 16.3856 113.2 0
    endloop
  endfacet
  facet normal -0.843956 0.536413 0
    outer loop
      vertex 16.3856 113.2 9
      vertex 16.3106 113.082 0
      vertex 16.3106 113.082 9
    endloop
  endfacet
  facet normal 0.73757 0.675271 0
    outer loop
      vertex 13.8686 112.869 9
      vertex 13.7743 112.972 0
      vertex 13.7743 112.972 9
    endloop
  endfacet
  facet normal 0.73757 0.675271 0
    outer loop
      vertex 13.7743 112.972 0
      vertex 13.8686 112.869 9
      vertex 13.8686 112.869 0
    endloop
  endfacet
  facet normal -0.953583 0.301131 0
    outer loop
      vertex 16.5035 113.453 0
      vertex 16.5455 113.586 9
      vertex 16.5455 113.586 0
    endloop
  endfacet
  facet normal -0.953583 0.301131 0
    outer loop
      vertex 16.5455 113.586 9
      vertex 16.5035 113.453 0
      vertex 16.5035 113.453 9
    endloop
  endfacet
  facet normal -0.953583 -0.301131 0
    outer loop
      vertex 16.5455 114.414 0
      vertex 16.5035 114.547 9
      vertex 16.5035 114.547 0
    endloop
  endfacet
  facet normal -0.953583 -0.301131 0
    outer loop
      vertex 16.5035 114.547 9
      vertex 16.5455 114.414 0
      vertex 16.5455 114.414 9
    endloop
  endfacet
  facet normal -0.991537 0.129827 0
    outer loop
      vertex 16.5757 113.722 0
      vertex 16.5939 113.861 9
      vertex 16.5939 113.861 0
    endloop
  endfacet
  facet normal -0.991537 0.129827 0
    outer loop
      vertex 16.5939 113.861 9
      vertex 16.5757 113.722 0
      vertex 16.5757 113.722 9
    endloop
  endfacet
  facet normal -0.999038 0.0438427 0
    outer loop
      vertex 16.5939 113.861 0
      vertex 16.6 114 9
      vertex 16.6 114 0
    endloop
  endfacet
  facet normal -0.999038 0.0438427 0
    outer loop
      vertex 16.6 114 9
      vertex 16.5939 113.861 0
      vertex 16.5939 113.861 9
    endloop
  endfacet
  facet normal -0.887158 -0.461465 0
    outer loop
      vertex 16.4501 114.676 0
      vertex 16.3856 114.8 9
      vertex 16.3856 114.8 0
    endloop
  endfacet
  facet normal -0.887158 -0.461465 0
    outer loop
      vertex 16.3856 114.8 9
      vertex 16.4501 114.676 0
      vertex 16.4501 114.676 9
    endloop
  endfacet
  facet normal -0.923964 0.382478 0
    outer loop
      vertex 16.4501 113.324 0
      vertex 16.5035 113.453 9
      vertex 16.5035 113.453 0
    endloop
  endfacet
  facet normal -0.923964 0.382478 0
    outer loop
      vertex 16.5035 113.453 9
      vertex 16.4501 113.324 0
      vertex 16.4501 113.324 9
    endloop
  endfacet
  facet normal -0.128972 0.991648 0
    outer loop
      vertex 15.2778 112.424 0
      vertex 15.1394 112.406 9
      vertex 15.2778 112.424 9
    endloop
  endfacet
  facet normal -0.128972 0.991648 0
    outer loop
      vertex 15.1394 112.406 9
      vertex 15.2778 112.424 0
      vertex 15.1394 112.406 0
    endloop
  endfacet
  facet normal 0.042971 0.999076 -0
    outer loop
      vertex 15 112.4 0
      vertex 14.8605 112.406 9
      vertex 15 112.4 9
    endloop
  endfacet
  facet normal 0.042971 0.999076 0
    outer loop
      vertex 14.8605 112.406 9
      vertex 15 112.4 0
      vertex 14.8605 112.406 0
    endloop
  endfacet
  facet normal 0.459228 -0.888319 0
    outer loop
      vertex 14.2 115.386 0
      vertex 14.3238 115.45 9
      vertex 14.2 115.386 9
    endloop
  endfacet
  facet normal 0.459228 -0.888319 0
    outer loop
      vertex 14.3238 115.45 9
      vertex 14.2 115.386 0
      vertex 14.3238 115.45 0
    endloop
  endfacet
  facet normal -0.386138 -0.922441 0
    outer loop
      vertex 15.5472 115.504 0
      vertex 15.6762 115.45 9
      vertex 15.5472 115.504 9
    endloop
  endfacet
  facet normal -0.386138 -0.922441 -0
    outer loop
      vertex 15.6762 115.45 9
      vertex 15.5472 115.504 0
      vertex 15.6762 115.45 0
    endloop
  endfacet
  facet normal -0.0430018 0.999075 0
    outer loop
      vertex 15.1394 112.406 0
      vertex 15 112.4 9
      vertex 15.1394 112.406 9
    endloop
  endfacet
  facet normal -0.0430018 0.999075 0
    outer loop
      vertex 15 112.4 9
      vertex 15.1394 112.406 0
      vertex 15 112.4 0
    endloop
  endfacet
  facet normal 0.887158 0.461465 0
    outer loop
      vertex 13.6144 113.2 9
      vertex 13.5499 113.324 0
      vertex 13.5499 113.324 9
    endloop
  endfacet
  facet normal 0.887158 0.461465 0
    outer loop
      vertex 13.5499 113.324 0
      vertex 13.6144 113.2 9
      vertex 13.6144 113.2 0
    endloop
  endfacet
  facet normal 0.73757 -0.675271 0
    outer loop
      vertex 13.7743 115.028 9
      vertex 13.8686 115.131 0
      vertex 13.8686 115.131 9
    endloop
  endfacet
  facet normal 0.73757 -0.675271 0
    outer loop
      vertex 13.8686 115.131 0
      vertex 13.7743 115.028 9
      vertex 13.7743 115.028 0
    endloop
  endfacet
  facet normal 0.843956 0.536413 0
    outer loop
      vertex 13.6894 113.082 9
      vertex 13.6144 113.2 0
      vertex 13.6144 113.2 9
    endloop
  endfacet
  facet normal 0.843956 0.536413 0
    outer loop
      vertex 13.6144 113.2 0
      vertex 13.6894 113.082 9
      vertex 13.6894 113.082 0
    endloop
  endfacet
  facet normal 0.791633 -0.610997 0
    outer loop
      vertex 13.6894 114.918 9
      vertex 13.7743 115.028 0
      vertex 13.7743 115.028 9
    endloop
  endfacet
  facet normal 0.791633 -0.610997 0
    outer loop
      vertex 13.7743 115.028 0
      vertex 13.6894 114.918 9
      vertex 13.6894 114.918 0
    endloop
  endfacet
  facet normal 0.999038 -0.0438427 0
    outer loop
      vertex 13.4 114 9
      vertex 13.4061 114.139 0
      vertex 13.4061 114.139 9
    endloop
  endfacet
  facet normal 0.999038 -0.0438427 0
    outer loop
      vertex 13.4061 114.139 0
      vertex 13.4 114 9
      vertex 13.4 114 0
    endloop
  endfacet
  facet normal 0.887158 -0.461465 0
    outer loop
      vertex 13.5499 114.676 9
      vertex 13.6144 114.8 0
      vertex 13.6144 114.8 9
    endloop
  endfacet
  facet normal 0.887158 -0.461465 0
    outer loop
      vertex 13.6144 114.8 0
      vertex 13.5499 114.676 9
      vertex 13.5499 114.676 0
    endloop
  endfacet
  facet normal 0.678339 0.734749 -0
    outer loop
      vertex 13.9715 112.774 0
      vertex 13.8686 112.869 9
      vertex 13.9715 112.774 9
    endloop
  endfacet
  facet normal 0.678339 0.734749 0
    outer loop
      vertex 13.8686 112.869 9
      vertex 13.9715 112.774 0
      vertex 13.8686 112.869 0
    endloop
  endfacet
  facet normal 0.953583 -0.301131 0
    outer loop
      vertex 13.4545 114.414 9
      vertex 13.4965 114.547 0
      vertex 13.4965 114.547 9
    endloop
  endfacet
  facet normal 0.953583 -0.301131 0
    outer loop
      vertex 13.4965 114.547 0
      vertex 13.4545 114.414 9
      vertex 13.4545 114.414 0
    endloop
  endfacet
  facet normal 0.976221 0.216778 0
    outer loop
      vertex 13.4545 113.586 9
      vertex 13.4243 113.722 0
      vertex 13.4243 113.722 9
    endloop
  endfacet
  facet normal 0.976221 0.216778 0
    outer loop
      vertex 13.4243 113.722 0
      vertex 13.4545 113.586 9
      vertex 13.4545 113.586 0
    endloop
  endfacet
  facet normal -0.386138 0.922441 0
    outer loop
      vertex 15.6762 112.55 0
      vertex 15.5472 112.496 9
      vertex 15.6762 112.55 9
    endloop
  endfacet
  facet normal -0.386138 0.922441 0
    outer loop
      vertex 15.5472 112.496 9
      vertex 15.6762 112.55 0
      vertex 15.5472 112.496 0
    endloop
  endfacet
  facet normal 0.991537 0.129827 0
    outer loop
      vertex 13.4243 113.722 9
      vertex 13.4061 113.861 0
      vertex 13.4061 113.861 9
    endloop
  endfacet
  facet normal 0.991537 0.129827 0
    outer loop
      vertex 13.4061 113.861 0
      vertex 13.4243 113.722 9
      vertex 13.4243 113.722 0
    endloop
  endfacet
  facet normal -0.73757 -0.675271 0
    outer loop
      vertex 16.2257 115.028 0
      vertex 16.1314 115.131 9
      vertex 16.1314 115.131 0
    endloop
  endfacet
  facet normal -0.73757 -0.675271 0
    outer loop
      vertex 16.1314 115.131 9
      vertex 16.2257 115.028 0
      vertex 16.2257 115.028 9
    endloop
  endfacet
  facet normal 0.999038 0.0438427 0
    outer loop
      vertex 13.4061 113.861 9
      vertex 13.4 114 0
      vertex 13.4 114 9
    endloop
  endfacet
  facet normal 0.999038 0.0438427 0
    outer loop
      vertex 13.4 114 0
      vertex 13.4061 113.861 9
      vertex 13.4061 113.861 0
    endloop
  endfacet
  facet normal -0.459228 -0.888319 0
    outer loop
      vertex 15.6762 115.45 0
      vertex 15.8 115.386 9
      vertex 15.6762 115.45 9
    endloop
  endfacet
  facet normal -0.459228 -0.888319 -0
    outer loop
      vertex 15.8 115.386 9
      vertex 15.6762 115.45 0
      vertex 15.8 115.386 0
    endloop
  endfacet
  facet normal -0.537385 0.843337 0
    outer loop
      vertex 15.9177 112.689 0
      vertex 15.8 112.614 9
      vertex 15.9177 112.689 9
    endloop
  endfacet
  facet normal -0.537385 0.843337 0
    outer loop
      vertex 15.8 112.614 9
      vertex 15.9177 112.689 0
      vertex 15.8 112.614 0
    endloop
  endfacet
  facet normal 0.608672 0.793422 -0
    outer loop
      vertex 14.0823 112.689 0
      vertex 13.9715 112.774 9
      vertex 14.0823 112.689 9
    endloop
  endfacet
  facet normal 0.608672 0.793422 0
    outer loop
      vertex 13.9715 112.774 9
      vertex 14.0823 112.689 0
      vertex 13.9715 112.774 0
    endloop
  endfacet
  facet normal 0.991537 -0.129827 0
    outer loop
      vertex 13.4061 114.139 9
      vertex 13.4243 114.278 0
      vertex 13.4243 114.278 9
    endloop
  endfacet
  facet normal 0.991537 -0.129827 0
    outer loop
      vertex 13.4243 114.278 0
      vertex 13.4061 114.139 9
      vertex 13.4061 114.139 0
    endloop
  endfacet
  facet normal 0.221776 0.975098 -0
    outer loop
      vertex 14.7222 112.424 0
      vertex 14.5859 112.455 9
      vertex 14.7222 112.424 9
    endloop
  endfacet
  facet normal 0.221776 0.975098 0
    outer loop
      vertex 14.5859 112.455 9
      vertex 14.7222 112.424 0
      vertex 14.5859 112.455 0
    endloop
  endfacet
  facet normal 0.129063 0.991636 -0
    outer loop
      vertex 14.8605 112.406 0
      vertex 14.7222 112.424 9
      vertex 14.8605 112.406 9
    endloop
  endfacet
  facet normal 0.129063 0.991636 0
    outer loop
      vertex 14.7222 112.424 9
      vertex 14.8605 112.406 0
      vertex 14.7222 112.424 0
    endloop
  endfacet
  facet normal 0.608672 -0.793422 0
    outer loop
      vertex 13.9715 115.226 0
      vertex 14.0823 115.311 9
      vertex 13.9715 115.226 9
    endloop
  endfacet
  facet normal 0.608672 -0.793422 0
    outer loop
      vertex 14.0823 115.311 9
      vertex 13.9715 115.226 0
      vertex 14.0823 115.311 0
    endloop
  endfacet
  facet normal -0.73757 0.675271 0
    outer loop
      vertex 16.1314 112.869 0
      vertex 16.2257 112.972 9
      vertex 16.2257 112.972 0
    endloop
  endfacet
  facet normal -0.73757 0.675271 0
    outer loop
      vertex 16.2257 112.972 9
      vertex 16.1314 112.869 0
      vertex 16.1314 112.869 9
    endloop
  endfacet
  facet normal 0.678339 -0.734749 0
    outer loop
      vertex 13.8686 115.131 0
      vertex 13.9715 115.226 9
      vertex 13.8686 115.131 9
    endloop
  endfacet
  facet normal 0.678339 -0.734749 0
    outer loop
      vertex 13.9715 115.226 9
      vertex 13.8686 115.131 0
      vertex 13.9715 115.226 0
    endloop
  endfacet
  facet normal 0.459228 0.888319 -0
    outer loop
      vertex 14.3238 112.55 0
      vertex 14.2 112.614 9
      vertex 14.3238 112.55 9
    endloop
  endfacet
  facet normal 0.459228 0.888319 0
    outer loop
      vertex 14.2 112.614 9
      vertex 14.3238 112.55 0
      vertex 14.2 112.614 0
    endloop
  endfacet
  facet normal -0.608672 0.793422 0
    outer loop
      vertex 16.0285 112.774 0
      vertex 15.9177 112.689 9
      vertex 16.0285 112.774 9
    endloop
  endfacet
  facet normal -0.608672 0.793422 0
    outer loop
      vertex 15.9177 112.689 9
      vertex 16.0285 112.774 0
      vertex 15.9177 112.689 0
    endloop
  endfacet
  facet normal 0.294389 0.955686 -0
    outer loop
      vertex 14.5859 112.455 0
      vertex 14.4528 112.496 9
      vertex 14.5859 112.455 9
    endloop
  endfacet
  facet normal 0.294389 0.955686 0
    outer loop
      vertex 14.4528 112.496 9
      vertex 14.5859 112.455 0
      vertex 14.4528 112.496 0
    endloop
  endfacet
  facet normal -0.991636 -0.129063 0
    outer loop
      vertex 191.844 28.3895 0
      vertex 191.826 28.5278 9
      vertex 191.826 28.5278 0
    endloop
  endfacet
  facet normal -0.991636 -0.129063 0
    outer loop
      vertex 191.826 28.5278 9
      vertex 191.844 28.3895 0
      vertex 191.844 28.3895 9
    endloop
  endfacet
  facet normal -0.999076 -0.042971 0
    outer loop
      vertex 191.85 28.25 0
      vertex 191.844 28.3895 9
      vertex 191.844 28.3895 0
    endloop
  endfacet
  facet normal -0.999076 -0.042971 0
    outer loop
      vertex 191.844 28.3895 9
      vertex 191.85 28.25 0
      vertex 191.85 28.25 9
    endloop
  endfacet
  facet normal -0.975098 -0.221776 0
    outer loop
      vertex 191.826 28.5278 0
      vertex 191.795 28.6641 9
      vertex 191.795 28.6641 0
    endloop
  endfacet
  facet normal -0.975098 -0.221776 0
    outer loop
      vertex 191.795 28.6641 9
      vertex 191.826 28.5278 0
      vertex 191.826 28.5278 9
    endloop
  endfacet
  facet normal 0.975098 -0.221776 0
    outer loop
      vertex 188.674 28.5278 9
      vertex 188.705 28.6641 0
      vertex 188.705 28.6641 9
    endloop
  endfacet
  facet normal 0.975098 -0.221776 0
    outer loop
      vertex 188.705 28.6641 0
      vertex 188.674 28.5278 9
      vertex 188.674 28.5278 0
    endloop
  endfacet
  facet normal -0.793422 0.608672 0
    outer loop
      vertex 191.476 27.2215 0
      vertex 191.561 27.3323 9
      vertex 191.561 27.3323 0
    endloop
  endfacet
  facet normal -0.793422 0.608672 0
    outer loop
      vertex 191.561 27.3323 9
      vertex 191.476 27.2215 0
      vertex 191.476 27.2215 9
    endloop
  endfacet
  facet normal -0.793422 -0.608672 0
    outer loop
      vertex 191.561 29.1677 0
      vertex 191.476 29.2785 9
      vertex 191.476 29.2785 0
    endloop
  endfacet
  facet normal -0.793422 -0.608672 0
    outer loop
      vertex 191.476 29.2785 9
      vertex 191.561 29.1677 0
      vertex 191.561 29.1677 9
    endloop
  endfacet
  facet normal -0.536413 -0.843956 0
    outer loop
      vertex 191.05 29.6356 0
      vertex 191.168 29.5606 9
      vertex 191.05 29.6356 9
    endloop
  endfacet
  facet normal -0.536413 -0.843956 -0
    outer loop
      vertex 191.168 29.5606 9
      vertex 191.05 29.6356 0
      vertex 191.168 29.5606 0
    endloop
  endfacet
  facet normal -0.301131 0.953583 0
    outer loop
      vertex 190.797 26.7465 0
      vertex 190.664 26.7045 9
      vertex 190.797 26.7465 9
    endloop
  endfacet
  facet normal -0.301131 0.953583 0
    outer loop
      vertex 190.664 26.7045 9
      vertex 190.797 26.7465 0
      vertex 190.664 26.7045 0
    endloop
  endfacet
  facet normal -0.975098 0.221776 0
    outer loop
      vertex 191.795 27.8359 0
      vertex 191.826 27.9722 9
      vertex 191.826 27.9722 0
    endloop
  endfacet
  facet normal -0.975098 0.221776 0
    outer loop
      vertex 191.826 27.9722 9
      vertex 191.795 27.8359 0
      vertex 191.795 27.8359 9
    endloop
  endfacet
  facet normal 0.922441 -0.386138 0
    outer loop
      vertex 188.746 28.7972 9
      vertex 188.8 28.9262 0
      vertex 188.8 28.9262 9
    endloop
  endfacet
  facet normal 0.922441 -0.386138 0
    outer loop
      vertex 188.8 28.9262 0
      vertex 188.746 28.7972 9
      vertex 188.746 28.7972 0
    endloop
  endfacet
  facet normal 0.922441 0.386138 0
    outer loop
      vertex 188.8 27.5738 9
      vertex 188.746 27.7028 0
      vertex 188.746 27.7028 9
    endloop
  endfacet
  facet normal 0.922441 0.386138 0
    outer loop
      vertex 188.746 27.7028 0
      vertex 188.8 27.5738 9
      vertex 188.8 27.5738 0
    endloop
  endfacet
  facet normal 0.216778 -0.976221 0
    outer loop
      vertex 189.836 29.7955 0
      vertex 189.972 29.8257 9
      vertex 189.836 29.7955 9
    endloop
  endfacet
  facet normal 0.216778 -0.976221 0
    outer loop
      vertex 189.972 29.8257 9
      vertex 189.836 29.7955 0
      vertex 189.972 29.8257 0
    endloop
  endfacet
  facet normal -0.301131 -0.953583 0
    outer loop
      vertex 190.664 29.7955 0
      vertex 190.797 29.7535 9
      vertex 190.664 29.7955 9
    endloop
  endfacet
  facet normal -0.301131 -0.953583 -0
    outer loop
      vertex 190.797 29.7535 9
      vertex 190.664 29.7955 0
      vertex 190.797 29.7535 0
    endloop
  endfacet
  facet normal -0.129827 -0.991537 0
    outer loop
      vertex 190.389 29.8439 0
      vertex 190.528 29.8257 9
      vertex 190.389 29.8439 9
    endloop
  endfacet
  facet normal -0.129827 -0.991537 -0
    outer loop
      vertex 190.528 29.8257 9
      vertex 190.389 29.8439 0
      vertex 190.528 29.8257 0
    endloop
  endfacet
  facet normal 0.536413 -0.843956 0
    outer loop
      vertex 189.332 29.5606 0
      vertex 189.45 29.6356 9
      vertex 189.332 29.5606 9
    endloop
  endfacet
  facet normal 0.536413 -0.843956 0
    outer loop
      vertex 189.45 29.6356 9
      vertex 189.332 29.5606 0
      vertex 189.45 29.6356 0
    endloop
  endfacet
  facet normal 0.843337 -0.537385 0
    outer loop
      vertex 188.864 29.05 9
      vertex 188.939 29.1677 0
      vertex 188.939 29.1677 9
    endloop
  endfacet
  facet normal 0.843337 -0.537385 0
    outer loop
      vertex 188.939 29.1677 0
      vertex 188.864 29.05 9
      vertex 188.864 29.05 0
    endloop
  endfacet
  facet normal 0.793422 0.608672 0
    outer loop
      vertex 189.024 27.2215 9
      vertex 188.939 27.3323 0
      vertex 188.939 27.3323 9
    endloop
  endfacet
  facet normal 0.793422 0.608672 0
    outer loop
      vertex 188.939 27.3323 0
      vertex 189.024 27.2215 9
      vertex 189.024 27.2215 0
    endloop
  endfacet
  facet normal 0.301131 -0.953583 0
    outer loop
      vertex 189.703 29.7535 0
      vertex 189.836 29.7955 9
      vertex 189.703 29.7535 9
    endloop
  endfacet
  facet normal 0.301131 -0.953583 0
    outer loop
      vertex 189.836 29.7955 9
      vertex 189.703 29.7535 0
      vertex 189.836 29.7955 0
    endloop
  endfacet
  facet normal -0.675271 -0.73757 0
    outer loop
      vertex 191.278 29.4757 0
      vertex 191.381 29.3814 9
      vertex 191.278 29.4757 9
    endloop
  endfacet
  facet normal -0.675271 -0.73757 -0
    outer loop
      vertex 191.381 29.3814 9
      vertex 191.278 29.4757 0
      vertex 191.381 29.3814 0
    endloop
  endfacet
  facet normal -0.0438427 -0.999038 0
    outer loop
      vertex 190.25 29.85 0
      vertex 190.389 29.8439 9
      vertex 190.25 29.85 9
    endloop
  endfacet
  facet normal -0.0438427 -0.999038 -0
    outer loop
      vertex 190.389 29.8439 9
      vertex 190.25 29.85 0
      vertex 190.389 29.8439 0
    endloop
  endfacet
  facet normal -0.216778 0.976221 0
    outer loop
      vertex 190.664 26.7045 0
      vertex 190.528 26.6743 9
      vertex 190.664 26.7045 9
    endloop
  endfacet
  facet normal -0.216778 0.976221 0
    outer loop
      vertex 190.528 26.6743 9
      vertex 190.664 26.7045 0
      vertex 190.528 26.6743 0
    endloop
  endfacet
  facet normal -0.610997 -0.791633 0
    outer loop
      vertex 191.168 29.5606 0
      vertex 191.278 29.4757 9
      vertex 191.168 29.5606 9
    endloop
  endfacet
  facet normal -0.610997 -0.791633 -0
    outer loop
      vertex 191.278 29.4757 9
      vertex 191.168 29.5606 0
      vertex 191.278 29.4757 0
    endloop
  endfacet
  facet normal -0.843337 -0.537385 0
    outer loop
      vertex 191.636 29.05 0
      vertex 191.561 29.1677 9
      vertex 191.561 29.1677 0
    endloop
  endfacet
  facet normal -0.843337 -0.537385 0
    outer loop
      vertex 191.561 29.1677 9
      vertex 191.636 29.05 0
      vertex 191.636 29.05 9
    endloop
  endfacet
  facet normal 0.129827 -0.991537 0
    outer loop
      vertex 189.972 29.8257 0
      vertex 190.111 29.8439 9
      vertex 189.972 29.8257 9
    endloop
  endfacet
  facet normal 0.129827 -0.991537 0
    outer loop
      vertex 190.111 29.8439 9
      vertex 189.972 29.8257 0
      vertex 190.111 29.8439 0
    endloop
  endfacet
  facet normal -0.216778 -0.976221 0
    outer loop
      vertex 190.528 29.8257 0
      vertex 190.664 29.7955 9
      vertex 190.528 29.8257 9
    endloop
  endfacet
  facet normal -0.216778 -0.976221 -0
    outer loop
      vertex 190.664 29.7955 9
      vertex 190.528 29.8257 0
      vertex 190.664 29.7955 0
    endloop
  endfacet
  facet normal 0.955686 0.294389 0
    outer loop
      vertex 188.746 27.7028 9
      vertex 188.705 27.8359 0
      vertex 188.705 27.8359 9
    endloop
  endfacet
  facet normal 0.955686 0.294389 0
    outer loop
      vertex 188.705 27.8359 0
      vertex 188.746 27.7028 9
      vertex 188.746 27.7028 0
    endloop
  endfacet
  facet normal 0.382478 -0.923964 0
    outer loop
      vertex 189.574 29.7001 0
      vertex 189.703 29.7535 9
      vertex 189.574 29.7001 9
    endloop
  endfacet
  facet normal 0.382478 -0.923964 0
    outer loop
      vertex 189.703 29.7535 9
      vertex 189.574 29.7001 0
      vertex 189.703 29.7535 0
    endloop
  endfacet
  facet normal 0.0438427 -0.999038 0
    outer loop
      vertex 190.111 29.8439 0
      vertex 190.25 29.85 9
      vertex 190.111 29.8439 9
    endloop
  endfacet
  facet normal 0.0438427 -0.999038 0
    outer loop
      vertex 190.25 29.85 9
      vertex 190.111 29.8439 0
      vertex 190.25 29.85 0
    endloop
  endfacet
  facet normal -0.675271 0.73757 0
    outer loop
      vertex 191.381 27.1186 0
      vertex 191.278 27.0243 9
      vertex 191.381 27.1186 9
    endloop
  endfacet
  facet normal -0.675271 0.73757 0
    outer loop
      vertex 191.278 27.0243 9
      vertex 191.381 27.1186 0
      vertex 191.278 27.0243 0
    endloop
  endfacet
  facet normal -0.888319 0.459228 0
    outer loop
      vertex 191.636 27.45 0
      vertex 191.7 27.5738 9
      vertex 191.7 27.5738 0
    endloop
  endfacet
  facet normal -0.888319 0.459228 0
    outer loop
      vertex 191.7 27.5738 9
      vertex 191.636 27.45 0
      vertex 191.636 27.45 9
    endloop
  endfacet
  facet normal 0.955686 -0.294389 0
    outer loop
      vertex 188.705 28.6641 9
      vertex 188.746 28.7972 0
      vertex 188.746 28.7972 9
    endloop
  endfacet
  facet normal 0.955686 -0.294389 0
    outer loop
      vertex 188.746 28.7972 0
      vertex 188.705 28.6641 9
      vertex 188.705 28.6641 0
    endloop
  endfacet
  facet normal 0.536413 0.843956 -0
    outer loop
      vertex 189.45 26.8644 0
      vertex 189.332 26.9394 9
      vertex 189.45 26.8644 9
    endloop
  endfacet
  facet normal 0.536413 0.843956 0
    outer loop
      vertex 189.332 26.9394 9
      vertex 189.45 26.8644 0
      vertex 189.332 26.9394 0
    endloop
  endfacet
  facet normal 0.382478 0.923964 -0
    outer loop
      vertex 189.703 26.7465 0
      vertex 189.574 26.7999 9
      vertex 189.703 26.7465 9
    endloop
  endfacet
  facet normal 0.382478 0.923964 0
    outer loop
      vertex 189.574 26.7999 9
      vertex 189.703 26.7465 0
      vertex 189.574 26.7999 0
    endloop
  endfacet
  facet normal -0.461465 0.887158 0
    outer loop
      vertex 191.05 26.8644 0
      vertex 190.926 26.7999 9
      vertex 191.05 26.8644 9
    endloop
  endfacet
  facet normal -0.461465 0.887158 0
    outer loop
      vertex 190.926 26.7999 9
      vertex 191.05 26.8644 0
      vertex 190.926 26.7999 0
    endloop
  endfacet
  facet normal -0.922441 -0.386138 0
    outer loop
      vertex 191.754 28.7972 0
      vertex 191.7 28.9262 9
      vertex 191.7 28.9262 0
    endloop
  endfacet
  facet normal -0.922441 -0.386138 0
    outer loop
      vertex 191.7 28.9262 9
      vertex 191.754 28.7972 0
      vertex 191.754 28.7972 9
    endloop
  endfacet
  facet normal -0.843337 0.537385 0
    outer loop
      vertex 191.561 27.3323 0
      vertex 191.636 27.45 9
      vertex 191.636 27.45 0
    endloop
  endfacet
  facet normal -0.843337 0.537385 0
    outer loop
      vertex 191.636 27.45 9
      vertex 191.561 27.3323 0
      vertex 191.561 27.3323 9
    endloop
  endfacet
  facet normal 0.734749 0.678339 0
    outer loop
      vertex 189.119 27.1186 9
      vertex 189.024 27.2215 0
      vertex 189.024 27.2215 9
    endloop
  endfacet
  facet normal 0.734749 0.678339 0
    outer loop
      vertex 189.024 27.2215 0
      vertex 189.119 27.1186 9
      vertex 189.119 27.1186 0
    endloop
  endfacet
  facet normal -0.955686 0.294389 0
    outer loop
      vertex 191.754 27.7028 0
      vertex 191.795 27.8359 9
      vertex 191.795 27.8359 0
    endloop
  endfacet
  facet normal -0.955686 0.294389 0
    outer loop
      vertex 191.795 27.8359 9
      vertex 191.754 27.7028 0
      vertex 191.754 27.7028 9
    endloop
  endfacet
  facet normal -0.955686 -0.294389 0
    outer loop
      vertex 191.795 28.6641 0
      vertex 191.754 28.7972 9
      vertex 191.754 28.7972 0
    endloop
  endfacet
  facet normal -0.955686 -0.294389 0
    outer loop
      vertex 191.754 28.7972 9
      vertex 191.795 28.6641 0
      vertex 191.795 28.6641 9
    endloop
  endfacet
  facet normal -0.991636 0.129063 0
    outer loop
      vertex 191.826 27.9722 0
      vertex 191.844 28.1105 9
      vertex 191.844 28.1105 0
    endloop
  endfacet
  facet normal -0.991636 0.129063 0
    outer loop
      vertex 191.844 28.1105 9
      vertex 191.826 27.9722 0
      vertex 191.826 27.9722 9
    endloop
  endfacet
  facet normal -0.999076 0.042971 0
    outer loop
      vertex 191.844 28.1105 0
      vertex 191.85 28.25 9
      vertex 191.85 28.25 0
    endloop
  endfacet
  facet normal -0.999076 0.042971 0
    outer loop
      vertex 191.85 28.25 9
      vertex 191.844 28.1105 0
      vertex 191.844 28.1105 9
    endloop
  endfacet
  facet normal -0.888319 -0.459228 0
    outer loop
      vertex 191.7 28.9262 0
      vertex 191.636 29.05 9
      vertex 191.636 29.05 0
    endloop
  endfacet
  facet normal -0.888319 -0.459228 0
    outer loop
      vertex 191.636 29.05 9
      vertex 191.7 28.9262 0
      vertex 191.7 28.9262 9
    endloop
  endfacet
  facet normal -0.922441 0.386138 0
    outer loop
      vertex 191.7 27.5738 0
      vertex 191.754 27.7028 9
      vertex 191.754 27.7028 0
    endloop
  endfacet
  facet normal -0.922441 0.386138 0
    outer loop
      vertex 191.754 27.7028 9
      vertex 191.7 27.5738 0
      vertex 191.7 27.5738 9
    endloop
  endfacet
  facet normal -0.129827 0.991537 0
    outer loop
      vertex 190.528 26.6743 0
      vertex 190.389 26.6561 9
      vertex 190.528 26.6743 9
    endloop
  endfacet
  facet normal -0.129827 0.991537 0
    outer loop
      vertex 190.389 26.6561 9
      vertex 190.528 26.6743 0
      vertex 190.389 26.6561 0
    endloop
  endfacet
  facet normal 0.0438427 0.999038 -0
    outer loop
      vertex 190.25 26.65 0
      vertex 190.111 26.6561 9
      vertex 190.25 26.65 9
    endloop
  endfacet
  facet normal 0.0438427 0.999038 0
    outer loop
      vertex 190.111 26.6561 9
      vertex 190.25 26.65 0
      vertex 190.111 26.6561 0
    endloop
  endfacet
  facet normal 0.461465 -0.887158 0
    outer loop
      vertex 189.45 29.6356 0
      vertex 189.574 29.7001 9
      vertex 189.45 29.6356 9
    endloop
  endfacet
  facet normal 0.461465 -0.887158 0
    outer loop
      vertex 189.574 29.7001 9
      vertex 189.45 29.6356 0
      vertex 189.574 29.7001 0
    endloop
  endfacet
  facet normal -0.382478 -0.923964 0
    outer loop
      vertex 190.797 29.7535 0
      vertex 190.926 29.7001 9
      vertex 190.797 29.7535 9
    endloop
  endfacet
  facet normal -0.382478 -0.923964 -0
    outer loop
      vertex 190.926 29.7001 9
      vertex 190.797 29.7535 0
      vertex 190.926 29.7001 0
    endloop
  endfacet
  facet normal -0.0438427 0.999038 0
    outer loop
      vertex 190.389 26.6561 0
      vertex 190.25 26.65 9
      vertex 190.389 26.6561 9
    endloop
  endfacet
  facet normal -0.0438427 0.999038 0
    outer loop
      vertex 190.25 26.65 9
      vertex 190.389 26.6561 0
      vertex 190.25 26.65 0
    endloop
  endfacet
  facet normal 0.888319 0.459228 0
    outer loop
      vertex 188.864 27.45 9
      vertex 188.8 27.5738 0
      vertex 188.8 27.5738 9
    endloop
  endfacet
  facet normal 0.888319 0.459228 0
    outer loop
      vertex 188.8 27.5738 0
      vertex 188.864 27.45 9
      vertex 188.864 27.45 0
    endloop
  endfacet
  facet normal 0.734749 -0.678339 0
    outer loop
      vertex 189.024 29.2785 9
      vertex 189.119 29.3814 0
      vertex 189.119 29.3814 9
    endloop
  endfacet
  facet normal 0.734749 -0.678339 0
    outer loop
      vertex 189.119 29.3814 0
      vertex 189.024 29.2785 9
      vertex 189.024 29.2785 0
    endloop
  endfacet
  facet normal 0.843337 0.537385 0
    outer loop
      vertex 188.939 27.3323 9
      vertex 188.864 27.45 0
      vertex 188.864 27.45 9
    endloop
  endfacet
  facet normal 0.843337 0.537385 0
    outer loop
      vertex 188.864 27.45 0
      vertex 188.939 27.3323 9
      vertex 188.939 27.3323 0
    endloop
  endfacet
  facet normal 0.793422 -0.608672 0
    outer loop
      vertex 188.939 29.1677 9
      vertex 189.024 29.2785 0
      vertex 189.024 29.2785 9
    endloop
  endfacet
  facet normal 0.793422 -0.608672 0
    outer loop
      vertex 189.024 29.2785 0
      vertex 188.939 29.1677 9
      vertex 188.939 29.1677 0
    endloop
  endfacet
  facet normal 0.999076 -0.042971 0
    outer loop
      vertex 188.65 28.25 9
      vertex 188.656 28.3895 0
      vertex 188.656 28.3895 9
    endloop
  endfacet
  facet normal 0.999076 -0.042971 0
    outer loop
      vertex 188.656 28.3895 0
      vertex 188.65 28.25 9
      vertex 188.65 28.25 0
    endloop
  endfacet
  facet normal 0.888319 -0.459228 0
    outer loop
      vertex 188.8 28.9262 9
      vertex 188.864 29.05 0
      vertex 188.864 29.05 9
    endloop
  endfacet
  facet normal 0.888319 -0.459228 0
    outer loop
      vertex 188.864 29.05 0
      vertex 188.8 28.9262 9
      vertex 188.8 28.9262 0
    endloop
  endfacet
  facet normal 0.675271 0.73757 -0
    outer loop
      vertex 189.222 27.0243 0
      vertex 189.119 27.1186 9
      vertex 189.222 27.0243 9
    endloop
  endfacet
  facet normal 0.675271 0.73757 0
    outer loop
      vertex 189.119 27.1186 9
      vertex 189.222 27.0243 0
      vertex 189.119 27.1186 0
    endloop
  endfacet
  facet normal 0.975098 0.221776 0
    outer loop
      vertex 188.705 27.8359 9
      vertex 188.674 27.9722 0
      vertex 188.674 27.9722 9
    endloop
  endfacet
  facet normal 0.975098 0.221776 0
    outer loop
      vertex 188.674 27.9722 0
      vertex 188.705 27.8359 9
      vertex 188.705 27.8359 0
    endloop
  endfacet
  facet normal -0.382478 0.923964 0
    outer loop
      vertex 190.926 26.7999 0
      vertex 190.797 26.7465 9
      vertex 190.926 26.7999 9
    endloop
  endfacet
  facet normal -0.382478 0.923964 0
    outer loop
      vertex 190.797 26.7465 9
      vertex 190.926 26.7999 0
      vertex 190.797 26.7465 0
    endloop
  endfacet
  facet normal 0.991636 0.129063 0
    outer loop
      vertex 188.674 27.9722 9
      vertex 188.656 28.1105 0
      vertex 188.656 28.1105 9
    endloop
  endfacet
  facet normal 0.991636 0.129063 0
    outer loop
      vertex 188.656 28.1105 0
      vertex 188.674 27.9722 9
      vertex 188.674 27.9722 0
    endloop
  endfacet
  facet normal -0.734749 -0.678339 0
    outer loop
      vertex 191.476 29.2785 0
      vertex 191.381 29.3814 9
      vertex 191.381 29.3814 0
    endloop
  endfacet
  facet normal -0.734749 -0.678339 0
    outer loop
      vertex 191.381 29.3814 9
      vertex 191.476 29.2785 0
      vertex 191.476 29.2785 9
    endloop
  endfacet
  facet normal 0.999076 0.042971 0
    outer loop
      vertex 188.656 28.1105 9
      vertex 188.65 28.25 0
      vertex 188.65 28.25 9
    endloop
  endfacet
  facet normal 0.999076 0.042971 0
    outer loop
      vertex 188.65 28.25 0
      vertex 188.656 28.1105 9
      vertex 188.656 28.1105 0
    endloop
  endfacet
  facet normal -0.461465 -0.887158 0
    outer loop
      vertex 190.926 29.7001 0
      vertex 191.05 29.6356 9
      vertex 190.926 29.7001 9
    endloop
  endfacet
  facet normal -0.461465 -0.887158 -0
    outer loop
      vertex 191.05 29.6356 9
      vertex 190.926 29.7001 0
      vertex 191.05 29.6356 0
    endloop
  endfacet
  facet normal -0.536413 0.843956 0
    outer loop
      vertex 191.168 26.9394 0
      vertex 191.05 26.8644 9
      vertex 191.168 26.9394 9
    endloop
  endfacet
  facet normal -0.536413 0.843956 0
    outer loop
      vertex 191.05 26.8644 9
      vertex 191.168 26.9394 0
      vertex 191.05 26.8644 0
    endloop
  endfacet
  facet normal 0.610997 0.791633 -0
    outer loop
      vertex 189.332 26.9394 0
      vertex 189.222 27.0243 9
      vertex 189.332 26.9394 9
    endloop
  endfacet
  facet normal 0.610997 0.791633 0
    outer loop
      vertex 189.222 27.0243 9
      vertex 189.332 26.9394 0
      vertex 189.222 27.0243 0
    endloop
  endfacet
  facet normal 0.991636 -0.129063 0
    outer loop
      vertex 188.656 28.3895 9
      vertex 188.674 28.5278 0
      vertex 188.674 28.5278 9
    endloop
  endfacet
  facet normal 0.991636 -0.129063 0
    outer loop
      vertex 188.674 28.5278 0
      vertex 188.656 28.3895 9
      vertex 188.656 28.3895 0
    endloop
  endfacet
  facet normal 0.216778 0.976221 -0
    outer loop
      vertex 189.972 26.6743 0
      vertex 189.836 26.7045 9
      vertex 189.972 26.6743 9
    endloop
  endfacet
  facet normal 0.216778 0.976221 0
    outer loop
      vertex 189.836 26.7045 9
      vertex 189.972 26.6743 0
      vertex 189.836 26.7045 0
    endloop
  endfacet
  facet normal 0.129827 0.991537 -0
    outer loop
      vertex 190.111 26.6561 0
      vertex 189.972 26.6743 9
      vertex 190.111 26.6561 9
    endloop
  endfacet
  facet normal 0.129827 0.991537 0
    outer loop
      vertex 189.972 26.6743 9
      vertex 190.111 26.6561 0
      vertex 189.972 26.6743 0
    endloop
  endfacet
  facet normal 0.610997 -0.791633 0
    outer loop
      vertex 189.222 29.4757 0
      vertex 189.332 29.5606 9
      vertex 189.222 29.4757 9
    endloop
  endfacet
  facet normal 0.610997 -0.791633 0
    outer loop
      vertex 189.332 29.5606 9
      vertex 189.222 29.4757 0
      vertex 189.332 29.5606 0
    endloop
  endfacet
  facet normal -0.734749 0.678339 0
    outer loop
      vertex 191.381 27.1186 0
      vertex 191.476 27.2215 9
      vertex 191.476 27.2215 0
    endloop
  endfacet
  facet normal -0.734749 0.678339 0
    outer loop
      vertex 191.476 27.2215 9
      vertex 191.381 27.1186 0
      vertex 191.381 27.1186 9
    endloop
  endfacet
  facet normal 0.675271 -0.73757 0
    outer loop
      vertex 189.119 29.3814 0
      vertex 189.222 29.4757 9
      vertex 189.119 29.3814 9
    endloop
  endfacet
  facet normal 0.675271 -0.73757 0
    outer loop
      vertex 189.222 29.4757 9
      vertex 189.119 29.3814 0
      vertex 189.222 29.4757 0
    endloop
  endfacet
  facet normal 0.461465 0.887158 -0
    outer loop
      vertex 189.574 26.7999 0
      vertex 189.45 26.8644 9
      vertex 189.574 26.7999 9
    endloop
  endfacet
  facet normal 0.461465 0.887158 0
    outer loop
      vertex 189.45 26.8644 9
      vertex 189.574 26.7999 0
      vertex 189.45 26.8644 0
    endloop
  endfacet
  facet normal -0.610997 0.791633 0
    outer loop
      vertex 191.278 27.0243 0
      vertex 191.168 26.9394 9
      vertex 191.278 27.0243 9
    endloop
  endfacet
  facet normal -0.610997 0.791633 0
    outer loop
      vertex 191.168 26.9394 9
      vertex 191.278 27.0243 0
      vertex 191.168 26.9394 0
    endloop
  endfacet
  facet normal 0.301131 0.953583 -0
    outer loop
      vertex 189.836 26.7045 0
      vertex 189.703 26.7465 9
      vertex 189.836 26.7045 9
    endloop
  endfacet
  facet normal 0.301131 0.953583 0
    outer loop
      vertex 189.703 26.7465 9
      vertex 189.836 26.7045 0
      vertex 189.703 26.7465 0
    endloop
  endfacet
  facet normal -0.991452 -0.130473 0
    outer loop
      vertex 19.3439 28.3895 0
      vertex 19.3257 28.5278 9
      vertex 19.3257 28.5278 0
    endloop
  endfacet
  facet normal -0.991452 -0.130473 0
    outer loop
      vertex 19.3257 28.5278 9
      vertex 19.3439 28.3895 0
      vertex 19.3439 28.3895 9
    endloop
  endfacet
  facet normal -0.999045 -0.0436859 0
    outer loop
      vertex 19.35 28.25 0
      vertex 19.3439 28.3895 9
      vertex 19.3439 28.3895 0
    endloop
  endfacet
  facet normal -0.999045 -0.0436859 0
    outer loop
      vertex 19.3439 28.3895 9
      vertex 19.35 28.25 0
      vertex 19.35 28.25 9
    endloop
  endfacet
  facet normal -0.976322 -0.216324 0
    outer loop
      vertex 19.3257 28.5278 0
      vertex 19.2955 28.6641 9
      vertex 19.2955 28.6641 0
    endloop
  endfacet
  facet normal -0.976322 -0.216324 0
    outer loop
      vertex 19.2955 28.6641 9
      vertex 19.3257 28.5278 0
      vertex 19.3257 28.5278 9
    endloop
  endfacet
  facet normal 0.976322 -0.216324 0
    outer loop
      vertex 16.1743 28.5278 9
      vertex 16.2045 28.6641 0
      vertex 16.2045 28.6641 9
    endloop
  endfacet
  facet normal 0.976322 -0.216324 0
    outer loop
      vertex 16.2045 28.6641 0
      vertex 16.1743 28.5278 9
      vertex 16.1743 28.5278 0
    endloop
  endfacet
  facet normal -0.793768 0.608221 0
    outer loop
      vertex 18.9757 27.2215 0
      vertex 19.0606 27.3323 9
      vertex 19.0606 27.3323 0
    endloop
  endfacet
  facet normal -0.793768 0.608221 0
    outer loop
      vertex 19.0606 27.3323 9
      vertex 18.9757 27.2215 0
      vertex 18.9757 27.2215 9
    endloop
  endfacet
  facet normal -0.793768 -0.608221 0
    outer loop
      vertex 19.0606 29.1677 0
      vertex 18.9757 29.2785 9
      vertex 18.9757 29.2785 0
    endloop
  endfacet
  facet normal -0.793768 -0.608221 0
    outer loop
      vertex 18.9757 29.2785 9
      vertex 19.0606 29.1677 0
      vertex 19.0606 29.1677 9
    endloop
  endfacet
  facet normal -0.537385 -0.843337 0
    outer loop
      vertex 18.55 29.6356 0
      vertex 18.6677 29.5606 9
      vertex 18.55 29.6356 9
    endloop
  endfacet
  facet normal -0.537385 -0.843337 -0
    outer loop
      vertex 18.6677 29.5606 9
      vertex 18.55 29.6356 0
      vertex 18.6677 29.5606 0
    endloop
  endfacet
  facet normal -0.300926 0.953648 0
    outer loop
      vertex 18.2972 26.7465 0
      vertex 18.1641 26.7045 9
      vertex 18.2972 26.7465 9
    endloop
  endfacet
  facet normal -0.300926 0.953648 0
    outer loop
      vertex 18.1641 26.7045 9
      vertex 18.2972 26.7465 0
      vertex 18.1641 26.7045 0
    endloop
  endfacet
  facet normal -0.976322 0.216324 0
    outer loop
      vertex 19.2955 27.8359 0
      vertex 19.3257 27.9722 9
      vertex 19.3257 27.9722 0
    endloop
  endfacet
  facet normal -0.976322 0.216324 0
    outer loop
      vertex 19.3257 27.9722 9
      vertex 19.2955 27.8359 0
      vertex 19.2955 27.8359 9
    endloop
  endfacet
  facet normal 0.923964 -0.382478 0
    outer loop
      vertex 16.2465 28.7972 9
      vertex 16.2999 28.9262 0
      vertex 16.2999 28.9262 9
    endloop
  endfacet
  facet normal 0.923964 -0.382478 0
    outer loop
      vertex 16.2999 28.9262 0
      vertex 16.2465 28.7972 9
      vertex 16.2465 28.7972 0
    endloop
  endfacet
  facet normal 0.923964 0.382478 0
    outer loop
      vertex 16.2999 27.5738 9
      vertex 16.2465 27.7028 0
      vertex 16.2465 27.7028 9
    endloop
  endfacet
  facet normal 0.923964 0.382478 0
    outer loop
      vertex 16.2465 27.7028 0
      vertex 16.2999 27.5738 9
      vertex 16.2999 27.5738 0
    endloop
  endfacet
  facet normal 0.216324 -0.976322 0
    outer loop
      vertex 17.3359 29.7955 0
      vertex 17.4722 29.8257 9
      vertex 17.3359 29.7955 9
    endloop
  endfacet
  facet normal 0.216324 -0.976322 0
    outer loop
      vertex 17.4722 29.8257 9
      vertex 17.3359 29.7955 0
      vertex 17.4722 29.8257 0
    endloop
  endfacet
  facet normal -0.300926 -0.953648 0
    outer loop
      vertex 18.1641 29.7955 0
      vertex 18.2972 29.7535 9
      vertex 18.1641 29.7955 9
    endloop
  endfacet
  facet normal -0.300926 -0.953648 -0
    outer loop
      vertex 18.2972 29.7535 9
      vertex 18.1641 29.7955 0
      vertex 18.2972 29.7535 0
    endloop
  endfacet
  facet normal -0.130473 -0.991452 0
    outer loop
      vertex 17.8895 29.8439 0
      vertex 18.0278 29.8257 9
      vertex 17.8895 29.8439 9
    endloop
  endfacet
  facet normal -0.130473 -0.991452 -0
    outer loop
      vertex 18.0278 29.8257 9
      vertex 17.8895 29.8439 0
      vertex 18.0278 29.8257 0
    endloop
  endfacet
  facet normal 0.537385 -0.843337 0
    outer loop
      vertex 16.8323 29.5606 0
      vertex 16.95 29.6356 9
      vertex 16.8323 29.5606 9
    endloop
  endfacet
  facet normal 0.537385 -0.843337 0
    outer loop
      vertex 16.95 29.6356 9
      vertex 16.8323 29.5606 0
      vertex 16.95 29.6356 0
    endloop
  endfacet
  facet normal 0.843337 -0.537385 0
    outer loop
      vertex 16.3644 29.05 9
      vertex 16.4394 29.1677 0
      vertex 16.4394 29.1677 9
    endloop
  endfacet
  facet normal 0.843337 -0.537385 0
    outer loop
      vertex 16.4394 29.1677 0
      vertex 16.3644 29.05 9
      vertex 16.3644 29.05 0
    endloop
  endfacet
  facet normal 0.793768 0.608221 0
    outer loop
      vertex 16.5243 27.2215 9
      vertex 16.4394 27.3323 0
      vertex 16.4394 27.3323 9
    endloop
  endfacet
  facet normal 0.793768 0.608221 0
    outer loop
      vertex 16.4394 27.3323 0
      vertex 16.5243 27.2215 9
      vertex 16.5243 27.2215 0
    endloop
  endfacet
  facet normal 0.300926 -0.953648 0
    outer loop
      vertex 17.2028 29.7535 0
      vertex 17.3359 29.7955 9
      vertex 17.2028 29.7535 9
    endloop
  endfacet
  facet normal 0.300926 -0.953648 0
    outer loop
      vertex 17.3359 29.7955 9
      vertex 17.2028 29.7535 0
      vertex 17.3359 29.7955 0
    endloop
  endfacet
  facet normal -0.675627 -0.737243 0
    outer loop
      vertex 18.7785 29.4757 0
      vertex 18.8814 29.3814 9
      vertex 18.7785 29.4757 9
    endloop
  endfacet
  facet normal -0.675627 -0.737243 -0
    outer loop
      vertex 18.8814 29.3814 9
      vertex 18.7785 29.4757 0
      vertex 18.8814 29.3814 0
    endloop
  endfacet
  facet normal -0.382478 0.923964 0
    outer loop
      vertex 18.4262 26.7999 0
      vertex 18.2972 26.7465 9
      vertex 18.4262 26.7999 9
    endloop
  endfacet
  facet normal -0.382478 0.923964 0
    outer loop
      vertex 18.2972 26.7465 9
      vertex 18.4262 26.7999 0
      vertex 18.2972 26.7465 0
    endloop
  endfacet
  facet normal -0.0436859 -0.999045 0
    outer loop
      vertex 17.75 29.85 0
      vertex 17.8895 29.8439 9
      vertex 17.75 29.85 9
    endloop
  endfacet
  facet normal -0.0436859 -0.999045 -0
    outer loop
      vertex 17.8895 29.8439 9
      vertex 17.75 29.85 0
      vertex 17.8895 29.8439 0
    endloop
  endfacet
  facet normal -0.216324 0.976322 0
    outer loop
      vertex 18.1641 26.7045 0
      vertex 18.0278 26.6743 9
      vertex 18.1641 26.7045 9
    endloop
  endfacet
  facet normal -0.216324 0.976322 0
    outer loop
      vertex 18.0278 26.6743 9
      vertex 18.1641 26.7045 0
      vertex 18.0278 26.6743 0
    endloop
  endfacet
  facet normal -0.843337 -0.537385 0
    outer loop
      vertex 19.1356 29.05 0
      vertex 19.0606 29.1677 9
      vertex 19.0606 29.1677 0
    endloop
  endfacet
  facet normal -0.843337 -0.537385 0
    outer loop
      vertex 19.0606 29.1677 9
      vertex 19.1356 29.05 0
      vertex 19.1356 29.05 9
    endloop
  endfacet
  facet normal 0.130473 -0.991452 0
    outer loop
      vertex 17.4722 29.8257 0
      vertex 17.6105 29.8439 9
      vertex 17.4722 29.8257 9
    endloop
  endfacet
  facet normal 0.130473 -0.991452 0
    outer loop
      vertex 17.6105 29.8439 9
      vertex 17.4722 29.8257 0
      vertex 17.6105 29.8439 0
    endloop
  endfacet
  facet normal -0.216324 -0.976322 0
    outer loop
      vertex 18.0278 29.8257 0
      vertex 18.1641 29.7955 9
      vertex 18.0278 29.8257 9
    endloop
  endfacet
  facet normal -0.216324 -0.976322 -0
    outer loop
      vertex 18.1641 29.7955 9
      vertex 18.0278 29.8257 0
      vertex 18.1641 29.7955 0
    endloop
  endfacet
  facet normal 0.953648 0.300926 0
    outer loop
      vertex 16.2465 27.7028 9
      vertex 16.2045 27.8359 0
      vertex 16.2045 27.8359 9
    endloop
  endfacet
  facet normal 0.953648 0.300926 0
    outer loop
      vertex 16.2045 27.8359 0
      vertex 16.2465 27.7028 9
      vertex 16.2465 27.7028 0
    endloop
  endfacet
  facet normal 0.382478 -0.923964 0
    outer loop
      vertex 17.0738 29.7001 0
      vertex 17.2028 29.7535 9
      vertex 17.0738 29.7001 9
    endloop
  endfacet
  facet normal 0.382478 -0.923964 0
    outer loop
      vertex 17.2028 29.7535 9
      vertex 17.0738 29.7001 0
      vertex 17.2028 29.7535 0
    endloop
  endfacet
  facet normal 0.0436859 -0.999045 0
    outer loop
      vertex 17.6105 29.8439 0
      vertex 17.75 29.85 9
      vertex 17.6105 29.8439 9
    endloop
  endfacet
  facet normal 0.0436859 -0.999045 0
    outer loop
      vertex 17.75 29.85 9
      vertex 17.6105 29.8439 0
      vertex 17.75 29.85 0
    endloop
  endfacet
  facet normal -0.675627 0.737243 0
    outer loop
      vertex 18.8814 27.1186 0
      vertex 18.7785 27.0243 9
      vertex 18.8814 27.1186 9
    endloop
  endfacet
  facet normal -0.675627 0.737243 0
    outer loop
      vertex 18.7785 27.0243 9
      vertex 18.8814 27.1186 0
      vertex 18.7785 27.0243 0
    endloop
  endfacet
  facet normal -0.886853 0.462052 0
    outer loop
      vertex 19.1356 27.45 0
      vertex 19.2001 27.5738 9
      vertex 19.2001 27.5738 0
    endloop
  endfacet
  facet normal -0.886853 0.462052 0
    outer loop
      vertex 19.2001 27.5738 9
      vertex 19.1356 27.45 0
      vertex 19.1356 27.45 9
    endloop
  endfacet
  facet normal 0.953648 -0.300926 0
    outer loop
      vertex 16.2045 28.6641 9
      vertex 16.2465 28.7972 0
      vertex 16.2465 28.7972 9
    endloop
  endfacet
  facet normal 0.953648 -0.300926 0
    outer loop
      vertex 16.2465 28.7972 0
      vertex 16.2045 28.6641 9
      vertex 16.2045 28.6641 0
    endloop
  endfacet
  facet normal 0.537385 0.843337 -0
    outer loop
      vertex 16.95 26.8644 0
      vertex 16.8323 26.9394 9
      vertex 16.95 26.8644 9
    endloop
  endfacet
  facet normal 0.537385 0.843337 0
    outer loop
      vertex 16.8323 26.9394 9
      vertex 16.95 26.8644 0
      vertex 16.8323 26.9394 0
    endloop
  endfacet
  facet normal 0.382478 0.923964 -0
    outer loop
      vertex 17.2028 26.7465 0
      vertex 17.0738 26.7999 9
      vertex 17.2028 26.7465 9
    endloop
  endfacet
  facet normal 0.382478 0.923964 0
    outer loop
      vertex 17.0738 26.7999 9
      vertex 17.2028 26.7465 0
      vertex 17.0738 26.7999 0
    endloop
  endfacet
  facet normal -0.462052 0.886853 0
    outer loop
      vertex 18.55 26.8644 0
      vertex 18.4262 26.7999 9
      vertex 18.55 26.8644 9
    endloop
  endfacet
  facet normal -0.462052 0.886853 0
    outer loop
      vertex 18.4262 26.7999 9
      vertex 18.55 26.8644 0
      vertex 18.4262 26.7999 0
    endloop
  endfacet
  facet normal -0.923964 -0.382478 0
    outer loop
      vertex 19.2535 28.7972 0
      vertex 19.2001 28.9262 9
      vertex 19.2001 28.9262 0
    endloop
  endfacet
  facet normal -0.923964 -0.382478 0
    outer loop
      vertex 19.2001 28.9262 9
      vertex 19.2535 28.7972 0
      vertex 19.2535 28.7972 9
    endloop
  endfacet
  facet normal -0.843337 0.537385 0
    outer loop
      vertex 19.0606 27.3323 0
      vertex 19.1356 27.45 9
      vertex 19.1356 27.45 0
    endloop
  endfacet
  facet normal -0.843337 0.537385 0
    outer loop
      vertex 19.1356 27.45 9
      vertex 19.0606 27.3323 0
      vertex 19.0606 27.3323 9
    endloop
  endfacet
  facet normal 0.737243 0.675627 0
    outer loop
      vertex 16.6186 27.1186 9
      vertex 16.5243 27.2215 0
      vertex 16.5243 27.2215 9
    endloop
  endfacet
  facet normal 0.737243 0.675627 0
    outer loop
      vertex 16.5243 27.2215 0
      vertex 16.6186 27.1186 9
      vertex 16.6186 27.1186 0
    endloop
  endfacet
  facet normal -0.953648 0.300926 0
    outer loop
      vertex 19.2535 27.7028 0
      vertex 19.2955 27.8359 9
      vertex 19.2955 27.8359 0
    endloop
  endfacet
  facet normal -0.953648 0.300926 0
    outer loop
      vertex 19.2955 27.8359 9
      vertex 19.2535 27.7028 0
      vertex 19.2535 27.7028 9
    endloop
  endfacet
  facet normal -0.953648 -0.300926 0
    outer loop
      vertex 19.2955 28.6641 0
      vertex 19.2535 28.7972 9
      vertex 19.2535 28.7972 0
    endloop
  endfacet
  facet normal -0.953648 -0.300926 0
    outer loop
      vertex 19.2535 28.7972 9
      vertex 19.2955 28.6641 0
      vertex 19.2955 28.6641 9
    endloop
  endfacet
  facet normal -0.991452 0.130473 0
    outer loop
      vertex 19.3257 27.9722 0
      vertex 19.3439 28.1105 9
      vertex 19.3439 28.1105 0
    endloop
  endfacet
  facet normal -0.991452 0.130473 0
    outer loop
      vertex 19.3439 28.1105 9
      vertex 19.3257 27.9722 0
      vertex 19.3257 27.9722 9
    endloop
  endfacet
  facet normal -0.999045 0.0436859 0
    outer loop
      vertex 19.3439 28.1105 0
      vertex 19.35 28.25 9
      vertex 19.35 28.25 0
    endloop
  endfacet
  facet normal -0.999045 0.0436859 0
    outer loop
      vertex 19.35 28.25 9
      vertex 19.3439 28.1105 0
      vertex 19.3439 28.1105 9
    endloop
  endfacet
  facet normal -0.886853 -0.462052 0
    outer loop
      vertex 19.2001 28.9262 0
      vertex 19.1356 29.05 9
      vertex 19.1356 29.05 0
    endloop
  endfacet
  facet normal -0.886853 -0.462052 0
    outer loop
      vertex 19.1356 29.05 9
      vertex 19.2001 28.9262 0
      vertex 19.2001 28.9262 9
    endloop
  endfacet
  facet normal -0.923964 0.382478 0
    outer loop
      vertex 19.2001 27.5738 0
      vertex 19.2535 27.7028 9
      vertex 19.2535 27.7028 0
    endloop
  endfacet
  facet normal -0.923964 0.382478 0
    outer loop
      vertex 19.2535 27.7028 9
      vertex 19.2001 27.5738 0
      vertex 19.2001 27.5738 9
    endloop
  endfacet
  facet normal -0.130473 0.991452 0
    outer loop
      vertex 18.0278 26.6743 0
      vertex 17.8895 26.6561 9
      vertex 18.0278 26.6743 9
    endloop
  endfacet
  facet normal -0.130473 0.991452 0
    outer loop
      vertex 17.8895 26.6561 9
      vertex 18.0278 26.6743 0
      vertex 17.8895 26.6561 0
    endloop
  endfacet
  facet normal -0.608221 -0.793768 0
    outer loop
      vertex 18.6677 29.5606 0
      vertex 18.7785 29.4757 9
      vertex 18.6677 29.5606 9
    endloop
  endfacet
  facet normal -0.608221 -0.793768 -0
    outer loop
      vertex 18.7785 29.4757 9
      vertex 18.6677 29.5606 0
      vertex 18.7785 29.4757 0
    endloop
  endfacet
  facet normal 0.0436859 0.999045 -0
    outer loop
      vertex 17.75 26.65 0
      vertex 17.6105 26.6561 9
      vertex 17.75 26.65 9
    endloop
  endfacet
  facet normal 0.0436859 0.999045 0
    outer loop
      vertex 17.6105 26.6561 9
      vertex 17.75 26.65 0
      vertex 17.6105 26.6561 0
    endloop
  endfacet
  facet normal 0.462052 -0.886853 0
    outer loop
      vertex 16.95 29.6356 0
      vertex 17.0738 29.7001 9
      vertex 16.95 29.6356 9
    endloop
  endfacet
  facet normal 0.462052 -0.886853 0
    outer loop
      vertex 17.0738 29.7001 9
      vertex 16.95 29.6356 0
      vertex 17.0738 29.7001 0
    endloop
  endfacet
  facet normal -0.382478 -0.923964 0
    outer loop
      vertex 18.2972 29.7535 0
      vertex 18.4262 29.7001 9
      vertex 18.2972 29.7535 9
    endloop
  endfacet
  facet normal -0.382478 -0.923964 -0
    outer loop
      vertex 18.4262 29.7001 9
      vertex 18.2972 29.7535 0
      vertex 18.4262 29.7001 0
    endloop
  endfacet
  facet normal -0.0436859 0.999045 0
    outer loop
      vertex 17.8895 26.6561 0
      vertex 17.75 26.65 9
      vertex 17.8895 26.6561 9
    endloop
  endfacet
  facet normal -0.0436859 0.999045 0
    outer loop
      vertex 17.75 26.65 9
      vertex 17.8895 26.6561 0
      vertex 17.75 26.65 0
    endloop
  endfacet
  facet normal 0.886853 0.462052 0
    outer loop
      vertex 16.3644 27.45 9
      vertex 16.2999 27.5738 0
      vertex 16.2999 27.5738 9
    endloop
  endfacet
  facet normal 0.886853 0.462052 0
    outer loop
      vertex 16.2999 27.5738 0
      vertex 16.3644 27.45 9
      vertex 16.3644 27.45 0
    endloop
  endfacet
  facet normal 0.737243 -0.675627 0
    outer loop
      vertex 16.5243 29.2785 9
      vertex 16.6186 29.3814 0
      vertex 16.6186 29.3814 9
    endloop
  endfacet
  facet normal 0.737243 -0.675627 0
    outer loop
      vertex 16.6186 29.3814 0
      vertex 16.5243 29.2785 9
      vertex 16.5243 29.2785 0
    endloop
  endfacet
  facet normal 0.843337 0.537385 0
    outer loop
      vertex 16.4394 27.3323 9
      vertex 16.3644 27.45 0
      vertex 16.3644 27.45 9
    endloop
  endfacet
  facet normal 0.843337 0.537385 0
    outer loop
      vertex 16.3644 27.45 0
      vertex 16.4394 27.3323 9
      vertex 16.4394 27.3323 0
    endloop
  endfacet
  facet normal 0.793768 -0.608221 0
    outer loop
      vertex 16.4394 29.1677 9
      vertex 16.5243 29.2785 0
      vertex 16.5243 29.2785 9
    endloop
  endfacet
  facet normal 0.793768 -0.608221 0
    outer loop
      vertex 16.5243 29.2785 0
      vertex 16.4394 29.1677 9
      vertex 16.4394 29.1677 0
    endloop
  endfacet
  facet normal 0.999045 -0.0436859 0
    outer loop
      vertex 16.15 28.25 9
      vertex 16.1561 28.3895 0
      vertex 16.1561 28.3895 9
    endloop
  endfacet
  facet normal 0.999045 -0.0436859 0
    outer loop
      vertex 16.1561 28.3895 0
      vertex 16.15 28.25 9
      vertex 16.15 28.25 0
    endloop
  endfacet
  facet normal 0.886853 -0.462052 0
    outer loop
      vertex 16.2999 28.9262 9
      vertex 16.3644 29.05 0
      vertex 16.3644 29.05 9
    endloop
  endfacet
  facet normal 0.886853 -0.462052 0
    outer loop
      vertex 16.3644 29.05 0
      vertex 16.2999 28.9262 9
      vertex 16.2999 28.9262 0
    endloop
  endfacet
  facet normal 0.675627 0.737243 -0
    outer loop
      vertex 16.7215 27.0243 0
      vertex 16.6186 27.1186 9
      vertex 16.7215 27.0243 9
    endloop
  endfacet
  facet normal 0.675627 0.737243 0
    outer loop
      vertex 16.6186 27.1186 9
      vertex 16.7215 27.0243 0
      vertex 16.6186 27.1186 0
    endloop
  endfacet
  facet normal 0.976322 0.216324 0
    outer loop
      vertex 16.2045 27.8359 9
      vertex 16.1743 27.9722 0
      vertex 16.1743 27.9722 9
    endloop
  endfacet
  facet normal 0.976322 0.216324 0
    outer loop
      vertex 16.1743 27.9722 0
      vertex 16.2045 27.8359 9
      vertex 16.2045 27.8359 0
    endloop
  endfacet
  facet normal 0.991452 0.130473 0
    outer loop
      vertex 16.1743 27.9722 9
      vertex 16.1561 28.1105 0
      vertex 16.1561 28.1105 9
    endloop
  endfacet
  facet normal 0.991452 0.130473 0
    outer loop
      vertex 16.1561 28.1105 0
      vertex 16.1743 27.9722 9
      vertex 16.1743 27.9722 0
    endloop
  endfacet
  facet normal -0.737243 -0.675627 0
    outer loop
      vertex 18.9757 29.2785 0
      vertex 18.8814 29.3814 9
      vertex 18.8814 29.3814 0
    endloop
  endfacet
  facet normal -0.737243 -0.675627 0
    outer loop
      vertex 18.8814 29.3814 9
      vertex 18.9757 29.2785 0
      vertex 18.9757 29.2785 9
    endloop
  endfacet
  facet normal 0.999045 0.0436859 0
    outer loop
      vertex 16.1561 28.1105 9
      vertex 16.15 28.25 0
      vertex 16.15 28.25 9
    endloop
  endfacet
  facet normal 0.999045 0.0436859 0
    outer loop
      vertex 16.15 28.25 0
      vertex 16.1561 28.1105 9
      vertex 16.1561 28.1105 0
    endloop
  endfacet
  facet normal -0.462052 -0.886853 0
    outer loop
      vertex 18.4262 29.7001 0
      vertex 18.55 29.6356 9
      vertex 18.4262 29.7001 9
    endloop
  endfacet
  facet normal -0.462052 -0.886853 -0
    outer loop
      vertex 18.55 29.6356 9
      vertex 18.4262 29.7001 0
      vertex 18.55 29.6356 0
    endloop
  endfacet
  facet normal -0.537385 0.843337 0
    outer loop
      vertex 18.6677 26.9394 0
      vertex 18.55 26.8644 9
      vertex 18.6677 26.9394 9
    endloop
  endfacet
  facet normal -0.537385 0.843337 0
    outer loop
      vertex 18.55 26.8644 9
      vertex 18.6677 26.9394 0
      vertex 18.55 26.8644 0
    endloop
  endfacet
  facet normal 0.608221 0.793768 -0
    outer loop
      vertex 16.8323 26.9394 0
      vertex 16.7215 27.0243 9
      vertex 16.8323 26.9394 9
    endloop
  endfacet
  facet normal 0.608221 0.793768 0
    outer loop
      vertex 16.7215 27.0243 9
      vertex 16.8323 26.9394 0
      vertex 16.7215 27.0243 0
    endloop
  endfacet
  facet normal 0.991452 -0.130473 0
    outer loop
      vertex 16.1561 28.3895 9
      vertex 16.1743 28.5278 0
      vertex 16.1743 28.5278 9
    endloop
  endfacet
  facet normal 0.991452 -0.130473 0
    outer loop
      vertex 16.1743 28.5278 0
      vertex 16.1561 28.3895 9
      vertex 16.1561 28.3895 0
    endloop
  endfacet
  facet normal 0.216324 0.976322 -0
    outer loop
      vertex 17.4722 26.6743 0
      vertex 17.3359 26.7045 9
      vertex 17.4722 26.6743 9
    endloop
  endfacet
  facet normal 0.216324 0.976322 0
    outer loop
      vertex 17.3359 26.7045 9
      vertex 17.4722 26.6743 0
      vertex 17.3359 26.7045 0
    endloop
  endfacet
  facet normal 0.130473 0.991452 -0
    outer loop
      vertex 17.6105 26.6561 0
      vertex 17.4722 26.6743 9
      vertex 17.6105 26.6561 9
    endloop
  endfacet
  facet normal 0.130473 0.991452 0
    outer loop
      vertex 17.4722 26.6743 9
      vertex 17.6105 26.6561 0
      vertex 17.4722 26.6743 0
    endloop
  endfacet
  facet normal 0.608221 -0.793768 0
    outer loop
      vertex 16.7215 29.4757 0
      vertex 16.8323 29.5606 9
      vertex 16.7215 29.4757 9
    endloop
  endfacet
  facet normal 0.608221 -0.793768 0
    outer loop
      vertex 16.8323 29.5606 9
      vertex 16.7215 29.4757 0
      vertex 16.8323 29.5606 0
    endloop
  endfacet
  facet normal -0.737243 0.675627 0
    outer loop
      vertex 18.8814 27.1186 0
      vertex 18.9757 27.2215 9
      vertex 18.9757 27.2215 0
    endloop
  endfacet
  facet normal -0.737243 0.675627 0
    outer loop
      vertex 18.9757 27.2215 9
      vertex 18.8814 27.1186 0
      vertex 18.8814 27.1186 9
    endloop
  endfacet
  facet normal 0.675627 -0.737243 0
    outer loop
      vertex 16.6186 29.3814 0
      vertex 16.7215 29.4757 9
      vertex 16.6186 29.3814 9
    endloop
  endfacet
  facet normal 0.675627 -0.737243 0
    outer loop
      vertex 16.7215 29.4757 9
      vertex 16.6186 29.3814 0
      vertex 16.7215 29.4757 0
    endloop
  endfacet
  facet normal 0.462052 0.886853 -0
    outer loop
      vertex 17.0738 26.7999 0
      vertex 16.95 26.8644 9
      vertex 17.0738 26.7999 9
    endloop
  endfacet
  facet normal 0.462052 0.886853 0
    outer loop
      vertex 16.95 26.8644 9
      vertex 17.0738 26.7999 0
      vertex 16.95 26.8644 0
    endloop
  endfacet
  facet normal -0.608221 0.793768 0
    outer loop
      vertex 18.7785 27.0243 0
      vertex 18.6677 26.9394 9
      vertex 18.7785 27.0243 9
    endloop
  endfacet
  facet normal -0.608221 0.793768 0
    outer loop
      vertex 18.6677 26.9394 9
      vertex 18.7785 27.0243 0
      vertex 18.6677 26.9394 0
    endloop
  endfacet
  facet normal 0.300926 0.953648 -0
    outer loop
      vertex 17.3359 26.7045 0
      vertex 17.2028 26.7465 9
      vertex 17.3359 26.7045 9
    endloop
  endfacet
  facet normal 0.300926 0.953648 0
    outer loop
      vertex 17.2028 26.7465 9
      vertex 17.3359 26.7045 0
      vertex 17.2028 26.7465 0
    endloop
  endfacet
  facet normal -0.991719 -0.128424 0
    outer loop
      vertex 192.344 112.889 0
      vertex 192.326 113.028 9
      vertex 192.326 113.028 0
    endloop
  endfacet
  facet normal -0.991719 -0.128424 0
    outer loop
      vertex 192.326 113.028 9
      vertex 192.344 112.889 0
      vertex 192.344 112.889 9
    endloop
  endfacet
  facet normal -0.99907 -0.0431253 0
    outer loop
      vertex 192.35 112.75 0
      vertex 192.344 112.889 9
      vertex 192.344 112.889 0
    endloop
  endfacet
  facet normal -0.99907 -0.0431253 0
    outer loop
      vertex 192.344 112.889 9
      vertex 192.35 112.75 0
      vertex 192.35 112.75 9
    endloop
  endfacet
  facet normal -0.974992 -0.222241 0
    outer loop
      vertex 192.326 113.028 0
      vertex 192.295 113.164 9
      vertex 192.295 113.164 0
    endloop
  endfacet
  facet normal -0.974992 -0.222241 0
    outer loop
      vertex 192.295 113.164 9
      vertex 192.326 113.028 0
      vertex 192.326 113.028 9
    endloop
  endfacet
  facet normal 0.974992 -0.222241 0
    outer loop
      vertex 189.174 113.028 9
      vertex 189.205 113.164 0
      vertex 189.205 113.164 9
    endloop
  endfacet
  facet normal 0.974992 -0.222241 0
    outer loop
      vertex 189.205 113.164 0
      vertex 189.174 113.028 9
      vertex 189.174 113.028 0
    endloop
  endfacet
  facet normal -0.791285 0.611448 0
    outer loop
      vertex 191.976 111.722 0
      vertex 192.061 111.832 9
      vertex 192.061 111.832 0
    endloop
  endfacet
  facet normal -0.791285 0.611448 0
    outer loop
      vertex 192.061 111.832 9
      vertex 191.976 111.722 0
      vertex 191.976 111.722 9
    endloop
  endfacet
  facet normal -0.791285 -0.611448 0
    outer loop
      vertex 192.061 113.668 0
      vertex 191.976 113.778 9
      vertex 191.976 113.778 0
    endloop
  endfacet
  facet normal -0.791285 -0.611448 0
    outer loop
      vertex 191.976 113.778 9
      vertex 192.061 113.668 0
      vertex 192.061 113.668 9
    endloop
  endfacet
  facet normal -0.536413 -0.843956 0
    outer loop
      vertex 191.55 114.136 0
      vertex 191.668 114.061 9
      vertex 191.55 114.136 9
    endloop
  endfacet
  facet normal -0.536413 -0.843956 -0
    outer loop
      vertex 191.668 114.061 9
      vertex 191.55 114.136 0
      vertex 191.668 114.061 0
    endloop
  endfacet
  facet normal -0.294591 0.955624 0
    outer loop
      vertex 191.297 111.246 0
      vertex 191.164 111.205 9
      vertex 191.297 111.246 9
    endloop
  endfacet
  facet normal -0.294591 0.955624 0
    outer loop
      vertex 191.164 111.205 9
      vertex 191.297 111.246 0
      vertex 191.164 111.205 0
    endloop
  endfacet
  facet normal -0.974992 0.222241 0
    outer loop
      vertex 192.295 112.336 0
      vertex 192.326 112.472 9
      vertex 192.326 112.472 0
    endloop
  endfacet
  facet normal -0.974992 0.222241 0
    outer loop
      vertex 192.326 112.472 9
      vertex 192.295 112.336 0
      vertex 192.295 112.336 9
    endloop
  endfacet
  facet normal 0.922441 -0.386138 0
    outer loop
      vertex 189.246 113.297 9
      vertex 189.3 113.426 0
      vertex 189.3 113.426 9
    endloop
  endfacet
  facet normal 0.922441 -0.386138 0
    outer loop
      vertex 189.3 113.426 0
      vertex 189.246 113.297 9
      vertex 189.246 113.297 0
    endloop
  endfacet
  facet normal 0.922441 0.386138 0
    outer loop
      vertex 189.3 112.074 9
      vertex 189.246 112.203 0
      vertex 189.246 112.203 9
    endloop
  endfacet
  facet normal 0.922441 0.386138 0
    outer loop
      vertex 189.246 112.203 0
      vertex 189.3 112.074 9
      vertex 189.3 112.074 0
    endloop
  endfacet
  facet normal 0.222241 -0.974992 0
    outer loop
      vertex 190.336 114.295 0
      vertex 190.472 114.326 9
      vertex 190.336 114.295 9
    endloop
  endfacet
  facet normal 0.222241 -0.974992 0
    outer loop
      vertex 190.472 114.326 9
      vertex 190.336 114.295 0
      vertex 190.472 114.326 0
    endloop
  endfacet
  facet normal -0.294591 -0.955624 0
    outer loop
      vertex 191.164 114.295 0
      vertex 191.297 114.254 9
      vertex 191.164 114.295 9
    endloop
  endfacet
  facet normal -0.294591 -0.955624 -0
    outer loop
      vertex 191.297 114.254 9
      vertex 191.164 114.295 0
      vertex 191.297 114.254 0
    endloop
  endfacet
  facet normal -0.128424 -0.991719 0
    outer loop
      vertex 190.889 114.344 0
      vertex 191.028 114.326 9
      vertex 190.889 114.344 9
    endloop
  endfacet
  facet normal -0.128424 -0.991719 -0
    outer loop
      vertex 191.028 114.326 9
      vertex 190.889 114.344 0
      vertex 191.028 114.326 0
    endloop
  endfacet
  facet normal 0.536413 -0.843956 0
    outer loop
      vertex 189.832 114.061 0
      vertex 189.95 114.136 9
      vertex 189.832 114.061 9
    endloop
  endfacet
  facet normal 0.536413 -0.843956 0
    outer loop
      vertex 189.95 114.136 9
      vertex 189.832 114.061 0
      vertex 189.95 114.136 0
    endloop
  endfacet
  facet normal 0.843956 -0.536413 0
    outer loop
      vertex 189.364 113.55 9
      vertex 189.439 113.668 0
      vertex 189.439 113.668 9
    endloop
  endfacet
  facet normal 0.843956 -0.536413 0
    outer loop
      vertex 189.439 113.668 0
      vertex 189.364 113.55 9
      vertex 189.364 113.55 0
    endloop
  endfacet
  facet normal 0.791285 0.611448 0
    outer loop
      vertex 189.524 111.722 9
      vertex 189.439 111.832 0
      vertex 189.439 111.832 9
    endloop
  endfacet
  facet normal 0.791285 0.611448 0
    outer loop
      vertex 189.439 111.832 0
      vertex 189.524 111.722 9
      vertex 189.524 111.722 0
    endloop
  endfacet
  facet normal 0.294591 -0.955624 0
    outer loop
      vertex 190.203 114.254 0
      vertex 190.336 114.295 9
      vertex 190.203 114.254 9
    endloop
  endfacet
  facet normal 0.294591 -0.955624 0
    outer loop
      vertex 190.336 114.295 9
      vertex 190.203 114.254 0
      vertex 190.336 114.295 0
    endloop
  endfacet
  facet normal -0.677984 -0.735077 0
    outer loop
      vertex 191.778 113.976 0
      vertex 191.881 113.881 9
      vertex 191.778 113.976 9
    endloop
  endfacet
  facet normal -0.677984 -0.735077 -0
    outer loop
      vertex 191.881 113.881 9
      vertex 191.778 113.976 0
      vertex 191.881 113.881 0
    endloop
  endfacet
  facet normal -0.386138 0.922441 0
    outer loop
      vertex 191.426 111.3 0
      vertex 191.297 111.246 9
      vertex 191.426 111.3 9
    endloop
  endfacet
  facet normal -0.386138 0.922441 0
    outer loop
      vertex 191.297 111.246 9
      vertex 191.426 111.3 0
      vertex 191.297 111.246 0
    endloop
  endfacet
  facet normal -0.0431253 -0.99907 0
    outer loop
      vertex 190.75 114.35 0
      vertex 190.889 114.344 9
      vertex 190.75 114.35 9
    endloop
  endfacet
  facet normal -0.0431253 -0.99907 -0
    outer loop
      vertex 190.889 114.344 9
      vertex 190.75 114.35 0
      vertex 190.889 114.344 0
    endloop
  endfacet
  facet normal -0.222241 0.974992 0
    outer loop
      vertex 191.164 111.205 0
      vertex 191.028 111.174 9
      vertex 191.164 111.205 9
    endloop
  endfacet
  facet normal -0.222241 0.974992 0
    outer loop
      vertex 191.028 111.174 9
      vertex 191.164 111.205 0
      vertex 191.028 111.174 0
    endloop
  endfacet
  facet normal -0.843956 -0.536413 0
    outer loop
      vertex 192.136 113.55 0
      vertex 192.061 113.668 9
      vertex 192.061 113.668 0
    endloop
  endfacet
  facet normal -0.843956 -0.536413 0
    outer loop
      vertex 192.061 113.668 9
      vertex 192.136 113.55 0
      vertex 192.136 113.55 9
    endloop
  endfacet
  facet normal 0.128424 -0.991719 0
    outer loop
      vertex 190.472 114.326 0
      vertex 190.611 114.344 9
      vertex 190.472 114.326 9
    endloop
  endfacet
  facet normal 0.128424 -0.991719 0
    outer loop
      vertex 190.611 114.344 9
      vertex 190.472 114.326 0
      vertex 190.611 114.344 0
    endloop
  endfacet
  facet normal -0.222241 -0.974992 0
    outer loop
      vertex 191.028 114.326 0
      vertex 191.164 114.295 9
      vertex 191.028 114.326 9
    endloop
  endfacet
  facet normal -0.222241 -0.974992 -0
    outer loop
      vertex 191.164 114.295 9
      vertex 191.028 114.326 0
      vertex 191.164 114.295 0
    endloop
  endfacet
  facet normal 0.955624 0.294591 0
    outer loop
      vertex 189.246 112.203 9
      vertex 189.205 112.336 0
      vertex 189.205 112.336 9
    endloop
  endfacet
  facet normal 0.955624 0.294591 0
    outer loop
      vertex 189.205 112.336 0
      vertex 189.246 112.203 9
      vertex 189.246 112.203 0
    endloop
  endfacet
  facet normal 0.386138 -0.922441 0
    outer loop
      vertex 190.074 114.2 0
      vertex 190.203 114.254 9
      vertex 190.074 114.2 9
    endloop
  endfacet
  facet normal 0.386138 -0.922441 0
    outer loop
      vertex 190.203 114.254 9
      vertex 190.074 114.2 0
      vertex 190.203 114.254 0
    endloop
  endfacet
  facet normal 0.0431253 -0.99907 0
    outer loop
      vertex 190.611 114.344 0
      vertex 190.75 114.35 9
      vertex 190.611 114.344 9
    endloop
  endfacet
  facet normal 0.0431253 -0.99907 0
    outer loop
      vertex 190.75 114.35 9
      vertex 190.611 114.344 0
      vertex 190.75 114.35 0
    endloop
  endfacet
  facet normal -0.677984 0.735077 0
    outer loop
      vertex 191.881 111.619 0
      vertex 191.778 111.524 9
      vertex 191.881 111.619 9
    endloop
  endfacet
  facet normal -0.677984 0.735077 0
    outer loop
      vertex 191.778 111.524 9
      vertex 191.881 111.619 0
      vertex 191.778 111.524 0
    endloop
  endfacet
  facet normal -0.888621 0.458643 0
    outer loop
      vertex 192.136 111.95 0
      vertex 192.2 112.074 9
      vertex 192.2 112.074 0
    endloop
  endfacet
  facet normal -0.888621 0.458643 0
    outer loop
      vertex 192.2 112.074 9
      vertex 192.136 111.95 0
      vertex 192.136 111.95 9
    endloop
  endfacet
  facet normal 0.536413 0.843956 -0
    outer loop
      vertex 189.95 111.364 0
      vertex 189.832 111.439 9
      vertex 189.95 111.364 9
    endloop
  endfacet
  facet normal 0.536413 0.843956 0
    outer loop
      vertex 189.832 111.439 9
      vertex 189.95 111.364 0
      vertex 189.832 111.439 0
    endloop
  endfacet
  facet normal 0.386138 0.922441 -0
    outer loop
      vertex 190.203 111.246 0
      vertex 190.074 111.3 9
      vertex 190.203 111.246 9
    endloop
  endfacet
  facet normal 0.386138 0.922441 0
    outer loop
      vertex 190.074 111.3 9
      vertex 190.203 111.246 0
      vertex 190.074 111.3 0
    endloop
  endfacet
  facet normal -0.458643 0.888621 0
    outer loop
      vertex 191.55 111.364 0
      vertex 191.426 111.3 9
      vertex 191.55 111.364 9
    endloop
  endfacet
  facet normal -0.458643 0.888621 0
    outer loop
      vertex 191.426 111.3 9
      vertex 191.55 111.364 0
      vertex 191.426 111.3 0
    endloop
  endfacet
  facet normal -0.922441 -0.386138 0
    outer loop
      vertex 192.254 113.297 0
      vertex 192.2 113.426 9
      vertex 192.2 113.426 0
    endloop
  endfacet
  facet normal -0.922441 -0.386138 0
    outer loop
      vertex 192.2 113.426 9
      vertex 192.254 113.297 0
      vertex 192.254 113.297 9
    endloop
  endfacet
  facet normal -0.843956 0.536413 0
    outer loop
      vertex 192.061 111.832 0
      vertex 192.136 111.95 9
      vertex 192.136 111.95 0
    endloop
  endfacet
  facet normal -0.843956 0.536413 0
    outer loop
      vertex 192.136 111.95 9
      vertex 192.061 111.832 0
      vertex 192.061 111.832 9
    endloop
  endfacet
  facet normal 0.735077 0.677984 0
    outer loop
      vertex 189.619 111.619 9
      vertex 189.524 111.722 0
      vertex 189.524 111.722 9
    endloop
  endfacet
  facet normal 0.735077 0.677984 0
    outer loop
      vertex 189.524 111.722 0
      vertex 189.619 111.619 9
      vertex 189.619 111.619 0
    endloop
  endfacet
  facet normal -0.955624 0.294591 0
    outer loop
      vertex 192.254 112.203 0
      vertex 192.295 112.336 9
      vertex 192.295 112.336 0
    endloop
  endfacet
  facet normal -0.955624 0.294591 0
    outer loop
      vertex 192.295 112.336 9
      vertex 192.254 112.203 0
      vertex 192.254 112.203 9
    endloop
  endfacet
  facet normal -0.955624 -0.294591 0
    outer loop
      vertex 192.295 113.164 0
      vertex 192.254 113.297 9
      vertex 192.254 113.297 0
    endloop
  endfacet
  facet normal -0.955624 -0.294591 0
    outer loop
      vertex 192.254 113.297 9
      vertex 192.295 113.164 0
      vertex 192.295 113.164 9
    endloop
  endfacet
  facet normal -0.991719 0.128424 0
    outer loop
      vertex 192.326 112.472 0
      vertex 192.344 112.611 9
      vertex 192.344 112.611 0
    endloop
  endfacet
  facet normal -0.991719 0.128424 0
    outer loop
      vertex 192.344 112.611 9
      vertex 192.326 112.472 0
      vertex 192.326 112.472 9
    endloop
  endfacet
  facet normal -0.99907 0.0431253 0
    outer loop
      vertex 192.344 112.611 0
      vertex 192.35 112.75 9
      vertex 192.35 112.75 0
    endloop
  endfacet
  facet normal -0.99907 0.0431253 0
    outer loop
      vertex 192.35 112.75 9
      vertex 192.344 112.611 0
      vertex 192.344 112.611 9
    endloop
  endfacet
  facet normal -0.888621 -0.458643 0
    outer loop
      vertex 192.2 113.426 0
      vertex 192.136 113.55 9
      vertex 192.136 113.55 0
    endloop
  endfacet
  facet normal -0.888621 -0.458643 0
    outer loop
      vertex 192.136 113.55 9
      vertex 192.2 113.426 0
      vertex 192.2 113.426 9
    endloop
  endfacet
  facet normal -0.922441 0.386138 0
    outer loop
      vertex 192.2 112.074 0
      vertex 192.254 112.203 9
      vertex 192.254 112.203 0
    endloop
  endfacet
  facet normal -0.922441 0.386138 0
    outer loop
      vertex 192.254 112.203 9
      vertex 192.2 112.074 0
      vertex 192.2 112.074 9
    endloop
  endfacet
  facet normal -0.128424 0.991719 0
    outer loop
      vertex 191.028 111.174 0
      vertex 190.889 111.156 9
      vertex 191.028 111.174 9
    endloop
  endfacet
  facet normal -0.128424 0.991719 0
    outer loop
      vertex 190.889 111.156 9
      vertex 191.028 111.174 0
      vertex 190.889 111.156 0
    endloop
  endfacet
  facet normal -0.611448 -0.791285 0
    outer loop
      vertex 191.668 114.061 0
      vertex 191.778 113.976 9
      vertex 191.668 114.061 9
    endloop
  endfacet
  facet normal -0.611448 -0.791285 -0
    outer loop
      vertex 191.778 113.976 9
      vertex 191.668 114.061 0
      vertex 191.778 113.976 0
    endloop
  endfacet
  facet normal 0.0431253 0.99907 -0
    outer loop
      vertex 190.75 111.15 0
      vertex 190.611 111.156 9
      vertex 190.75 111.15 9
    endloop
  endfacet
  facet normal 0.0431253 0.99907 0
    outer loop
      vertex 190.611 111.156 9
      vertex 190.75 111.15 0
      vertex 190.611 111.156 0
    endloop
  endfacet
  facet normal 0.458643 -0.888621 0
    outer loop
      vertex 189.95 114.136 0
      vertex 190.074 114.2 9
      vertex 189.95 114.136 9
    endloop
  endfacet
  facet normal 0.458643 -0.888621 0
    outer loop
      vertex 190.074 114.2 9
      vertex 189.95 114.136 0
      vertex 190.074 114.2 0
    endloop
  endfacet
  facet normal -0.386138 -0.922441 0
    outer loop
      vertex 191.297 114.254 0
      vertex 191.426 114.2 9
      vertex 191.297 114.254 9
    endloop
  endfacet
  facet normal -0.386138 -0.922441 -0
    outer loop
      vertex 191.426 114.2 9
      vertex 191.297 114.254 0
      vertex 191.426 114.2 0
    endloop
  endfacet
  facet normal -0.0431253 0.99907 0
    outer loop
      vertex 190.889 111.156 0
      vertex 190.75 111.15 9
      vertex 190.889 111.156 9
    endloop
  endfacet
  facet normal -0.0431253 0.99907 0
    outer loop
      vertex 190.75 111.15 9
      vertex 190.889 111.156 0
      vertex 190.75 111.15 0
    endloop
  endfacet
  facet normal 0.888621 0.458643 0
    outer loop
      vertex 189.364 111.95 9
      vertex 189.3 112.074 0
      vertex 189.3 112.074 9
    endloop
  endfacet
  facet normal 0.888621 0.458643 0
    outer loop
      vertex 189.3 112.074 0
      vertex 189.364 111.95 9
      vertex 189.364 111.95 0
    endloop
  endfacet
  facet normal 0.735077 -0.677984 0
    outer loop
      vertex 189.524 113.778 9
      vertex 189.619 113.881 0
      vertex 189.619 113.881 9
    endloop
  endfacet
  facet normal 0.735077 -0.677984 0
    outer loop
      vertex 189.619 113.881 0
      vertex 189.524 113.778 9
      vertex 189.524 113.778 0
    endloop
  endfacet
  facet normal 0.843956 0.536413 0
    outer loop
      vertex 189.439 111.832 9
      vertex 189.364 111.95 0
      vertex 189.364 111.95 9
    endloop
  endfacet
  facet normal 0.843956 0.536413 0
    outer loop
      vertex 189.364 111.95 0
      vertex 189.439 111.832 9
      vertex 189.439 111.832 0
    endloop
  endfacet
  facet normal 0.791285 -0.611448 0
    outer loop
      vertex 189.439 113.668 9
      vertex 189.524 113.778 0
      vertex 189.524 113.778 9
    endloop
  endfacet
  facet normal 0.791285 -0.611448 0
    outer loop
      vertex 189.524 113.778 0
      vertex 189.439 113.668 9
      vertex 189.439 113.668 0
    endloop
  endfacet
  facet normal 0.99907 -0.0431253 0
    outer loop
      vertex 189.15 112.75 9
      vertex 189.156 112.889 0
      vertex 189.156 112.889 9
    endloop
  endfacet
  facet normal 0.99907 -0.0431253 0
    outer loop
      vertex 189.156 112.889 0
      vertex 189.15 112.75 9
      vertex 189.15 112.75 0
    endloop
  endfacet
  facet normal 0.888621 -0.458643 0
    outer loop
      vertex 189.3 113.426 9
      vertex 189.364 113.55 0
      vertex 189.364 113.55 9
    endloop
  endfacet
  facet normal 0.888621 -0.458643 0
    outer loop
      vertex 189.364 113.55 0
      vertex 189.3 113.426 9
      vertex 189.3 113.426 0
    endloop
  endfacet
  facet normal 0.677984 0.735077 -0
    outer loop
      vertex 189.722 111.524 0
      vertex 189.619 111.619 9
      vertex 189.722 111.524 9
    endloop
  endfacet
  facet normal 0.677984 0.735077 0
    outer loop
      vertex 189.619 111.619 9
      vertex 189.722 111.524 0
      vertex 189.619 111.619 0
    endloop
  endfacet
  facet normal 0.955624 -0.294591 0
    outer loop
      vertex 189.205 113.164 9
      vertex 189.246 113.297 0
      vertex 189.246 113.297 9
    endloop
  endfacet
  facet normal 0.955624 -0.294591 0
    outer loop
      vertex 189.246 113.297 0
      vertex 189.205 113.164 9
      vertex 189.205 113.164 0
    endloop
  endfacet
  facet normal 0.974992 0.222241 0
    outer loop
      vertex 189.205 112.336 9
      vertex 189.174 112.472 0
      vertex 189.174 112.472 9
    endloop
  endfacet
  facet normal 0.974992 0.222241 0
    outer loop
      vertex 189.174 112.472 0
      vertex 189.205 112.336 9
      vertex 189.205 112.336 0
    endloop
  endfacet
  facet normal 0.991719 0.128424 0
    outer loop
      vertex 189.174 112.472 9
      vertex 189.156 112.611 0
      vertex 189.156 112.611 9
    endloop
  endfacet
  facet normal 0.991719 0.128424 0
    outer loop
      vertex 189.156 112.611 0
      vertex 189.174 112.472 9
      vertex 189.174 112.472 0
    endloop
  endfacet
  facet normal -0.735077 -0.677984 0
    outer loop
      vertex 191.976 113.778 0
      vertex 191.881 113.881 9
      vertex 191.881 113.881 0
    endloop
  endfacet
  facet normal -0.735077 -0.677984 0
    outer loop
      vertex 191.881 113.881 9
      vertex 191.976 113.778 0
      vertex 191.976 113.778 9
    endloop
  endfacet
  facet normal 0.99907 0.0431253 0
    outer loop
      vertex 189.156 112.611 9
      vertex 189.15 112.75 0
      vertex 189.15 112.75 9
    endloop
  endfacet
  facet normal 0.99907 0.0431253 0
    outer loop
      vertex 189.15 112.75 0
      vertex 189.156 112.611 9
      vertex 189.156 112.611 0
    endloop
  endfacet
  facet normal -0.458643 -0.888621 0
    outer loop
      vertex 191.426 114.2 0
      vertex 191.55 114.136 9
      vertex 191.426 114.2 9
    endloop
  endfacet
  facet normal -0.458643 -0.888621 -0
    outer loop
      vertex 191.55 114.136 9
      vertex 191.426 114.2 0
      vertex 191.55 114.136 0
    endloop
  endfacet
  facet normal -0.536413 0.843956 0
    outer loop
      vertex 191.668 111.439 0
      vertex 191.55 111.364 9
      vertex 191.668 111.439 9
    endloop
  endfacet
  facet normal -0.536413 0.843956 0
    outer loop
      vertex 191.55 111.364 9
      vertex 191.668 111.439 0
      vertex 191.55 111.364 0
    endloop
  endfacet
  facet normal 0.611448 0.791285 -0
    outer loop
      vertex 189.832 111.439 0
      vertex 189.722 111.524 9
      vertex 189.832 111.439 9
    endloop
  endfacet
  facet normal 0.611448 0.791285 0
    outer loop
      vertex 189.722 111.524 9
      vertex 189.832 111.439 0
      vertex 189.722 111.524 0
    endloop
  endfacet
  facet normal 0.991719 -0.128424 0
    outer loop
      vertex 189.156 112.889 9
      vertex 189.174 113.028 0
      vertex 189.174 113.028 9
    endloop
  endfacet
  facet normal 0.991719 -0.128424 0
    outer loop
      vertex 189.174 113.028 0
      vertex 189.156 112.889 9
      vertex 189.156 112.889 0
    endloop
  endfacet
  facet normal 0.222241 0.974992 -0
    outer loop
      vertex 190.472 111.174 0
      vertex 190.336 111.205 9
      vertex 190.472 111.174 9
    endloop
  endfacet
  facet normal 0.222241 0.974992 0
    outer loop
      vertex 190.336 111.205 9
      vertex 190.472 111.174 0
      vertex 190.336 111.205 0
    endloop
  endfacet
  facet normal 0.128424 0.991719 -0
    outer loop
      vertex 190.611 111.156 0
      vertex 190.472 111.174 9
      vertex 190.611 111.156 9
    endloop
  endfacet
  facet normal 0.128424 0.991719 0
    outer loop
      vertex 190.472 111.174 9
      vertex 190.611 111.156 0
      vertex 190.472 111.174 0
    endloop
  endfacet
  facet normal 0.611448 -0.791285 0
    outer loop
      vertex 189.722 113.976 0
      vertex 189.832 114.061 9
      vertex 189.722 113.976 9
    endloop
  endfacet
  facet normal 0.611448 -0.791285 0
    outer loop
      vertex 189.832 114.061 9
      vertex 189.722 113.976 0
      vertex 189.832 114.061 0
    endloop
  endfacet
  facet normal -0.735077 0.677984 0
    outer loop
      vertex 191.881 111.619 0
      vertex 191.976 111.722 9
      vertex 191.976 111.722 0
    endloop
  endfacet
  facet normal -0.735077 0.677984 0
    outer loop
      vertex 191.976 111.722 9
      vertex 191.881 111.619 0
      vertex 191.881 111.619 9
    endloop
  endfacet
  facet normal 0.677984 -0.735077 0
    outer loop
      vertex 189.619 113.881 0
      vertex 189.722 113.976 9
      vertex 189.619 113.881 9
    endloop
  endfacet
  facet normal 0.677984 -0.735077 0
    outer loop
      vertex 189.722 113.976 9
      vertex 189.619 113.881 0
      vertex 189.722 113.976 0
    endloop
  endfacet
  facet normal 0.458643 0.888621 -0
    outer loop
      vertex 190.074 111.3 0
      vertex 189.95 111.364 9
      vertex 190.074 111.3 9
    endloop
  endfacet
  facet normal 0.458643 0.888621 0
    outer loop
      vertex 189.95 111.364 9
      vertex 190.074 111.3 0
      vertex 189.95 111.364 0
    endloop
  endfacet
  facet normal -0.611448 0.791285 0
    outer loop
      vertex 191.778 111.524 0
      vertex 191.668 111.439 9
      vertex 191.778 111.524 9
    endloop
  endfacet
  facet normal -0.611448 0.791285 0
    outer loop
      vertex 191.668 111.439 9
      vertex 191.778 111.524 0
      vertex 191.668 111.439 0
    endloop
  endfacet
  facet normal 0.294591 0.955624 -0
    outer loop
      vertex 190.336 111.205 0
      vertex 190.203 111.246 9
      vertex 190.336 111.205 9
    endloop
  endfacet
  facet normal 0.294591 0.955624 0
    outer loop
      vertex 190.203 111.246 9
      vertex 190.336 111.205 0
      vertex 190.203 111.246 0
    endloop
  endfacet
endsolid OpenSCAD_Model
